time_delta,mag_rolling_mean_10,mag_rolling_std_10,depth_normalized,latitude,longitude,mag
5.270126666666666,5.15,0.20138409955990974,-0.4178858791139594,34.1326,60.2681,5.5
0.9981147222222223,5.14,0.2065591117977291,-0.062092447362651675,9.5255,138.1431,5.0
3.4259133333333334,5.14,0.2065591117977291,-0.38561324017475346,55.5493,-151.4274,5.0
2.5086902777777778,5.16,0.24129281427805155,-0.4178858791139594,-5.7527,124.976,5.6
2.2733558333333335,5.18,0.23475755815545363,-0.4178858791139594,-9.6778,159.9214,5.2
2.317623888888889,5.18,0.23475755815545363,-0.4178858791139594,-12.8492,45.5572,5.0
2.3892333333333333,5.24,0.2836272984824356,-0.20935498135293618,35.8098,141.249,5.7
21.083611666666666,5.25,0.2915475947422653,0.5440373621293892,11.7392,-86.2862,5.5
15.823320833333334,5.26,0.2836272984824357,2.6382833782150943,-36.8551,176.9512,5.1
15.311144166666667,5.26,0.2836272984824357,-0.4178858791139594,-28.7361,-176.8545,5.0
3.556673611111111,5.2299999999999995,0.2710063549890382,0.573827490380964,22.8389,143.095,5.2
2.5075266666666667,5.32,0.32930904093942637,0.3467274126764592,16.4011,-94.489,5.9
14.300896944444444,5.34,0.3134042472944848,0.29111917327351966,6.1322,126.1063,5.2
6.507827777777778,5.34,0.3134042472944848,-0.4178858791139594,0.231,-16.9866,5.6
9.0494525,5.4,0.3399346342395196,-0.4576060501160591,17.8675,-66.8193,5.8
11.992955,5.430000000000001,0.31287200080686245,-0.4178858791139594,-11.3061,118.4931,5.3
3.1067169444444445,5.39,0.29981475762358545,1.379650459586061,-5.4415,147.0159,5.3
2.8931169444444444,5.36,0.30258148581093974,-0.4178858791139594,80.0672,0.2365,5.2
1.5574858333333332,5.4799999999999995,0.4077035960378847,-0.348375579860285,2.3481,96.3575,6.3
2.3187808333333337,5.619999999999999,0.4613988392799547,-0.4576060501160591,17.9578,-66.8113,6.4
0.08945555555555557,5.6,0.4853406592853685,-0.4178858791139594,17.8685,-66.7029,5.0
0.07015805555555556,5.569999999999999,0.4738729318662928,-0.4178858791139594,17.8919,-66.7217,5.6
0.27883305555555554,5.55,0.49497474683058396,-0.4178858791139594,17.9418,-66.6754,5.0
2.4660450000000003,5.55,0.49497474683058396,-0.4278159218644843,18.0223,-66.776,5.6
7.8374725000000005,5.49,0.49766119666563063,1.4973214661797813,12.2434,-86.4288,5.2
0.04367333333333333,5.56,0.5168279318217156,0.6446286951922067,-5.2046,151.2659,6.0
12.30160888888889,5.58,0.509465951321142,-0.4178858791139594,-55.0203,-128.4311,5.5
1.3007347222222223,5.58,0.509465951321142,0.4961745560718591,-20.4299,-68.7106,5.2
16.13319416666667,5.46,0.45995168828427657,-0.4178858791139594,-29.4387,61.259,5.1
7.706854722222222,5.46,0.45995168828427657,-0.4178858791139594,62.358,171.0611,6.4
8.615421666666666,5.46,0.45995168828427657,-0.1696348103508365,-56.0431,-26.7177,5.0
1.6252691666666668,5.41,0.4701063709417272,0.41445030423503904,-4.7016,143.7274,5.1
6.2175,5.45,0.447834294751481,-0.4178858791139594,-21.4325,-175.2378,5.4
14.262185277777776,5.45,0.447834294751481,-0.4178858791139594,18.4552,-105.2328,5.6
1.1858294444444444,5.43,0.46439925351648387,0.6720356131836555,-15.3359,167.5216,5.0
3.5696208333333335,5.369999999999999,0.4191260749066651,-0.3630720431310619,-16.5975,167.4738,5.4
0.8840297222222222,5.36,0.4168666186896937,-0.4178858791139594,-53.164,23.2047,5.4
1.444788888888889,5.36,0.4168666186896937,-0.4278159218644843,17.935,-66.883,5.2
0.4670633333333334,5.39,0.4067486256208437,-0.4178858791139594,-29.8401,-178.8287,5.4
0.006283888888888889,5.26,0.20655911179772996,1.6177728847436486,-30.119,-178.884,5.1
10.099067499999999,5.2700000000000005,0.1946506842754203,-0.4178858791139594,-29.541,61.2009,5.1
0.04266861111111111,5.2700000000000005,0.1946506842754203,-0.4178858791139594,-16.6225,167.6811,5.1
3.857391666666667,5.32,0.27808871486152403,-0.467536092866584,17.949,-66.8508,5.9
0.026965555555555555,5.279999999999999,0.26161889160464885,-0.4178858791139594,17.8238,-66.7941,5.2
13.510378333333334,5.34,0.25905812303634085,-0.4178858791139594,-54.3946,5.2056,5.6
2.9489383333333334,5.3100000000000005,0.26853512081497233,-0.4178858791139594,35.0149,74.474,5.1
5.497520555555556,5.28,0.2740640638812605,-0.019095362252878802,9.492,126.1804,5.1
5.904981388888889,5.26,0.287518115371305,-0.1696348103508365,-7.3582,155.8097,5.0
2.305569444444444,5.220000000000001,0.29363620727393674,-0.4178858791139594,-7.029,155.3738,5.0
6.9209483333333335,5.24,0.29135697844549585,1.1467909570862516,-40.2487,-71.2282,5.3
1.0891111111111111,5.2299999999999995,0.29832867780352623,0.5168290449929509,53.3803,-169.5221,5.0
16.7795125,5.220000000000001,0.30477678535099906,-0.11065035641271852,36.0821,139.9162,5.0
6.061309166666667,5.13,0.19465068427541768,0.5664792587455755,-21.7351,-68.2737,5.0
22.280428055555554,5.11,0.19692073983655736,4.505032114886273,-23.6845,-179.977,5.0
7.686631388888888,5.12,0.22509257354845388,-0.4178858791139594,-10.3733,124.0857,5.7
0.3325752777777778,5.11,0.22827858224351777,-0.19942493860241126,16.4901,-97.9016,5.0
1.4975119444444442,5.14,0.24585451886114276,-0.15940686631779583,-10.3544,-78.5911,5.4
1.7712102777777778,5.14,0.24585451886114276,0.2568605257842087,42.9468,145.2356,5.0
4.0802805555555555,5.159999999999999,0.24129281427805072,-0.467536092866584,17.9155,-67.0171,5.2
0.7638911111111111,5.13,0.24060109910158028,0.2763234095752375,-9.1328,123.7967,5.0
16.173466944444446,5.15,0.2368778400591975,-0.4178858791139594,41.2486,83.7069,5.2
1.4279891666666669,5.21,0.2685351208149706,-0.4178858791139594,0.1168,-17.09,5.6
6.547543611111111,5.25,0.2635231383473646,-0.26367231519830747,52.0707,159.7774,5.4
5.643193055555555,5.25,0.2635231383473646,-0.4178858791139594,-9.6784,151.0494,5.0
3.9598447222222224,5.2,0.21081851067789134,-0.34380776019504355,16.5949,-95.0581,5.2
0.06230638888888889,5.2,0.21081851067789134,-0.44916551377811287,16.5778,-95.1975,5.0
4.446449444444444,5.24,0.27968235951203996,-0.4178858791139594,-11.6371,-13.782,5.8
9.465594444444445,5.2700000000000005,0.26687491868330754,-0.4178858791139594,39.7276,77.1456,5.3
9.422741111111112,5.26,0.2716206504995111,-0.4178858791139594,-6.5892,132.098,5.1
0.6084905555555555,5.26,0.2716206504995111,-0.4178858791139594,-29.0924,-176.2994,5.0
0.29295333333333334,5.25,0.2758824226207805,-0.4178858791139594,-29.0859,-176.2914,5.1
14.216216944444446,5.29,0.35103022978402026,-0.08026442559611226,-2.8405,139.3363,6.0
10.23192861111111,5.26,0.3533962208186283,-0.4178858791139594,38.2582,20.7505,5.1
10.596496111111112,5.36,0.4087922591134903,-0.4620745693537953,39.8353,77.1084,6.0
0.9181891666666667,5.34,0.4221637386396682,-0.4178858791139594,39.8496,77.4275,5.0
2.5883030555555555,5.45,0.4648775226993784,0.6914984969746842,-0.1042,123.8025,6.1
9.456646666666666,5.38,0.45898438608156006,1.0388513923880458,13.7818,144.6194,5.1
4.431635555555556,5.46,0.5103375789067903,0.40630766917960864,-59.2277,-26.282,6.1
26.70516138888889,5.4799999999999995,0.49844201713383324,-0.40736003379840297,9.043,-83.9471,5.3
1.8605675,5.5,0.4807401700618653,-0.407757235508424,9.0071,-83.9595,5.2
10.099442222222223,5.49,0.49091750834534315,-0.4178858791139594,-29.2126,-176.1418,5.0
3.4301319444444447,5.4399999999999995,0.45752959831395984,-0.4178858791139594,-16.5518,177.9519,5.5
9.199734722222221,5.43,0.46678569910494144,-0.4178858791139594,-15.2303,166.673,5.0
0.9145872222222222,5.38,0.4237399621885521,-0.0017177874394601977,54.8754,161.4232,5.5
7.4911175000000005,5.43,0.4029061098237818,-0.4178858791139594,-36.1265,-99.8985,5.5
0.8099463888888888,5.380000000000001,0.33598941782277747,-0.46157806721626904,39.0724,27.8389,5.6
0.015859166666666667,5.37,0.3465704994818675,-0.4178858791139594,28.0371,56.7661,5.0
2.8598230555555553,5.279999999999999,0.23475755815545404,-0.3308987046193611,-60.341,-27.1563,5.2
5.6036247222222215,5.25,0.2505549396395492,0.7322116722518364,21.0715,144.8466,5.0
2.033559722222222,5.35,0.38944404818493084,-0.4178858791139594,51.9836,-177.855,6.2
15.307279444444443,5.4,0.37118429085533466,4.9877314929892895,-26.9878,-63.3514,5.5
8.039182222222223,5.38,0.3705851229249945,0.3002548126040025,-17.3895,-71.0157,5.3
1.9238602777777778,5.43,0.34657049948186724,-0.4178858791139594,39.1651,71.5082,5.5
0.085735,5.38,0.3705851229249946,-0.4178858791139594,39.1964,71.6665,5.0
10.680478888888889,5.5,0.5597618541248884,-0.4178858791139594,38.4312,39.0609,6.7
4.064553611111111,5.47,0.5618422079789541,-0.1696348103508365,11.3856,-86.5898,5.3
0.9496597222222223,5.49,0.5466056876558982,-0.4178858791139594,31.995,95.0575,5.2
11.818354166666666,5.48,0.55337349251859,0.3394784814685759,-40.6341,174.5574,5.1
5.749921944444445,5.49,0.5445691467165169,-0.4178858791139594,38.3615,39.1096,5.1
2.8219166666666666,5.39,0.4886489310105752,-0.3231532712739517,-30.4109,-177.6971,5.2
0.08964027777777778,5.37,0.4877385456255115,-0.345595167890138,-35.4781,-179.7067,5.3
0.9294238888888888,5.340000000000001,0.5015531433014411,-0.3880957508623847,18.0105,-66.8188,5.0
0.9914436111111111,5.3,0.5033222956847172,-0.3655545538186931,-35.516,-179.6443,5.1
6.6197333333333335,5.36,0.49933288829530714,-0.36684545937626134,51.0472,-179.9262,5.6
2.5768113888888893,5.3,0.326598632371091,-0.348375579860285,51.1338,-179.8892,6.1
0.14876194444444443,5.29,0.328125992061993,-0.287802319082083,51.1175,-179.9072,5.2
0.7211127777777777,5.3,0.326598632371091,-0.2130290971706304,51.1464,-179.8674,5.3
1.8002933333333333,5.369999999999999,0.352924291535105,-0.27171564982623264,51.1664,-179.7462,5.8
0.03247388888888889,5.3999999999999995,0.3399346342395192,-0.12127550215578019,51.2434,-179.9011,5.4
0.4917063888888889,5.39,0.347850542618522,-0.4178858791139594,-35.6033,-179.6616,5.1
8.052702777777778,5.369999999999999,0.3591656999213597,-0.4178858791139594,-32.1914,57.0486,5.1
0.9554030555555556,5.4,0.3366501646120696,2.137114120596102,-21.995,-65.8973,5.3
3.8264283333333333,5.46,0.3306559138036601,-0.1696348103508365,51.0865,-179.9464,5.7
6.472869166666667,5.529999999999999,0.42439499421071314,-0.3086554088581853,-10.0929,161.0606,6.3
8.440593333333332,5.45,0.37785946829182143,-0.4178858791139594,29.5899,52.0467,5.3
0.9382697222222223,5.45,0.37785946829182143,-0.4178858791139594,80.7983,121.3394,5.2
1.4499041666666665,5.43,0.3917198545446027,-0.4178858791139594,51.0442,-179.8081,5.1
3.360535,5.35,0.38944404818493095,-0.45413053515337537,-6.2036,152.4967,5.0
6.377904722222222,5.35,0.38944404818493095,0.3864475836785588,43.5274,145.911,5.4
9.83648638888889,5.34,0.39777157040470146,-0.4178858791139594,39.1061,27.875,5.0
3.9721305555555557,5.33,0.4056544780420348,-0.4178858791139594,29.5876,52.1306,5.0
0.23326833333333333,5.35,0.4089281382128434,-0.4178858791139594,35.2183,27.8918,5.5
1.0511666666666666,5.32,0.3910100879630716,-0.4178858791139594,50.8996,-179.8337,5.4
1.584843611111111,5.24,0.2065591117977293,-0.4432074881277979,-30.2403,-72.3456,5.5
0.8946791666666666,5.4799999999999995,0.8066391179868894,-0.36962587134640834,19.4193,-78.756,7.7
0.3063897222222222,5.46,0.8167687011088949,4.355287070208358,-23.2831,-179.5303,5.0
0.7722916666666667,5.46,0.8167687011088949,-0.4178858791139594,41.4656,19.5362,5.1
0.24133916666666666,5.470000000000001,0.8111035007253322,-0.4178858791139594,7.3115,92.0905,5.1
1.4276272222222222,5.54,0.8342661445845685,-0.4178858791139594,18.9457,-80.7411,6.1
0.061394444444444446,5.58,0.8148619514985345,-0.4178858791139594,18.9865,-80.9146,5.4
1.675591111111111,5.61,0.7964504588066561,-0.4178858791139594,27.1847,126.7734,5.3
7.788983055555556,5.5600000000000005,0.8194849330863597,0.14941746322352903,-5.0559,152.011,5.0
6.383279722222222,5.62,0.8283853102404835,0.32686732717540934,-10.418,161.2756,6.0
1.3509608333333334,5.57,0.8512082915218551,-0.4178858791139594,10.3105,93.7827,5.0
8.600794166666667,5.38,0.4315347288715272,-0.24897585192753058,0.7136,126.3292,5.8
1.6858722222222222,5.43,0.41109609582188944,-0.4178858791139594,35.1565,27.8845,5.5
5.321448333333334,5.4399999999999995,0.4033195589934446,-0.38223702563957496,16.9407,-99.9791,5.2
4.570646388888889,5.5,0.3915780041490241,-0.4178858791139594,35.1817,27.7814,5.7
6.608678055555556,5.390000000000001,0.35730472522297674,-0.4178858791139594,-9.9763,160.9575,5.0
4.200594722222222,5.359999999999999,0.368781778291716,-0.4178858791139594,-3.6423,-75.3493,5.1
0.4792208333333333,5.42,0.404969134626332,-0.4178858791139594,-3.3797,146.1673,5.9
10.927943055555556,5.42,0.404969134626332,-0.42493620946683214,47.7191,154.2286,5.0
1.5593316666666668,5.32,0.3675746333890735,-0.4178858791139594,-22.7329,-174.5266,5.0
0.17750583333333333,5.32,0.3675746333890735,-0.2045885608326842,6.687,125.3714,5.0
0.11353666666666667,5.25,0.33082388735465507,-0.41520476757131775,55.7981,-149.3295,5.1
1.0234066666666668,5.24,0.32386554137309825,-0.4178858791139594,-8.2691,156.5334,5.4
0.03315694444444444,5.2299999999999995,0.3267686915507344,-0.4178858791139594,-8.349,156.5095,5.1
1.40855,5.2299999999999995,0.3267686915507344,5.190701566810018,-25.3656,178.4003,5.7
2.2970425,5.25,0.3171049598406758,-0.1653648919681108,35.6513,140.7281,5.2
0.9403549999999999,5.2700000000000005,0.31287200080686317,0.11833642941438607,35.884,140.0639,5.3
5.052650555555556,5.18,0.22997584414214148,1.6812258579195027,-6.4065,129.1523,5.0
4.417105555555556,5.2,0.22110831935703,1.07638695398503,-24.4465,-66.9561,5.2
2.1313866666666668,5.2,0.22110831935703,-0.1485831197197237,-19.3157,-174.5502,5.0
4.428078888888889,5.2,0.22110831935703,0.1038385669986197,-2.9219,101.0474,5.0
6.909463888888888,5.19,0.22827858224352254,-0.4178858791139594,-44.7055,-81.2487,5.0
11.477485277777777,5.209999999999999,0.2558211180580011,-0.4178858791139594,13.8186,-92.8609,5.6
31.756370555555552,5.2,0.2624669291337297,-0.24838004936249908,-5.1117,134.2057,5.0
22.487611944444446,5.14,0.19550504398154112,2.3534897521300393,-37.708,176.6053,5.1
3.533484722222222,5.13,0.1946506842754248,-0.21114238904803065,-29.7192,-177.4813,5.1
1.4423113888888888,5.1,0.1885618083164195,-0.44767600736553415,17.8388,-66.8751,5.0
1.0212333333333334,5.11,0.18529256146250392,-0.4178858791139594,-9.0299,157.9045,5.1
10.075908611111112,5.09,0.18529256146250445,-0.09942940810462533,-5.8126,-80.7451,5.0
1.3611175,5.1,0.18257418583506238,-0.1696348103508365,-25.2755,-176.5491,5.1
4.731890555555555,5.109999999999999,0.17919573407621503,-0.4178858791139594,-4.4768,-77.4566,5.1
2.7628261111111114,5.13,0.1766981104093207,-0.4178858791139594,19.8937,-109.4208,5.2
1.5663783333333334,5.15,0.2368778400592026,-0.4178858791139594,-54.597,158.7366,5.8
5.925649444444445,5.2700000000000005,0.4001388647846043,5.365569619646762,-6.0817,113.0778,6.2
16.1311575,5.2700000000000005,0.4001388647846043,-0.4178858791139594,-32.1743,-178.9588,5.1
0.9906955555555556,5.29,0.3956710193526386,-0.4178858791139594,36.2822,141.8024,5.3
2.3359405555555557,5.39,0.4383048152953726,-0.32851549435923516,5.4543,126.5692,6.0
0.092225,5.39,0.4383048152953726,-0.4178858791139594,5.4894,126.559,5.1
14.083712222222223,5.39,0.4383048152953726,-0.21580950914077734,-2.6378,138.333,5.0
15.036549444444445,5.430000000000001,0.4270050741306624,-0.4178858791139594,-59.3919,-60.2116,5.5
11.418670277777778,5.4399999999999995,0.41952353926805946,0.5586345249726609,-20.8279,-68.7137,5.2
0.31281638888888885,5.4799999999999995,0.4131182235954562,-0.4178858791139594,-2.8766,129.9354,5.6
6.17160888888889,5.4,0.4216370213557832,-0.4178858791139594,26.3386,90.7847,5.0
0.02823472222222222,5.29,0.32128215360057355,0.012382873266285201,-6.0138,147.4422,5.1
1.7375258333333332,5.38,0.38239014399199905,-0.3583056226108099,-59.9212,-25.5526,6.0
3.8837805555555556,5.35,0.4006938426723767,-0.4178858791139594,-60.6386,-25.4234,5.0
0.6138180555555556,5.262,0.3329931597562401,-0.1696348103508365,-16.648,-176.79,5.12
3.3165416666666663,5.272,0.32906601836781135,-0.1696348103508365,-17.249,-177.0,5.2
0.5443361111111111,5.287,0.3185400724834757,-0.1696348103508365,-17.046,-177.386,5.15
0.20163055555555556,5.247,0.3139019662959202,-0.1696348103508365,-16.432,-177.609,5.1
6.965265833333333,5.337000000000001,0.4124735681767307,-0.17956485310136142,-5.4925,152.1522,6.1
1.0196505555555555,5.287,0.40732324046415813,-0.4178858791139594,-52.814,27.5391,5.1
2.612201388888889,5.337,0.39877729791618405,4.959331570722788,-4.584,149.5164,5.5
3.8411994444444444,5.327,0.40655872884492317,-0.4178858791139594,81.1785,-3.9436,5.0
30.31903138888889,5.237,0.3342005385992076,-0.4178858791139594,-59.8258,-25.8756,5.1
14.49572611111111,5.257,0.3242786867289723,-0.4178858791139594,-22.5051,-174.7308,5.2
0.2545163888888889,5.285,0.32322163018929034,-0.4178858791139594,15.78,147.8801,5.4
0.5003619444444445,5.305,0.32356520895245283,4.387559709147563,-25.1674,179.9422,5.4
2.006941388888889,5.29,0.3348299734359384,-0.4178858791139594,-52.3449,17.0687,5.0
0.7094441666666667,5.31,0.3281259920619923,-0.15811596076022763,-24.7868,-70.8845,5.3
1.4289188888888888,5.23,0.17669811040931602,-0.02852890286587743,-5.9664,150.2292,5.3
17.729888055555556,5.220000000000001,0.18737959096740442,0.49865706675949034,-24.5613,-177.425,5.0
1.6289794444444445,5.19,0.15951314818674145,0.2560661223641667,37.3216,141.3807,5.2
4.3424780555555555,5.2,0.14907119849998876,4.964296592098051,-17.7812,-178.5633,5.1
13.56679111111111,5.2,0.14907119849998876,-0.1696348103508365,-15.9795,-74.667,5.1
1.3128169444444444,5.18,0.16193277068655115,-0.4178858791139594,-20.9437,-70.8282,5.0
1.0018397222222222,5.15,0.1433720877840476,0.5758134989310689,-19.202,169.0155,5.1
3.4231516666666666,5.14,0.12649110640673972,-0.4178858791139594,-5.5265,153.1309,5.3
0.2934075,5.34,0.594792213951879,0.9028098067058544,45.6161,148.959,7.0
3.5653688888888886,5.31,0.6045200116161952,-0.07758331405347049,51.6379,177.3128,5.0
1.3127975,5.279999999999999,0.6124631508189791,-0.27499256393390586,51.2422,-174.9849,5.0
2.851446666666667,5.3,0.6055300708194985,0.27781291598781627,-6.6215,130.6068,5.2
11.6913975,5.339999999999999,0.6113736809658866,-0.4178858791139594,-56.6552,-142.2857,5.6
3.941262777777778,5.34,0.6113736809658866,-0.1696348103508365,-58.905,-25.5422,5.1
17.60770972222222,5.34,0.6113736809658866,-0.4178858791139594,41.8151,79.2761,5.1
6.121882222222223,5.41,0.6081849134012519,-0.4178858791139594,-15.6935,179.9662,5.7
1.3473930555555556,5.43,0.6000925854492041,-0.4178858791139594,23.838,121.6166,5.3
4.6108674999999995,5.4399999999999995,0.5985166849990243,-0.1696348103508365,1.6105,126.6462,5.4
7.395108888888889,5.3,0.26246692913372704,-0.4178858791139594,-3.3456,131.4839,5.6
8.586272777777777,5.32,0.2440400695696414,-0.024954087475688464,49.4091,155.5176,5.2
3.709703888888889,5.32,0.2440400695696414,-0.4178858791139594,28.6382,142.6677,5.0
1.2095469444444444,5.31,0.251440295541948,-0.4325823423847363,27.1286,55.7659,5.1
9.582538055555556,5.2700000000000005,0.23118054512533007,0.5165311437104352,-21.932,-68.4679,5.2
2.3760741666666667,5.3,0.22607766610417573,1.2528438136618578,-33.105,179.8741,5.4
4.7026675,5.32,0.21499353995462764,0.4399705141038881,-59.9705,-27.6715,5.3
7.740621944444444,5.279999999999999,0.1686548085423143,-0.4178858791139594,28.6016,142.6583,5.3
16.630966666666666,5.25,0.19002923751652445,-0.4178858791139594,-35.5964,-73.2435,5.0
1.9482086111111112,5.26,0.2011080417199792,-0.4178858791139594,85.729,22.6943,5.5
44.534279999999995,5.220000000000001,0.16193277068655088,0.14872236023099233,-57.4848,-26.0606,5.2
2.563667777777778,5.22,0.16193277068655088,-0.4178858791139594,-34.285,-178.9599,5.2
0.114795,5.22,0.16193277068655088,-0.4178858791139594,-54.5632,5.4124,5.0
3.195113611111111,5.25,0.1649915822768628,1.4793480888013313,5.5936,125.5446,5.4
8.124456944444445,5.24,0.17126976771553706,-0.4178858791139594,34.5182,85.6961,5.1
0.9335508333333333,5.28,0.24404006956964214,-0.19942493860241126,53.7001,160.6757,5.8
1.4478855555555554,5.29,0.24698178070456964,1.103495970693963,-6.7432,129.6245,5.4
13.929429999999998,5.29,0.24698178070456964,-0.4178858791139594,50.8347,-179.2666,5.3
14.847008333333335,5.3100000000000005,0.22827858224351893,-0.21193679246807265,-8.1132,129.0865,5.2
0.16717222222222225,5.279,0.22052714622518124,-0.4178858791139594,-54.262,-118.941,5.19
1.1941916666666668,5.2589999999999995,0.23694584472687805,-0.4178858791139594,-11.9119,165.5183,5.0
0.7788238888888889,5.239,0.2505305481484368,-0.4178858791139594,13.4175,146.4244,5.0
12.172151111111111,5.2490000000000006,0.24177353958703796,-0.3831307294871222,5.4617,126.7769,5.1
0.08164,5.239,0.23685204007753347,-0.28383030198187303,5.5251,126.6597,5.3
3.2600700000000002,5.259,0.23220919687021774,-0.34301335677500155,-21.7784,-174.8885,5.3
0.9313997222222223,5.239,0.184056150852579,-0.4178858791139594,-21.8248,-174.6574,5.6
3.440448055555555,5.249,0.1960980480383346,-0.4178858791139594,-38.1463,-93.7502,5.5
0.10718333333333334,5.218999999999999,0.20989150636565848,-0.4178858791139594,-38.2401,-93.7869,5.0
2.817025,5.229,0.2112633953675434,-0.3062721985980594,-0.1918,125.189,5.3
3.7491630555555555,5.29,0.27668674625929557,-0.4178858791139594,38.4465,44.4168,5.8
7.544323888888888,5.3,0.266666666666667,-0.4178858791139594,28.5128,142.785,5.1
2.580834722222222,5.4,0.3231786571610876,-0.4178858791139594,38.4958,44.3732,6.0
36.241815555555554,5.42,0.3084008934992087,-0.23696050019939544,-8.0852,-80.0159,5.3
6.9838241666666665,5.39,0.3348299734359374,-0.4178858791139594,24.3743,121.4522,5.0
11.826079722222223,5.359999999999999,0.3565264521898913,-0.4178858791139594,38.3489,38.7972,5.0
1.3319425,5.3,0.3620926830400077,-0.4178858791139594,15.8708,119.2231,5.0
7.161150833333333,5.35,0.4222953153106641,0.019036001909136912,-7.4887,131.1196,6.0
7.515555833333333,5.35,0.4222953153106641,-0.4178858791139594,32.9752,76.2474,5.0
13.117150277777778,5.33,0.4295992965026313,-0.4178858791139594,-12.283,-14.7983,5.1
0.040042222222222215,5.25,0.40620192023179924,-0.4178858791139594,-45.1466,95.4789,5.0
11.078839444444444,5.2700000000000005,0.4029061098237827,-0.4178858791139594,-13.794,-14.6731,5.3
3.912307222222222,5.220000000000001,0.32591750830881044,0.6942789089448312,3.7953,125.7576,5.5
0.1323902777777778,5.19,0.331494930412051,0.09797984177581003,1.8642,126.447,5.0
2.9937061111111114,5.23,0.3301514803843854,-0.4178858791139594,-54.4859,-118.9469,5.4
9.353774166666666,5.3,0.3496029493900512,-0.4178858791139594,-18.9008,-172.9039,5.7
6.351250555555556,5.3100000000000005,0.34140233677518367,0.41613841150262826,-3.9512,103.1177,5.1
4.75102,5.24,0.2412928142780538,-0.4178858791139594,-55.3469,-29.3883,5.3
7.153096944444445,5.25,0.2321398046197376,-0.4178858791139594,-19.4385,-172.9909,5.1
7.521134444444444,5.2700000000000005,0.22632326929024124,0.8423358463551577,3.14,128.1906,5.3
35.84851694444444,5.3100000000000005,0.20789954839350336,-0.4178858791139594,11.3585,124.6838,5.4
3.1985497222222223,5.35,0.241522945769824,-0.3213658635788572,51.1069,-179.85,5.7
20.86664361111111,5.31,0.2469817807045704,0.2747346027351535,-59.6088,-26.3897,5.1
3.723059166666667,5.31,0.2469817807045704,-0.4178858791139594,-54.6199,144.1688,5.0
7.5890450000000005,5.27,0.2626785107312757,-0.4178858791139594,51.0359,-179.795,5.0
1.5437244444444445,5.2,0.22607766610417926,0.1451475448408034,-59.6743,-26.2814,5.0
1.7131575,5.1899999999999995,0.23309511649396494,-0.4178858791139594,79.9757,-0.3924,5.0
3.9413719444444446,5.159999999999999,0.23664319132398906,-0.4178858791139594,-18.0209,167.6251,5.0
17.295034444444447,5.15,0.24152294576982858,-0.4178858791139594,-29.8195,-176.1228,5.0
4.419938055555556,5.119999999999999,0.23944379994757845,-0.4178858791139594,-3.4641,99.6068,5.0
3.186217222222222,5.09,0.2183269719175111,0.07226103105195046,-59.6397,-26.5723,5.1
14.162365833333332,5.07,0.15670212364725244,0.5340080189513591,-28.4189,-67.4978,5.5
3.1234669444444445,5.09,0.17288403306520778,-0.4178858791139594,-3.4334,145.3724,5.3
3.1110977777777777,5.130000000000001,0.19465068427542537,-0.4178858791139594,-29.7266,-176.2111,5.4
1.6077605555555556,5.14,0.18973665961010885,-0.4178858791139594,-3.3468,145.2478,5.1
0.17561888888888888,5.15,0.18408935028646026,-0.4178858791139594,-48.8536,-8.7884,5.1
19.498908055555557,5.25,0.31710495984067544,-0.4178858791139594,-31.368,58.3242,6.0
9.404779166666668,5.25,0.31710495984067544,-0.1696348103508365,-5.2218,102.2091,5.0
6.7968025,5.2700000000000005,0.30568684048294426,-0.12773002994362137,9.0114,-83.1647,5.2
1.1876269444444445,5.319,0.29673969138698697,-0.41808447996896986,31.6893333,-114.5405,5.49
1.8617777777777778,5.359,0.29083978025328133,-0.4178858791139594,-17.8921,167.85,5.5
5.86126,5.329,0.2901513015269403,1.1232567557675075,-7.384,128.6984,5.2
1.1279077777777777,5.309,0.2991265061251955,-0.4178858791139594,-40.9746,-91.8715,5.1
8.249311944444445,5.2989999999999995,0.29741291909472345,-0.470316504836731,32.3998,-16.8207,5.3
1.4213538888888888,5.289,0.3063929938276443,-0.1696348103508365,-58.7143,-25.3401,5.0
28.596633055555557,5.356,0.33260587286857385,-0.4855094702450341,40.3916667,-125.0936667,5.77
6.777557777777777,5.286,0.2438214282807996,-0.03895544775392863,11.0067,138.6173,5.3
8.439264166666666,5.306,0.22525047786359453,-0.4178858791139594,32.8006,85.5456,5.2
13.147011944444445,5.286,0.2438214282807996,-0.4178858791139594,-0.6018,-20.7191,5.0
2.951623055555556,5.237,0.24747839411867145,-0.4178858791139594,-6.7852,106.6813,5.0
0.9288813888888888,5.247,0.26094060626893767,-0.4178858791139594,1.171,-90.6425,5.6
2.508988888888889,5.237,0.26482908534457716,0.9855270628177272,-22.1116,-67.8732,5.1
0.36828527777777775,5.297,0.29642499519739895,-0.25721778741046625,-5.837,103.0187,5.7
9.035627222222223,5.267,0.3109144219520515,0.5798848164587842,3.8659,97.2542,5.0
1.8870669444444443,5.287000000000001,0.29799515283157113,-0.4178858791139594,-32.3931,-178.0772,5.2
14.252115555555555,5.24,0.24585451886114557,-0.23527239293180618,-6.9547,155.4551,5.3
4.620150277777778,5.2299999999999995,0.24517567397911272,-0.4178858791139594,-19.3343,-172.9419,5.2
12.15289222222222,5.2299999999999995,0.24517567397911272,0.4188195230452701,-8.9032,110.5406,5.2
4.785739722222222,5.279999999999999,0.24404006956964258,-0.4178858791139594,-19.1046,-172.8712,5.5
2.893103888888889,5.319999999999999,0.225092573548455,-0.4178858791139594,32.7152,85.3323,5.4
1.578729722222222,5.29,0.20248456731316672,-0.4178858791139594,37.2745,136.878,5.3
4.7005244444444445,5.3100000000000005,0.19119507199600005,-0.4178858791139594,14.7161,119.0784,5.3
4.120593333333334,5.26,0.13498971154211317,0.5025297834321951,-19.9306,-69.2739,5.2
2.644011388888889,5.26,0.13498971154211317,-0.32682738709164594,8.3099,-82.8384,5.0
29.243460000000002,5.380000000000001,0.38239014399199905,-0.4079558363634345,-27.367,-175.6102,6.4
0.06632916666666666,5.43,0.40290610982378067,-0.03994845202898107,-36.545,178.8162,5.8
0.7624630555555556,5.409999999999999,0.420185144377517,-0.4178858791139594,11.531,126.7585,5.0
9.613146666666667,5.4,0.4268749491621891,-0.4178858791139594,-22.5528,173.3814,5.1
4.907970555555555,5.36,0.4351245032554854,0.2794017228279002,15.0599,-92.769,5.1
19.721008055555554,5.340000000000001,0.43767060165786237,-0.4178858791139594,-10.4691,118.2924,5.2
0.981375,5.35,0.4377975178854562,-0.4178858791139594,27.4047,55.3537,5.4
1.4807594444444445,5.34,0.44020197384584436,0.3564588545719736,-12.2789,166.5621,5.2
4.336853611111112,5.319999999999999,0.4516635916254484,-0.09793990169204661,1.1616,-78.5752,5.0
3.897304166666667,5.35,0.4377975178854562,-0.4178858791139594,59.9853,-29.7179,5.3
3.1977575,5.21,0.24698178070457052,-0.3068680011630909,-1.1964,126.4508,5.0
4.168136666666666,5.130000000000001,0.14181364924122192,-0.4178858791139594,-6.2177,151.4397,5.0
17.046484444444445,5.19,0.19692073983656092,-0.18919699456937059,-36.1555,-73.1685,5.6
6.974660555555555,5.18,0.20439612955674716,1.7692060366891535,42.3191,138.3524,5.0
0.9305433333333334,5.2700000000000005,0.32676869155073274,-0.4178858791139594,-16.0252,-172.1911,6.0
11.118691388888887,5.29,0.3281259920619924,0.49329484367420695,3.0199,128.0385,5.4
0.004467499999999999,5.359999999999999,0.4168666186896924,1.2305012174731766,-13.1364,167.0277,6.1
2.296721111111111,5.390000000000001,0.41486276177925463,-0.4178858791139594,-11.0517,164.4588,5.5
7.632664444444445,5.46,0.4005551702879936,-0.3990187978879621,40.751,-112.0783333,5.7
2.367129166666667,5.43,0.4243949942107121,-0.4317879389646943,66.2877,-157.2513,5.0
1.4141536111111113,5.4399999999999995,0.41419265512024084,-0.049779194352000754,-36.5901,178.9624,5.1
0.8208752777777777,5.56,0.44522154285503845,-0.3118330225383533,-11.0521,115.1378,6.2
4.378228055555556,5.521,0.4582199859844116,-0.2330877835266907,40.3475,-124.4561667,5.21
15.742869166666667,5.571,0.4208047845101874,-0.4178858791139594,20.7035,143.5362,5.5
4.010593055555556,5.491,0.40596797903282833,-0.4178858791139594,38.3915,39.0729,5.2
2.2470238888888887,5.451,0.4346249980027473,-0.293760344732398,14.5105,124.0645,5.0
0.13765527777777778,5.340999999999999,0.3889144436048168,-0.4178858791139594,-60.7272,-25.489,5.0
5.277003888888889,5.361,0.40289094195713904,-0.4178858791139594,28.5896,87.3081,5.7
0.04871138888888889,5.291,0.39823080967923336,-0.4178858791139594,-34.2105,-179.0472,5.0
1.4507977777777779,5.341,0.3889144436048168,-0.4178858791139594,46.0479,93.9973,5.5
4.8371377777777775,5.351,0.38327390843741055,-0.4178858791139594,56.5205,-148.6788,5.2
2.0140716666666667,5.2410000000000005,0.24569402832701462,-0.4178858791139594,-48.4146,31.42,5.1
14.925927777777776,5.290000000000001,0.2846049894151542,-0.4178858791139594,39.3567,20.6383,5.7
5.878716111111111,5.24,0.28751811537130484,-0.4178858791139594,-12.3339,44.8843,5.0
4.963532777777778,5.2299999999999995,0.2907843798341925,-0.4178858791139594,11.2547,138.7264,5.1
8.435162222222221,5.232,0.28909052792046597,-0.4178858791139594,-35.358,-104.463,5.02
1.2178633333333333,5.232,0.28909052792046597,-0.4178858791139594,-5.306,141.4079,5.0
6.2553075,5.162,0.24448585507823123,-0.4178858791139594,1.3369,121.9752,5.0
1.819509722222222,5.191999999999999,0.24077652155750942,-0.4178858791139594,45.9072,15.9697,5.3
0.46226,5.151999999999999,0.21586003695810888,-0.21153959075805165,-3.1119,135.6309,5.1
13.4982275,5.142,0.21570556063506913,-0.4178858791139594,41.7161,81.1539,5.1
1.3574086111111112,5.192,0.2585773041514331,-0.4178858791139594,-0.705,-21.1768,5.6
1.8517630555555555,5.122,0.1919374898241625,2.5963785978078793,-16.799,-175.4458,5.0
0.0639825,5.231999999999999,0.35779572073709626,-0.4178858791139594,-4.6744,-104.9519,6.1
2.876489166666667,5.2219999999999995,0.3632507551418324,-0.4178858791139594,22.8712,144.0567,5.0
10.92103111111111,5.22,0.36453928305312894,0.48733681802389195,52.0913,-177.6185,5.0
5.337845,5.2299999999999995,0.35916569992135994,-0.4178858791139594,-44.478,-78.9908,5.1
2.783049444444444,5.27,0.3529242915351052,4.4559777036986805,-25.3164,179.6872,5.4
0.007810277777777778,5.29,0.3604010112206807,4.508706230703967,-25.281,179.7207,5.5
11.082961666666666,5.279999999999999,0.367574633389073,-0.4178858791139594,-23.5487,-174.7415,5.0
19.178688333333334,5.52,0.7842901957254795,0.05677016436113157,48.9638,157.6955,7.5
4.0549333333333335,5.47,0.7944949478896781,-0.4178858791139594,-35.7473,-73.4677,5.1
10.485299166666666,5.48,0.7885288693369304,-0.15543484921758588,49.2311,158.1315,5.1
2.572602777777778,5.37,0.7689097620801952,1.3371498766138146,55.8935,160.2484,5.0
9.944831944444443,5.41,0.7578478299324565,0.5953756831496031,22.6857,143.2352,5.4
0.09588666666666668,5.41,0.7578478299324565,-0.4178858791139594,-19.7794,-11.7802,5.0
1.181077777777778,5.4,0.7630348761506398,-0.4178858791139594,35.868,5.7575,5.0
8.117251666666666,5.36,0.7734482673212361,-0.42275160006171664,31.7168,-104.0419,5.0
0.36004138888888887,5.42,0.80801540139337,0.06868621566176149,5.5669,125.0521,6.1
4.780694166666667,5.46,0.7947046970765653,0.2605346416019028,-56.6059,-26.8921,5.4
1.1965722222222221,5.28,0.3735713526965845,-0.13984468209926176,-2.9507,139.1131,5.7
9.06674361111111,5.3,0.3681787005729091,-0.4178858791139594,28.2443,57.1201,5.3
7.868241388888889,5.35,0.37193189340702343,-0.4178858791139594,0.1747,133.5831,5.6
3.1672563888888887,5.369999999999999,0.35605867181937556,5.412340121001735,-28.8064,-63.1626,5.2
11.834007777777778,5.33,0.3743141876967947,-0.4178858791139594,-1.313,150.1714,5.0
10.17353722222222,5.42,0.393841479673118,-0.4178858791139594,-1.7144,120.1775,5.9
2.08299,5.5,0.38005847503304546,0.3169372844248844,-17.8156,168.3388,5.8
5.372847777777778,5.529999999999999,0.34657049948186675,5.342035418328018,-7.137,124.0206,5.3
3.589634444444444,5.4399999999999995,0.2951459149490483,0.3996545405367569,-5.1488,144.2387,5.2
10.796256944444444,5.41,0.31428932176861757,-0.4178858791139594,-23.9069,-174.5171,5.1
4.481606944444445,5.34,0.32041639575194447,-0.4178858791139594,31.0301,-41.3765,5.0
0.27574,5.38,0.3392802839999858,-0.4178858791139594,-21.4233,169.485,5.7
12.420286944444445,5.319999999999999,0.34896672875473095,-0.4178858791139594,-56.0767,-60.1829,5.0
2.410751388888889,5.32,0.34896672875473095,0.7829541907070188,0.2895,-77.6885,5.2
6.728674166666666,5.35,0.33082388735465357,-0.1888990932868548,23.9879,123.4477,5.3
2.0309555555555554,5.319999999999999,0.28596814119369646,-0.4178858791139594,-13.7624,66.1511,5.6
29.96395083333333,5.39,0.45325979795746746,-0.3974299910478781,44.4646,-115.1175,6.5
4.2808525,5.380000000000001,0.456557164487038,-0.4178858791139594,-45.5913,-76.6302,5.2
1.682525,5.38,0.456557164487038,-0.12425451498093763,-55.6838,-28.1482,5.2
0.7016283333333334,5.4,0.4472135954999576,-0.4178858791139594,-54.364,-136.2801,5.3
5.850642777777777,5.4399999999999995,0.42478752858863905,-0.4178858791139594,33.1265,98.9089,5.4
13.829124444444444,5.42,0.4157990967870041,-0.3564189144882102,-7.9349,125.7018,5.5
8.040376944444445,5.44,0.3977715704047005,-0.34857418071529545,11.7273,-88.4304,5.2
8.465649166666667,5.43,0.405654478042034,-0.1696348103508365,-56.0143,-26.6438,5.1
1.424895,5.42,0.4104198392432364,0.5847505374065414,20.6676,144.7696,5.2
1.5606530555555556,5.380000000000001,0.41041983924323666,3.5396333586802413,-6.9666,126.6195,5.2
25.135570833333333,5.23,0.14181364924121975,-0.24113111815461588,-58.658,-25.2733,5.0
3.033681111111111,5.22,0.1475729574745266,0.2442493714910421,-55.9365,-27.7537,5.1
4.425999166666666,5.25,0.1715938356831181,-0.37816570811185973,54.8277,166.1783,5.5
3.0982947222222226,5.2299999999999995,0.17669811040931602,-0.4178858791139594,-19.4019,-173.2517,5.1
33.21457777777778,5.29,0.29981475762358517,-0.10012451109716208,1.395,126.4381,6.0
6.595040555555555,5.24,0.30258148581093997,0.07911276054981263,-10.1982,161.1811,5.0
16.819070833333335,5.22,0.31198290551460334,-0.09823780297456237,-21.5415,-175.5576,5.0
1.3071341666666667,5.21,0.317804971641415,-0.1696348103508365,2.8254,95.753,5.0
5.247553611111111,5.1899999999999995,0.3247221034122025,-0.4178858791139594,-43.6876,-16.1483,5.0
2.8590616666666664,5.17,0.33015148038438463,-0.31729454605114205,11.6591,-61.1271,5.0
3.008554722222222,5.18,0.3259175083088095,-0.06725606959292459,49.1414,157.8188,5.1
5.029635833333333,5.17,0.33015148038438463,3.653133747318741,-31.674,179.6381,5.0
0.04926888888888889,5.140000000000001,0.3098386676965946,-0.4178858791139594,-15.2669,-173.2623,5.2
4.670944722222223,5.13,0.312872000806863,0.45297887010707577,-56.3205,-26.9946,5.0
13.724763611111111,5.029999999999999,0.06749485577106246,0.503324186852237,26.6875,126.6535,5.0
4.111642222222223,5.08,0.16193277068655068,3.6732917341023064,-15.7188,-177.5486,5.5
24.855535555555555,5.08,0.16193277068655068,-0.4178858791139594,-35.8656,-103.8884,5.0
1.445468611111111,5.09,0.15951314818674098,-0.4178858791139594,24.8935,-45.8738,5.1
1.7711105555555555,5.09,0.15951314818674098,0.8917874592527717,-18.18,-69.611,5.0
2.0169819444444443,5.09,0.15951314818674098,-0.4178858791139594,-30.6448,-177.0275,5.0
1.3092122222222222,5.11,0.17288403306520117,-0.4178858791139594,-5.3426,68.6654,5.3
11.231271944444444,5.11,0.17288403306520117,-0.4178858791139594,12.512,144.0556,5.0
11.963173888888889,5.1,0.16996731711976157,0.14256573372566686,-58.0955,-25.7252,5.1
0.11389361111111111,5.19,0.29981475762358567,1.0716205334647781,20.4677,122.1097,5.9
2.0148069444444445,5.2,0.29439202887759575,0.27582690743771127,5.5945,126.4894,5.1
8.558393888888888,5.17,0.2750757471437045,-0.4178858791139594,28.1007,142.67,5.2
11.28808111111111,5.194000000000001,0.2689981412575197,-0.43327744537727303,38.0525,-118.7333333,5.24
3.768119722222222,5.204,0.26696649810624484,-0.17628793899368822,-19.4108,-173.0467,5.2
4.184286944444445,5.204,0.26696649810624484,-0.01929396310788926,-24.2993,-176.5348,5.0
1.5673525,5.234,0.2582074962333812,-0.4178858791139594,-40.3296,78.3668,5.3
0.6420766666666667,5.244,0.2629406354631749,-0.4178858791139594,-40.1571,78.3071,5.4
6.191081111111111,5.354,0.3612386099703817,-0.4178858791139594,-36.9558,77.393,6.1
4.591409166666667,5.344,0.3703211819188554,-0.4178858791139594,-5.3565,152.574,5.0
0.8648716666666667,5.264,0.31983328990793586,-0.4178858791139594,-4.211,151.9344,5.1
13.29509638888889,5.2540000000000004,0.3270134214031256,0.0037437360733285486,48.2516,154.3212,5.0
5.0262336111111106,5.234,0.3366567655309756,-0.09694689741699411,3.7387,125.388,5.0
6.566926111111111,5.2299999999999995,0.33681514877517754,0.1758313769399254,-14.2634,-73.2125,5.2
1.6854602777777778,5.21,0.3446415206816764,-0.1349789611515045,0.2905,126.8276,5.0
10.120106111111111,5.3100000000000005,0.4148627617792556,-0.20935498135293618,-30.3889,-176.3478,6.0
1.660676388888889,5.279999999999999,0.42635405214185323,-0.008370916082311839,45.3319,149.9906,5.0
3.7565308333333336,5.26,0.42478752858864016,-0.4178858791139594,7.1792,143.2839,5.2
18.729160277777776,5.17,0.3056868404829443,5.063100517465774,-26.8817,-63.4139,5.2
0.7586447222222222,5.18,0.3011090610836334,-0.4178858791139594,20.0079,122.0526,5.1
5.066060555555556,5.2,0.30184617127124813,-0.30061207423026015,-15.2081,-173.3807,5.3
0.10029972222222222,5.2,0.30184617127124813,-0.4178858791139594,-19.8545,148.77,5.0
0.1333161111111111,5.2,0.30184617127124813,-0.4178858791139594,26.281,128.9238,5.0
2.4272844444444446,5.18,0.308400893499211,-0.10598323631997182,15.17,-94.1893,5.0
1.246106388888889,5.25,0.34075080500434857,0.009105959158611995,9.0335,-74.4338,5.7
2.5187391666666663,5.15,0.22236106773544043,-0.10389792734236158,10.7398,-86.1658,5.0
5.2175352777777775,5.15,0.22236106773544043,-0.4178858791139594,52.1675,160.621,5.0
2.3329244444444446,5.2,0.28284271247462006,-0.10618183717498228,1.1073,126.6767,5.7
1.64407,5.2,0.28284271247462006,-0.3468860734477063,-5.3591,152.7397,5.2
6.506013611111111,5.220000000000001,0.2820559440174167,-0.029720507995940393,-58.0244,-25.6697,5.3
2.8665036111111113,5.3,0.3972125095937666,-0.3980257936129096,16.9591,-85.6851,6.1
0.1785575,5.3100000000000005,0.39001424475410057,-0.4178858791139594,-60.4237,-27.0364,5.1
0.10947972222222223,5.33,0.377270901784558,-0.4178858791139594,-16.2879,178.3742,5.2
3.3914436111111113,5.42,0.3966526608171608,-0.4178858791139594,22.8004,94.0292,5.9
3.4615844444444446,5.36,0.3949683531626305,-0.40547332567580324,-37.9731,-73.7707,5.1
2.4215025,5.36,0.3949683531626305,-0.06278755035518842,-10.3678,161.25,5.0
3.735198611111111,5.39,0.3754996671103722,-0.4178858791139594,26.0062,128.5665,5.3
0.022589444444444447,5.319999999999999,0.37653389990514574,-0.4178858791139594,26.0784,128.476,5.0
2.9817352777777777,5.32,0.37653389990514574,-0.4446969945403767,55.9717,-153.3077,5.2
11.706137222222221,5.319999999999999,0.37653389990514574,-0.4178858791139594,52.7452,-34.6262,5.3
4.428050555555555,5.29,0.31428932176861885,-0.4178858791139594,-23.7004,69.4374,5.8
15.913505277777777,5.4399999999999995,0.5103375789067907,3.9811230593685787,27.1264,140.1349,6.6
0.9781097222222223,5.49,0.5087020520675911,4.186575643876939,27.2034,140.0712,5.7
11.747139444444445,5.4,0.5077182070575943,-0.16804600351075255,-30.416,-177.6631,5.0
16.00643527777778,5.4,0.5077182070575943,-0.35105669140292667,4.0231,126.1659,5.1
3.6238205555555556,5.4,0.5077182070575943,-0.4178858791139594,-56.2751,-142.7644,5.0
3.8691025,5.5,0.5792715732327591,-0.13984468209926176,38.8953,142.0049,6.3
3.925211111111111,5.529999999999999,0.5578729445153462,0.7176145094085647,-15.3448,167.5412,5.3
3.3370027777777773,5.52,0.5652924513520022,-0.4178858791139594,64.5898,-17.6556,5.1
16.07566027777778,5.51,0.5704773829385743,0.35109663148669007,-8.5415,159.2193,5.2
34.861015277777774,5.459999999999999,0.5641118880348316,-0.4178858791139594,46.4812,153.504,5.3
13.52912888888889,5.3100000000000005,0.40400770069668496,-0.4178858791139594,13.7263,51.6392,5.1
2.144245277777778,5.29,0.3871548642195895,-0.12256640771334838,-22.0797,-175.4957,5.5
0.80132,5.29,0.3871548642195895,-0.4178858791139594,-19.0671,-172.932,5.0
5.414601666666666,5.3,0.38297084310253515,-0.4178858791139594,36.1663,137.7785,5.2
15.134268055555555,5.319999999999999,0.37058512292499457,0.0124821736937905,41.509,141.9289,5.2
4.635838611111112,5.2299999999999995,0.1494434118097318,-0.4178858791139594,13.9075,-93.1469,5.4
5.189151388888889,5.23,0.1494434118097318,-0.4178858791139594,-19.8074,-126.5612,5.3
21.186184166666667,5.33,0.3056868404829434,-0.32851549435923516,-6.5337,154.2347,6.1
0.03681277777777778,5.35,0.30276503540974936,-0.4178858791139594,-6.5536,154.4513,5.4
34.81073833333333,5.340000000000001,0.3062315754094895,-0.4178858791139594,-3.9579,151.3803,5.2
0.3044208333333333,5.33,0.316403399335581,-0.4178858791139594,42.1306,144.9447,5.0
8.8325925,5.279999999999999,0.32591750830880817,0.2617262467319659,-44.9222,167.543,5.0
0.9425613888888889,5.29,0.31780497164141386,0.05835897120121559,5.6607,126.8983,5.1
8.866229444444444,5.31,0.317804971641414,-0.4178858791139594,-3.7329,151.4659,5.4
15.550118333333334,5.3100000000000005,0.317804971641414,-0.4178858791139594,-16.3874,-172.9005,5.2
11.81380388888889,5.28,0.32249030993194183,-0.4178858791139594,13.227,-44.8374,5.1
17.578788333333332,5.29,0.32472210341220137,0.9650711747516458,-24.2701,-67.0461,5.4
4.766784444444444,5.18,0.16865480854231307,-0.1696348103508365,-5.128,152.3258,5.0
16.867904166666666,5.16,0.15055453054181553,-0.1579173599052171,40.9219,142.7766,5.2
5.084633055555556,5.140000000000001,0.1577621275493224,-0.34718397473022194,1.2299,99.5995,5.0
1.0462344444444445,5.17,0.15670212364724145,0.5644932501954706,-22.6597,-67.9997,5.3
12.002581388888888,5.180000000000001,0.14757295747452367,0.06769321138670899,-2.3984,138.7274,5.1
0.7860355555555556,5.21,0.15951314818673817,1.1148162194295614,-24.0112,-66.93,5.4
3.8869683333333334,5.17,0.15670212364724137,-0.4178858791139594,-30.335,-177.8689,5.0
5.017969166666666,5.15,0.1649915822768602,-0.1546404457975439,54.4595,161.702,5.0
13.388790277777776,5.14,0.1712697677155341,-0.4178858791139594,28.4004,56.9245,5.0
14.752695,5.14,0.1712697677155341,-0.4278159218644843,17.937,-66.7266,5.4
1.6296891666666669,5.29,0.45570458267025,-0.4178858791139594,34.1818,25.7101,6.5
0.7122388888888889,5.3,0.4546060565661953,-0.4178858791139594,34.1503,25.4585,5.3
3.176928888888889,5.33,0.44234225060089705,-0.4178858791139594,34.118,25.6064,5.3
7.999945555555556,5.37,0.4571651780264987,1.311629666744965,-15.2734,-70.4586,5.7
2.6707775000000002,5.38,0.45166359162544895,-0.10201121921976179,23.2553,121.5859,5.2
3.7010983333333334,5.34,0.46714261443612964,-0.03557923321875013,-6.2306,104.6938,5.0
4.7942925,5.430000000000001,0.48085571871635524,-0.4178858791139594,31.404,128.8393,5.9
1.6844813888888888,5.4399999999999995,0.4718756898449708,-0.4178858791139594,-22.3381,-113.5658,5.1
1.8283291666666666,5.45,0.4624812308503874,-0.4178858791139594,-21.5198,-173.9595,5.1
4.195819999999999,5.41,0.484079883214882,-0.4178858791139594,2.8543,36.0596,5.0
7.437518333333333,5.290000000000001,0.29608557321603346,-0.4178858791139594,31.0366,141.8704,5.3
10.077139722222222,5.319999999999999,0.31198290551460306,-0.09595389314194161,35.6865,140.8749,5.6
11.023295555555556,5.32,0.31198290551460306,-0.4178858791139594,-56.8282,-141.9,5.3
11.889086944444445,5.3,0.29059326290271226,-0.43774596461500925,13.2784,-91.1182,5.5
4.9099594444444445,5.29,0.2960855732160334,0.1897334367906602,35.5589,140.0548,5.1
6.391867777777778,5.33,0.27908580918579384,-0.4178858791139594,-15.2519,-172.8753,5.4
11.505880277777779,5.249999999999999,0.20138409955991052,-0.4178858791139594,39.6837,73.9426,5.1
3.048667222222222,5.42,0.5223876806442599,0.4360977974311834,-6.7761,129.7852,6.8
1.8212822222222222,5.42,0.5223876806442599,0.11347070846662885,-19.3548,-70.4824,5.1
9.099421944444446,5.45,0.5038738819276994,-0.29058273105223,-5.7102,-76.6878,5.3
10.536021388888889,5.53,0.5396500923952691,4.161551936145616,-4.4643,154.741,6.1
3.9224841666666665,5.5,0.5436502143433366,0.7546535688680228,-4.1789,152.569,5.3
9.96105111111111,5.51,0.5404730438339282,-0.4064663299508558,-55.5019,-29.3632,5.4
9.221108333333333,5.4799999999999995,0.5493430419854046,-0.4178858791139594,12.3074,144.0025,5.2
10.298290277777777,5.5200000000000005,0.5329165037789693,-0.4178858791139594,-29.4394,76.5146,5.5
1.9435733333333332,5.4799999999999995,0.5573747990954263,0.38098606016577014,-23.2153,-68.848,5.0
7.1186625,5.48,0.5573747990954263,1.154933592141682,-7.0159,129.4925,5.1
9.7788575,5.33,0.3093002855909886,-0.4178858791139594,40.8353,78.8624,5.3
3.7039927777777777,5.35,0.2990726407487734,0.4674767325228421,14.0741,120.4703,5.3
22.76912777777778,5.36,0.29888682361946595,0.548307280512115,-22.7558,-68.0677,5.4
5.903282222222222,5.33,0.22135943621178758,-0.20935498135293618,36.3571,141.1273,5.8
1.129178611111111,5.37,0.2496664441476541,-0.4178858791139594,-6.0613,129.9115,5.7
38.070955,5.33,0.27507574714370425,0.20949422186420488,-10.5939,-78.1705,5.0
7.510554444444444,5.47,0.48085571871635485,0.5453282676869575,-12.0665,166.6485,6.6
7.254568611111111,5.42,0.5028805910838964,1.3954392275593959,42.7419,139.0038,5.0
14.235541944444444,5.4399999999999995,0.4880801391392834,1.898693794155998,-20.7929,-176.5834,5.2
9.7457125,5.5,0.47842333648024393,-0.4178858791139594,-35.7864,-102.8976,5.7
14.560500000000001,5.4799999999999995,0.4917090377222872,-0.4178858791139594,-16.531,-177.531,5.1
14.362741111111111,5.46,0.5037636129950016,5.507668531406774,-21.6572,-179.3138,5.1
0.2117688888888889,5.569999999999999,0.6000925854492044,-0.49037519119279127,38.1689,-117.8497,6.5
0.3762697222222222,5.5,0.6110100926607787,-0.44966201591563915,38.1811,-117.8711,5.1
3.3887525,5.5,0.6110100926607787,-0.4178858791139594,-15.582,-173.0811,5.7
0.27640777777777775,5.56,0.5853773711604049,-0.2801561861641788,-15.7814,-172.8909,5.6
0.21645277777777777,5.42,0.4638007234913626,-0.4178858791139594,-29.9668,-176.4449,5.2
11.946799444444446,5.51,0.46055522047970654,1.1763824844828161,-16.0561,168.0032,5.9
9.924748333333332,5.5200000000000005,0.45411696975803734,0.3358043656508818,-17.5465,-174.1508,5.3
29.94148388888889,5.49,0.4508017549014448,4.041894921001791,-25.4481,179.9236,5.4
7.882201666666666,5.48,0.46139883927995423,-0.052956808032168734,38.2166,141.676,5.0
1.2943266666666666,5.49,0.45325979795746774,-0.4178858791139594,34.1648,25.6205,5.2
2.628780277777778,5.34,0.3062315754094905,-0.4178858791139594,40.7714,-127.2271,5.0
0.10917,5.36,0.29514591494904974,-0.4178858791139594,40.8483,-127.1918,5.3
0.9618391666666667,5.290000000000001,0.2884826203122523,-0.4178858791139594,-29.964,-176.3942,5.0
3.7972663888888887,5.23,0.27908580918579506,-0.4178858791139594,34.1328,25.5231,5.0
1.9988463888888888,5.220000000000001,0.28205594401741785,-0.4178858791139594,27.2664,103.2881,5.1
9.57554,5.2,0.23094010767585296,-0.4178858791139594,34.1855,25.5173,5.7
3.9105208333333334,5.180000000000001,0.22997584414214065,-0.07748401362596527,37.6158,141.2772,5.1
0.9297027777777778,5.159999999999999,0.2170509412813324,-0.4178858791139594,36.2846,137.6865,5.2
3.10001,5.159999999999999,0.2170509412813324,-0.4178858791139594,5.913,-77.5001,5.0
29.29817888888889,5.140000000000001,0.22211108331943868,-0.401004806438067,38.2012,-117.7453,5.0
0.13715638888888887,5.140000000000001,0.22211108331943868,0.3792979528981809,5.2037,126.1163,5.0
1.0274311111111112,5.119999999999999,0.21499353995463108,-0.10340142520483529,-15.9802,-173.5557,5.1
6.751644444444444,5.14,0.21186998109427915,1.1243490604700654,-16.3202,168.0313,5.2
3.1902883333333336,5.209999999999999,0.2685351208149735,-0.3836272316246484,35.1594,20.2775,5.7
13.237883055555557,5.21,0.2685351208149735,-0.4178858791139594,-9.6616,23.9981,5.1
6.354458611111111,5.15,0.20682789409985078,-0.4178858791139594,-2.9158,142.8347,5.1
5.053121666666667,5.15,0.20682789409985078,-0.44568999881542914,38.2309,-117.7939,5.1
3.3083394444444445,5.139999999999999,0.2065591117977321,-0.4178858791139594,34.4832,25.8869,5.1
5.093434166666667,5.249999999999999,0.3597838857487167,-0.4178858791139594,22.4152,-108.1275,6.1
10.783456944444444,5.25,0.3597838857487167,0.015262585663937418,27.2683,128.4927,5.0
3.0626241666666667,5.26,0.3533962208186303,-0.4178858791139594,-2.4966,99.5207,5.1
1.6125380555555555,5.279999999999999,0.34896672875473245,0.7235725350588798,-7.1501,129.1447,5.3
1.947086111111111,5.279999999999999,0.34896672875473245,-0.0856266486813957,15.6287,121.5658,5.2
0.07329444444444445,5.2299999999999995,0.31640339933558287,-0.4178858791139594,50.4322,-129.5266,5.2
10.93583638888889,5.24,0.3134042472944861,0.618909884468347,-33.5124,-69.8262,5.2
9.653390555555555,5.26,0.3098386676965952,-0.37409439058414456,34.2955,25.5138,5.3
0.2041325,5.3,0.31269438398823035,-0.4178858791139594,-14.8142,66.6947,5.5
3.8323730555555553,5.37,0.3400980250849269,-0.4178858791139594,-47.2945,-12.2953,5.8
0.9992127777777778,5.29,0.2233582075700152,-0.3988201970329516,14.5973,-93.814,5.3
5.731554444444445,5.3100000000000005,0.2024845673131685,0.6821642567891908,31.3991,140.0975,5.2
10.288191944444446,5.36,0.2065591117977313,-0.06040434009506242,-40.3778,174.9573,5.6
3.5296274999999997,5.340000000000001,0.22211108331943807,-0.4178858791139594,-55.2671,-29.2693,5.1
0.6853919444444445,5.32,0.24404006956964386,-0.4178858791139594,-20.5474,172.5341,5.0
14.5975175,5.31,0.2514402955419503,0.057663868208678845,24.3856,93.9197,5.1
8.668863055555555,5.3100000000000005,0.2514402955419503,-0.4299012308420946,12.5992,144.1894,5.2
5.931744999999999,5.319999999999999,0.2529822128134725,-0.4178858791139594,46.5635,153.5199,5.4
0.12291888888888888,5.27,0.26267851073127607,-0.4178858791139594,14.2569,146.8916,5.0
0.5378994444444445,5.1899999999999995,0.19692073983656214,-0.4178858791139594,34.1313,141.5869,5.0
16.904086666666668,5.21,0.218326971917507,-0.41391386201374947,-17.0404,167.7616,5.5
2.2943283333333335,5.2,0.22110831935702943,-0.4178858791139594,34.2263,25.6224,5.1
1.3886866666666666,5.18,0.18737959096740603,-0.4178858791139594,-24.535,-116.109,5.4
4.599376944444445,5.290000000000001,0.3695342413844171,-0.4205669906566011,-17.5304,167.8743,6.2
0.9448419444444445,5.290000000000001,0.3695342413844171,-0.4178858791139594,-17.1817,167.6792,5.0
1.2332980555555555,5.3100000000000005,0.3634709219609075,-0.1324964504638733,24.8495,125.4106,5.3
11.822126111111112,5.32,0.361478445646027,-0.4178858791139594,-23.7648,69.5742,5.3
8.138538055555555,5.29,0.36651512019742705,0.25199480483645137,16.6027,120.3749,5.1
2.0209994444444446,5.39,0.4121757985239912,-0.4178858791139594,-22.2146,-174.4196,6.0
0.38139083333333335,5.39,0.4121757985239912,-0.4178858791139594,-9.5202,156.0083,5.0
0.9387486111111111,5.34,0.4273952113286573,0.09321342125555802,-56.2828,-27.102,5.0
1.1468038888888887,5.41,0.44083254568297725,-0.4178858791139594,-27.7116,-174.8333,5.8
20.612154166666667,5.37,0.45958918853931185,5.388706619255486,-21.7867,-179.0612,5.0
3.6965669444444442,5.26,0.3596294389136326,-0.4178858791139594,36.2341,137.7537,5.1
1.042256388888889,5.29,0.347850542618523,-0.4178858791139594,-17.4025,167.7372,5.3
5.091758055555556,5.26,0.3596294389136326,-0.4012034072930776,-17.396,167.6092,5.0
4.025328055555556,5.2299999999999995,0.36832956257496835,-0.4178858791139594,-32.0505,-178.5968,5.0
6.858005555555556,5.2299999999999995,0.36832956257496835,-0.4567123462685118,-6.0627,152.3338,5.1
0.25877944444444445,5.18,0.27406406388126114,-0.4178858791139594,25.9839,-44.9551,5.5
0.12804027777777777,5.220000000000001,0.27406406388126103,-0.4178858791139594,25.9746,-44.9902,5.4
9.614295277777778,5.279999999999999,0.2859681411936974,-0.2330877835266907,4.071,126.5197,5.6
5.123353611111111,5.26,0.25033311140691594,0.36658749817750896,42.4803,143.8087,5.6
6.303815277777778,5.279999999999999,0.23475755815545496,-0.4178858791139594,8.0532,-39.1316,5.2
4.626883333333333,5.380000000000001,0.3392802839999864,1.329801644978426,-15.3256,-70.7731,6.1
6.0332925,5.35,0.35978388574871567,-0.4178858791139594,-15.4846,168.2864,5.0
8.710667777777777,5.351999999999999,0.3576714817942428,-0.4178858791139594,-63.623,169.996,5.02
1.1317997222222222,5.372,0.3410050504676504,0.46201520901005344,36.2034,140.3648,5.2
2.392282222222222,5.442,0.35067553854429784,0.7538591654479807,-23.9036,-176.6033,5.8
0.8357375,5.392,0.37620325475584215,-0.4178858791139594,18.2048,147.1699,5.0
24.24542138888889,5.351999999999999,0.3960022446625501,-0.4178858791139594,-55.0887,-33.1373,5.0
1.5636158333333332,5.3020000000000005,0.3927622973532756,2.020436118277434,-19.007,169.4869,5.1
13.614167777777778,5.242,0.38798052642998715,-0.4178858791139594,37.637,144.5055,5.0
15.90575777777778,5.401999999999999,0.6257759627498931,0.5949784814395821,-23.274,-68.4677,6.8
0.6880702777777777,5.292,0.5847848607251509,-0.4178858791139594,33.4162,46.1104,5.0
0.7766283333333334,5.331999999999999,0.5762098383208831,-0.4178858791139594,34.3323,25.8927,5.4
0.4682988888888889,5.43,0.6000925854492046,0.1764271795049568,-24.6746,-176.7113,6.0
6.374820277777777,5.4799999999999995,0.5996295152471691,5.836849448586675,-7.0058,116.9276,5.7
9.635147222222223,5.451,0.5893584082146729,-0.4333767458047783,35.6148333,-117.4281667,5.51
7.291460277777778,5.591,0.6348481883271156,0.6035183182050335,2.911,128.248,6.4
2.536975833333333,5.601,0.6252190727168259,-0.1696348103508365,-17.4436,167.9099,5.1
16.709983333333334,5.611,0.617062035419093,-0.2855184092494623,-6.3154,103.7211,5.2
2.251860833333333,5.641,0.5907894906159219,-0.2943561472974294,-22.2596,-175.5604,5.3
7.307426944444445,5.4910000000000005,0.43324229812991294,-0.07708681191594428,12.7147,120.9623,5.3
2.800118888888889,5.4910000000000005,0.43324229812991294,-0.4178858791139594,81.3832,-3.3992,5.0
1.6717480555555555,5.461,0.4502949650568562,-0.4178858791139594,38.2379,38.7587,5.1
10.945629166666667,5.391,0.4097817847478232,-0.4178858791139594,-7.4871,-13.6871,5.3
2.315181388888889,5.321,0.4109190241938734,5.205398030080795,-22.1424,-179.4919,5.0
0.7317630555555557,5.2700000000000005,0.41646661864361406,-0.17837324797129844,-57.7404,-25.2567,5.0
2.8297566666666665,5.2,0.2160246899469319,-0.4178858791139594,-16.7247,177.346,5.7
12.914843611111111,5.21,0.21317702607092956,-0.4027922141331616,1.7181,97.053,5.2
3.8208930555555556,5.2,0.2160246899469319,-0.4178858791139594,-23.714,69.7635,5.1
6.857936944444445,5.21,0.2233582075700158,0.5751183959385322,-4.038,-76.9635,5.4
4.093745277777778,5.26,0.29135697844549724,-0.3880957508623847,-10.6606,166.1838,5.8
0.10764722222222221,5.33,0.30568684048294453,-0.31371973066095304,-10.6384,166.1781,5.7
5.387368333333334,5.41,0.3414023367751837,-0.04272886399912806,-5.3441,151.5995,5.9
6.464969722222222,5.38,0.3645392830531291,0.16590133418940048,-0.3705,124.2367,5.0
26.36047,5.45,0.350396600693811,-0.4178858791139594,-4.2241,126.3437,5.7
11.211285277777778,5.5,0.3126943839882287,-0.4178858791139594,27.7645,53.3446,5.5
1.1564169444444443,5.5,0.3126943839882287,-0.4178858791139594,27.7199,53.4201,5.7
11.1851675,5.57,0.31640339933558076,4.858045134667433,-23.4568,179.2275,5.9
0.09948055555555556,5.57,0.31640339933558076,-0.10310352392231953,-2.5751,101.152,5.1
15.39200111111111,5.630000000000001,0.33681514877517627,-0.4178858791139594,-15.8069,-13.0363,6.0
1.2637897222222223,5.58,0.3457680661303983,-0.4178858791139594,-15.3724,-13.1712,5.3
27.646293888888888,5.5200000000000005,0.3735713526965843,-0.4178858791139594,-6.7595,-11.7955,5.1
0.12156138888888889,5.433000000000001,0.3765353753485714,-0.4178858791139594,-56.976,-144.536,5.03
1.8774047222222223,5.503,0.35131657139015465,-0.4178858791139594,-42.9925,41.7836,5.7
27.233620000000002,5.443,0.3649063806877968,-0.4178858791139594,-20.7288,-173.5632,5.1
3.1412966666666664,5.4030000000000005,0.3795918861092803,-0.07708681191594428,-8.9048,117.8202,5.1
2.4616005555555556,5.333,0.38326231226146046,-0.07331339567074478,51.2369,-178.3931,5.0
4.130561111111112,5.4030000000000005,0.533000938085479,1.1212707472174026,28.8591,128.2713,6.6
2.95145,5.392999999999999,0.5402067505440246,-0.4178858791139594,-23.1647,69.0748,5.0
1.5084852777777777,5.333,0.49688026726768003,0.015560486946453176,24.3098,122.4669,5.4
0.8251852777777777,5.423,0.5668244878266997,5.65930028420729,18.9317,145.1116,6.2
17.26638833333333,5.503,0.5725973958880511,-0.4178858791139594,39.4229,40.7073,5.9
0.3108025,5.51,0.5665686189686117,-0.4178858791139594,23.3821,70.3548,5.1
1.327781388888889,5.4399999999999995,0.583476172987762,-0.4178858791139594,-23.5748,69.5986,5.0
2.053704166666667,5.45,0.5778311941119907,-0.4178858791139594,27.7759,53.3785,5.2
1.3384133333333332,5.45,0.5778311941119907,-0.4178858791139594,24.9047,123.2597,5.1
1.9497583333333333,5.459999999999999,0.5699902533279749,-0.4178858791139594,49.1299,158.098,5.1
1.110777222222222,5.3100000000000005,0.41217579852399194,-0.4178858791139594,7.6536,121.7308,5.1
5.630629166666666,5.319999999999999,0.4049691346263335,-0.4178858791139594,-9.4515,155.9975,5.1
0.02984861111111111,5.3,0.4055175020198833,-0.4178858791139594,-9.365,156.1168,5.2
0.10221611111111112,5.2,0.25385910352880187,0.6368832618467972,1.3092,128.068,5.2
2.596701111111111,5.159999999999999,0.1349897115421211,-0.4178858791139594,39.4226,40.7479,5.5
3.767093888888889,5.17,0.13374935098493612,-0.4178858791139594,-9.4658,156.1029,5.2
3.1616694444444446,5.19,0.11972189997379713,-0.41351666030372847,24.8601,123.2684,5.2
11.725853611111111,5.2299999999999995,0.1766981104093204,0.7439291226974558,37.8342,72.2035,5.6
6.994887222222222,5.22,0.1873795909674086,-0.4178858791139594,-17.3336,167.6211,5.0
0.8520563888888888,5.209999999999999,0.196920739836565,1.75987179650366,36.6712,71.0335,5.0
5.147025833333334,5.25,0.21213203435596886,-0.4178858791139594,27.3437,34.7204,5.5
12.589177777777778,5.25,0.21213203435596886,-0.4178858791139594,-57.396,-24.6592,5.1
3.308476388888889,5.29,0.23781411975649608,2.2790144315011025,-16.1358,-174.979,5.6
29.322746111111112,5.279999999999999,0.24404006956964502,-0.4178858791139594,-20.7545,-173.5312,5.1
1.10381,5.470000000000001,0.7165503781622365,-0.4178858791139594,-33.2927,-177.8571,7.4
2.2727094444444442,5.5,0.7102425250887501,-0.4178858791139594,-33.1561,-177.9703,5.5
0.24446416666666668,5.499999999999999,0.7102425250887501,-0.4178858791139594,-47.0167,-11.1694,5.2
0.845635,5.49,0.7093815773067563,-0.4178858791139594,-33.2565,-177.9183,5.5
0.5095377777777778,5.49,0.7093815773067563,-0.4178858791139594,24.8989,123.292,5.0
0.015313611111111111,5.49,0.7093815773067563,-0.4178858791139594,-47.0429,-11.1413,5.0
0.0026630555555555557,5.470000000000001,0.7118832613411958,-0.4178858791139594,24.9423,123.3297,5.3
2.476053611111111,5.49,0.703088424974649,-0.4178858791139594,-33.4107,-178.0116,5.3
0.3728972222222222,5.45,0.7074995092263706,-0.4178858791139594,-33.4318,-178.6183,5.2
4.872355833333334,5.46,0.7026932316294056,-0.4178858791139594,24.9283,123.3575,5.2
0.20439222222222223,5.26,0.1776388345929937,-0.4178858791139594,-33.5856,-178.5667,5.4
2.3435116666666667,5.22,0.16193277068655382,-0.18810468986681284,51.1754,-179.0564,5.1
0.15115805555555556,5.220000000000001,0.16193277068655382,-0.18949489585188634,51.1692,-179.069,5.2
4.580198611111111,5.180000000000001,0.13165611772088492,-0.4178858791139594,34.2871,25.5222,5.1
2.4097183333333336,5.24,0.17126976771553976,4.8851541513763665,-17.4265,-178.9159,5.6
7.043916666666666,5.25,0.15811388300842383,-0.4178858791139594,-33.3567,-178.4791,5.1
2.967127777777778,5.2299999999999995,0.16363916944845286,-0.4178858791139594,-32.2779,-178.1366,5.1
5.822123333333334,5.24,0.17126976771553978,-0.4178858791139594,-16.2027,-172.6698,5.4
10.001026111111113,5.22,0.18737959096740744,-0.39176986668007885,17.5164,145.1047,5.0
3.1200694444444443,5.24,0.19550504398153995,-0.4178858791139594,66.2493,-18.6779,5.4
0.6663019444444445,5.24,0.19550504398153995,-0.43913617060008275,-9.4406,156.0201,5.4
3.68648,5.3,0.23570226039551823,-0.4178858791139594,66.2868,-18.8934,5.7
3.643025833333333,5.279999999999999,0.252982212813473,-0.1696348103508365,-59.7559,-26.1073,5.0
9.892142777777778,5.3,0.24494897427832008,-0.31213092382086904,11.458,-86.8509,5.3
1.0003511111111112,5.2700000000000005,0.22135943621178975,-0.4178858791139594,9.6855,138.4247,5.3
9.15710111111111,5.36,0.30983866769659435,-0.4178858791139594,66.381,-18.707,6.0
0.4203252777777778,5.37,0.3020301677353153,0.3427553955762491,-8.9211,110.9498,5.2
3.1290636111111114,5.390000000000001,0.31073389830457165,-0.40954464320351847,23.1449,93.2856,5.6
9.364294166666667,5.390000000000001,0.31073389830457165,-0.4178858791139594,17.2384,119.8753,5.0
1.8111216666666665,5.369999999999999,0.3164033993355817,-0.4178858791139594,-2.6768,148.0485,5.2
0.2586388888888889,5.33,0.33681514877517793,-0.4178858791139594,-39.1103,78.1809,5.0
3.0345172222222225,5.2700000000000005,0.31640339933558304,-0.4178858791139594,-6.096,-81.5313,5.1
0.24618638888888889,5.2700000000000005,0.31640339933558304,-0.4178858791139594,-23.0222,-112.394,5.0
1.0907408333333333,5.29,0.3247221034122032,-0.4075586346534135,-33.7934,-178.1429,5.5
3.6987691666666667,5.26,0.3373096170846292,-0.4178858791139594,-33.0934,-178.5005,5.0
13.539227777777779,5.26,0.3373096170846292,0.5651883531880073,0.0368,123.7866,6.0
7.759758611111112,5.4799999999999995,0.7539525478731696,-0.31858545160871027,15.8861,-96.0077,7.4
0.01429,5.42,0.7671013260609348,0.36688539946002474,-5.0213,151.9164,5.0
2.3418361111111112,5.51,0.7651434142985509,0.1320398884101104,13.9998,145.587,5.9
0.61151,5.49,0.7766738197095495,-0.4178858791139594,15.7674,-95.7891,5.0
0.6948336111111111,5.49,0.7766738197095495,-0.07937072174856498,-57.9179,-25.3816,5.0
7.4085247222222215,5.5200000000000005,0.7656515018088984,-0.47538082663949865,15.7688,-96.3698,5.4
13.08737027777778,5.529999999999999,0.7587270040447129,1.1647643344647016,-1.6022,-77.5274,5.1
2.0374380555555556,5.5600000000000005,0.7633260552782576,-0.4709123074017625,36.4468333,-117.9751667,5.8
2.1154919444444444,5.65,0.742742665171905,-0.22871856471645974,35.4711,141.0738,5.9
2.5381008333333335,5.61,0.7324995259763339,-0.4099418449135395,-44.6494,167.4756,5.6
7.807210277777777,5.42,0.37653389990514546,-0.4178858791139594,-26.1281,70.7905,5.5
3.917365833333333,5.46,0.347051068928543,-0.4178858791139594,38.5329,43.9407,5.4
1.8594497222222224,5.390000000000001,0.317804971641415,-0.1696348103508365,-32.2257,-71.6188,5.2
6.577805000000001,5.4,0.3055050463303902,-0.4178858791139594,-37.1623,-95.1851,5.1
2.592604166666667,5.53,0.383115880351855,-0.4178858791139594,35.5948,82.4158,6.3
0.19619027777777776,5.49,0.41753243386991246,-0.4178858791139594,35.6685,82.4472,5.0
4.888738611111111,5.48,0.4289522117905439,-0.4178858791139594,-56.745,-25.2442,5.0
5.180180277777779,5.42,0.4211096452627672,-0.4178858791139594,38.7898,27.7934,5.2
4.562221111111111,5.36,0.3864367132317196,-0.32186236571638344,19.1147,121.0947,5.3
19.39540527777778,5.31,0.3842742076521245,-0.4178858791139594,-55.5266,-26.8015,5.1
34.413515555555556,5.3,0.380058475033048,0.10840638666386115,36.7481,28.2482,5.4
11.383296111111111,5.2700000000000005,0.38311588035185856,-0.4178858791139594,-18.8856,-64.0673,5.1
0.0013680555555555555,5.25,0.3922867431979965,-0.14262509406940874,-18.9254,-63.8484,5.0
4.7711625,5.2700000000000005,0.38887301554906584,-0.4178858791139594,33.8765,141.7348,5.3
9.789813333333333,5.209999999999999,0.22335820757001804,-0.4178858791139594,-11.5062,-13.5309,5.7
2.7969063888888885,5.22,0.2149935399546333,-0.4178858791139594,11.4706,-87.8791,5.1
7.281138055555556,5.22,0.2149935399546333,-0.4178858791139594,-33.9786,-177.3044,5.0
3.658233611111111,5.2,0.22607766610418104,-0.4347669517898518,38.1539,-117.9583,5.0
12.762804166666667,5.18,0.2250925735484609,0.4613201060175168,-19.5429,169.2234,5.1
32.95410416666667,5.19,0.2233582075700184,-0.10826714615259252,43.7188,147.9936,5.2
30.583744444444445,5.159999999999999,0.21186998109428246,-0.4178858791139594,-53.0785,-46.8857,5.1
7.122003055555555,5.180000000000001,0.214993539954634,-0.4873961783676338,17.8995,-67.0048,5.3
4.750017777777777,5.2299999999999995,0.22632326929024452,-0.4178858791139594,-9.6799,154.9027,5.5
0.2538022222222222,5.22,0.22509257354846038,-0.4178858791139594,-9.8517,154.8815,5.2
5.838860833333333,5.180000000000001,0.154919333848305,-0.4178858791139594,-35.0672,-107.3521,5.3
2.2115083333333336,5.21,0.16633299933166923,-0.4178858791139594,39.0341,70.9225,5.4
6.550141388888888,5.213,0.16234736421226265,-0.4178858791139594,-15.232,-13.121,5.03
12.176920277777779,5.223000000000001,0.15041054927542705,-0.4178858791139594,-26.9596,-113.7654,5.1
4.282433055555556,5.263,0.16640312497066298,-0.4178858791139594,53.2962,-160.4182,5.5
9.940822500000001,5.3229999999999995,0.23513825720201653,0.6247686096911568,-14.9002,167.3834,5.8
18.13415416666667,5.363,0.22686510921201422,0.724069037196406,21.0329,144.8578,5.5
2.540428055555555,5.333,0.25429859963786544,-0.4178858791139594,11.0651,138.611,5.0
2.7634969444444444,5.4030000000000005,0.37369179219720183,-0.4178858791139594,12.0809,140.2476,6.2
0.04765361111111111,5.453,0.3769482723133253,3.341231104524753,31.5275,138.1263,5.7
0.6053925,5.423,0.40160926284138543,-0.4178858791139594,12.2107,140.3215,5.0
1.962776111111111,5.4030000000000005,0.40781395540396026,0.07980786354234938,-58.823,-25.6731,5.2
0.13148055555555554,5.41,0.401248052954779,-0.4178858791139594,12.3475,140.4041,5.1
1.8941194444444445,5.56,0.5316640543300505,4.783073311900971,-5.6023,110.6893,6.6
5.823906666666666,5.52,0.5513619500836092,0.44453833376912955,-6.3146,106.3418,5.1
0.13200916666666668,5.4399999999999995,0.5641118880348323,-0.4178858791139594,-1.9862,-12.1526,5.0
0.07130361111111111,5.43,0.5638163609624057,-0.4178858791139594,-53.8732,-134.4173,5.4
1.3337488888888889,5.43,0.5638163609624057,-0.4178858791139594,-7.1327,103.4231,5.0
14.26646,5.33,0.49676732760697834,-0.4178858791139594,5.3976,-82.7166,5.2
4.5767605555555555,5.2700000000000005,0.4831608887776883,-0.4844171655424764,56.0188,-153.6197,5.1
4.199208055555555,5.2700000000000005,0.4831608887776883,-0.467536092866584,51.5656,16.2485,5.0
49.178802777777776,5.279999999999999,0.4825856285561041,-0.4178858791139594,-2.6262,68.1717,5.3
10.700927777777776,5.279999999999999,0.4825856285561041,-0.4178858791139594,-17.2505,-173.9593,5.1
5.477833888888889,5.12,0.13984117975602633,-0.4178858791139594,-54.9847,-140.9916,5.0
20.29430611111111,5.14,0.1505545305418217,0.050117035718279926,-59.0899,-25.7164,5.3
2.9151322222222222,5.18,0.16193277068655304,1.1318958929604643,-5.6015,154.1956,5.4
17.263436666666667,5.15,0.14337208778404945,-0.4178858791139594,9.4142,-69.8602,5.1
7.4984675,5.19,0.15238839267550452,1.0646695035394107,12.0163,-86.3553,5.4
2.334025555555556,5.17,0.1636391694484525,-0.1696348103508365,5.1698,94.2237,5.0
5.3959375,5.159999999999999,0.1712697677155397,-0.4178858791139594,12.0386,140.2108,5.0
1.8485269444444445,5.1899999999999995,0.16633299933166656,-0.4178858791139594,-33.277,-177.878,5.3
14.02287888888889,5.17,0.1636391694484525,-0.4178858791139594,-17.2716,167.8762,5.1
3.454471111111111,5.18,0.16193277068655304,-0.4178858791139594,-62.1404,165.326,5.2
17.55304888888889,5.1899999999999995,0.15238839267550447,1.0852246920329973,-14.8645,167.4557,5.1
4.311755555555555,5.23,0.2213594362117898,5.286725080207595,-7.2022,120.4556,5.7
1.3286583333333333,5.19,0.22335820757001612,-0.4178858791139594,-65.3522,179.4229,5.0
8.10373,5.2,0.22110831935703004,-0.40030970344553035,51.9791,-177.3768,5.2
6.013747500000001,5.159999999999999,0.21705094128133304,-0.4178858791139594,-15.8917,67.361,5.0
6.6488797222222225,5.24,0.28751811537130667,-0.45174732489324937,7.4645,-81.91,5.8
22.391434166666667,5.25,0.2798809270624468,4.444657454963082,30.3192,136.7827,5.1
6.7868908333333335,5.42,0.6214677966091431,0.20770681416911033,-7.836,147.7704,7.0
2.837256111111111,5.5,0.6271629240742267,0.2132676381094043,-20.2355,-70.1328,5.9
0.5029899999999999,5.48,0.6408327915038895,0.814928928363709,44.8383,147.5213,5.0
7.304868055555556,5.4799999999999995,0.6408327915038895,-0.4178858791139594,11.8395,94.9771,5.1
0.5766244444444444,5.52,0.6679986693266858,-0.4178858791139594,11.8485,94.9362,6.1
0.6602241666666666,5.52,0.6679986693266858,-0.4178858791139594,11.8485,94.8316,5.0
1.8433972222222221,5.51,0.6740425308044992,-0.4178858791139594,23.1162,93.3092,5.1
1.9847894444444445,5.58,0.6511528238439889,-0.46684098987404726,12.0979,94.9745,5.7
7.071332222222222,5.58,0.6511528238439889,-0.040544254594012584,-10.4102,161.394,5.8
10.391907222222223,5.57,0.6600505031182594,-0.4178858791139594,-33.3719,-177.799,5.0
3.5306825,5.48,0.4802776974487443,-0.3980257936129096,-15.2553,-172.694,6.1
10.710139444444444,5.43,0.4571651780264996,-0.4178858791139594,-10.903,93.8681,5.4
8.009548333333333,5.43,0.4571651780264996,-0.4178858791139594,30.412,94.8613,5.0
15.573171944444445,5.430000000000001,0.4571651780264996,-0.19942493860241126,-8.368,-79.9753,5.1
1.2975736111111111,5.34,0.3949683531626317,-0.4178858791139594,-54.9481,-29.1917,5.2
19.98547888888889,5.35,0.38658045015810844,0.039094688265197276,-57.9583,-25.7469,5.1
15.711147222222221,5.34,0.3949683531626317,1.1955474669913289,-26.0925,-177.4506,5.0
6.109699444444445,5.37,0.43474130238568465,5.492475565998472,-20.8045,-178.6325,6.0
6.336421666666666,5.3,0.41365578819969706,0.4629089128576007,11.0149,-72.4162,5.1
2.935701388888889,5.58,0.8766096305907465,-0.2391451096045109,55.0715,-158.596,7.8
0.05939361111111111,5.58,0.8766096305907465,-0.3530426999530317,54.969,-159.0413,6.1
0.06367722222222222,5.6,0.8743251365736004,-0.27290725495629564,54.7461,-158.875,5.6
1.176263611111111,5.609999999999999,0.8672433978480965,-0.04759458494688529,-15.3973,166.3626,5.1
0.7132658333333334,5.67,0.8485936077482034,-0.06814977344047186,55.2036,-159.3181,5.7
3.331826388888889,5.65,0.8631338250816037,-0.4178858791139594,49.0995,-129.0303,5.0
8.565124444444445,5.77,0.8615876817441934,-0.4178858791139594,33.1438,86.8637,6.3
0.12375944444444444,5.77,0.8615876817441934,-0.4178858791139594,33.2088,86.773,5.0
1.4204980555555555,5.72,0.8612652191849953,-0.16327958299050055,55.2459,-159.344,5.5
0.7535766666666667,5.709999999999999,0.8698020208964543,0.4224936388629642,-27.2861,-70.0623,5.0
12.416024444444446,5.4399999999999995,0.48120219820316384,-0.4178858791139594,33.1508,86.8235,5.1
0.30815166666666666,5.33,0.43728963196287196,-0.07142668754814507,55.2125,-159.619,5.0
15.975068055555557,5.27,0.43728963196287207,-0.08860566150655322,54.818,-160.6718,5.0
0.21175083333333333,5.3100000000000005,0.4383048152953752,-0.4079558363634345,15.5641,-96.0043,5.5
10.08007361111111,5.24,0.42478752858864205,-0.06864627557799809,54.8552,-160.7155,5.0
5.785627222222223,5.25,0.419655943733808,-0.4308942351171471,19.488,-78.0806,5.1
6.3690461111111105,5.15,0.20682789409985286,-0.4178858791139594,30.7591,-41.7985,5.3
21.031376944444443,5.19,0.21317702607093134,4.983262973751553,-20.4644,-178.4219,5.4
2.3027877777777777,5.28,0.4341018825626611,-0.4178858791139594,-60.7833,-25.413,6.4
0.9962783333333333,5.3,0.4242640687119308,-0.09813850254705707,-14.5973,166.7348,5.2
1.3116383333333335,5.32,0.4184627953726746,0.4053146649045562,6.3617,126.8851,5.3
0.7810986111111111,5.34,0.40606512887576385,-0.4178858791139594,-60.5823,-25.3469,5.2
8.886184166666666,5.36,0.392145097862742,0.041775799807838965,24.2781,122.4614,5.2
28.67095777777778,5.39,0.4148627617792571,-0.08632175167393244,9.0183,126.2681,5.8
2.03132,5.4399999999999995,0.39214509786274143,-0.14500830432953474,54.9365,-160.3108,5.5
1.508086388888889,5.431,0.40173097687106374,-0.4178858791139594,-56.595,-143.257,5.01
2.5326497222222226,5.431,0.40173097687106374,-0.4178858791139594,-6.144,70.3292,5.3
8.444051666666667,5.5009999999999994,0.45339337837638993,-0.16814530393825777,54.7905,-161.2041,6.1
4.652371944444445,5.361,0.34910838813564543,-0.10131611622722506,54.9042,-160.3077,5.0
20.490169166666664,5.401000000000001,0.3515189263120225,-0.12991463934873684,54.9443,-160.3298,5.6
0.811338611111111,5.3709999999999996,0.3732276636168475,0.31326316860719017,-59.6952,-26.3941,5.0
6.837065833333334,5.351000000000001,0.38845706183424034,-0.3912733645425526,-16.7975,-173.459,5.0
7.746184722222222,5.411,0.4083693861635039,-0.3756831974242285,30.6287,141.7721,5.8
2.2560047222222224,5.361,0.3854131981825936,-0.4178858791139594,-3.4399,131.1422,5.3
13.283427222222222,5.311,0.39761650982937213,-0.18055785737641392,54.8358,-158.1711,5.0
3.142023611111111,5.38,0.39944405810520867,-0.4178858791139594,-19.0784,-173.3356,5.7
10.830962499999998,5.42,0.41041983924323866,-0.2391451096045109,8.5416,126.5987,5.7
3.9262375,5.369999999999999,0.34334951418181847,-0.4178858791139594,-8.8214,152.7763,5.6
0.021768888888888886,5.369999999999999,0.34334951418181847,0.042868104510396694,-14.1413,-72.8739,5.0
6.012122222222222,5.33,0.33681514877518004,-0.1696348103508365,-5.6123,151.7881,5.2
1.02852,5.35,0.32058973436119226,3.4894866427900904,-7.497,156.8102,5.2
15.323900833333333,5.359999999999999,0.3098386676965966,0.2735429976050905,-16.344,-72.6021,5.1
0.8640986111111112,5.33,0.2750757471437076,-0.4178858791139594,-22.9245,-13.5001,5.5
7.862341666666667,5.44,0.43512450325548757,4.279024341884326,7.2932,124.1331,6.4
1.9965994444444444,5.51,0.4121757985239911,-0.4178858791139594,-3.1882,148.7475,5.7
0.22095916666666665,5.55,0.45030853620354366,-0.4178858791139594,-3.1951,148.6496,6.1
0.39558944444444444,5.54,0.44771022374348896,-0.31580503963856327,-22.8055,-175.8836,5.6
7.262383055555556,5.55,0.45030853620354366,-0.4178858791139594,-20.8168,173.4732,5.7
6.473225,5.640000000000001,0.4168666186896924,-0.4178858791139594,-3.0983,148.9161,5.9
4.763963055555555,5.66,0.3977715704047005,0.6809726516591278,-5.1005,145.3651,5.4
2.477237777777778,5.640000000000001,0.42739521132865577,-0.11025315470269753,-0.3408,124.3637,5.0
8.564134722222223,5.65,0.41432676315520117,0.4004489439567989,-17.3341,-174.2525,5.2
7.214882500000001,5.640000000000001,0.41952353926806013,-0.4178858791139594,17.1128,147.3479,5.4
3.4282972222222226,5.55,0.32403703492039376,0.49130883512410195,-19.5898,-69.1855,5.5
3.1878680555555556,5.48,0.3614784456460271,-0.36605105595621934,-7.2463,-77.8311,5.0
6.136520555555555,5.43,0.2945806812704787,-0.4178858791139594,-61.4142,161.4239,5.6
12.35474638888889,5.43,0.2945806812704787,-0.4178858791139594,38.1878,38.698,5.6
1.7333052777777778,5.36,0.3062315754094931,0.2277655005251706,34.4743,140.3786,5.0
1.4282930555555555,5.290000000000001,0.24244128727958186,-0.1696348103508365,54.7206,-161.1384,5.2
3.733362222222222,5.31,0.2601281735350275,0.17791668591753557,-12.5623,166.6146,5.6
1.3276752777777778,5.35,0.236877840059203,1.1790635960254576,-5.7475,148.2943,5.4
1.4480972222222221,5.41,0.26853512081497394,-0.462769672346332,13.3483,-92.0069,5.8
4.555382222222223,5.38,0.28596814119369957,-0.0363736366387921,-1.7797,100.1815,5.1
1.1704294444444445,5.33,0.3056868404829474,-0.4178858791139594,-24.1379,-175.4365,5.0
1.3263827777777777,5.33,0.3056868404829474,-0.4178858791139594,-28.3128,-176.4362,5.0
6.1034625,5.28,0.2973961069759448,-0.4178858791139594,-9.6826,119.1179,5.1
0.34832277777777776,5.25,0.27588242262078727,-0.4178858791139594,87.386,7.0685,5.3
3.2918355555555556,5.39,0.44083254568297836,1.2888898688462633,-16.0944,168.065,6.4
4.201123888888889,5.38,0.44671641514002774,-0.4516480244657441,54.5622,-161.0906,5.1
1.6060280555555555,5.35,0.4403281604540997,-0.2391451096045109,36.1405,141.8415,5.3
3.3007194444444443,5.31,0.45325979795747107,0.27731641385029004,-4.647,143.6725,5.0
5.908001666666666,5.24,0.42216373863967305,1.1244483608975706,37.4219,138.6742,5.1
10.851281944444445,5.25,0.41965594373381027,-0.4178858791139594,-22.7517,-112.2933,5.2
1.6182841666666667,5.27,0.41109609582189366,3.2190915786932965,33.7517,136.7776,5.2
6.723644999999999,5.3,0.400000000000004,-0.07033438284558734,-15.8386,-74.8369,5.3
1.3097947222222224,5.42,0.5006662228138308,-0.4178858791139594,-41.6794,42.4486,6.3
3.3986586111111112,5.42,0.5006662228138308,-0.4178858791139594,-3.8635,126.2062,5.3
1.6505575,5.279999999999999,0.37653389990514946,-0.08026442559611226,-22.6118,173.2101,5.0
1.5989177777777779,5.2700000000000005,0.38311588035186067,-0.4178858791139594,36.5497,6.2708,5.0
18.325045,5.2700000000000005,0.38311588035186067,-0.4178858791139594,43.2428,87.671,5.3
9.711536944444445,5.28,0.37653389990514946,-0.4178858791139594,-9.6563,119.0873,5.1
0.10409416666666665,5.279999999999999,0.37653389990514946,-0.4178858791139594,-9.5261,118.952,5.1
0.36248111111111114,5.29,0.3754996671103761,-0.4178858791139594,-9.7772,118.992,5.3
2.1190719444444444,5.3100000000000005,0.37549966711037575,-0.24411013097977338,54.7713,-158.1884,5.4
1.8322838888888888,5.33,0.3802046232695735,-0.13378735602144157,54.7143,-161.1058,5.5
1.8271044444444444,5.2,0.18257418583506801,-0.4178858791139594,-9.6376,118.9854,5.0
12.338797222222222,5.17,0.18885620632288402,-0.4178858791139594,-9.6788,118.9168,5.0
4.391253333333333,5.17,0.18885620632288402,-0.4178858791139594,34.2257,45.5918,5.0
2.854947222222222,5.180000000000001,0.18135294011648617,-0.47607592963203543,36.4743333,-81.0865,5.1
0.5765080555555556,5.2,0.20548046676564377,-0.4178858791139594,0.9296,-27.7257,5.5
2.261413055555556,5.2,0.20548046676564377,-0.29773236183260793,55.0487,-157.9354,5.1
1.5439391666666666,5.220000000000001,0.20439612955675568,-0.4178858791139594,-41.6958,42.6202,5.3
7.200346111111111,5.26,0.25473297566057773,-0.4178858791139594,-53.0167,11.5801,5.7
1.9444919444444446,5.220000000000001,0.2616188916046559,-0.4178858791139594,-23.478,-115.1858,5.0
12.57043527777778,5.24,0.29135697844550223,-0.4178858791139594,16.8638,-85.8536,5.7
9.196334166666666,5.24,0.29135697844550223,-0.4178858791139594,-3.901,-12.3642,5.0
11.473059444444445,5.25,0.2838231060987801,-0.4178858791139594,-28.0933,-176.4705,5.1
10.703639444444445,5.265,0.2728959915832876,-0.4178858791139594,-47.016,-12.699,5.15
2.1144694444444445,5.255,0.2813163501983001,-0.4178858791139594,-23.9136,-175.5742,5.0
7.950026111111112,5.205,0.27733854161776933,-0.4178858791139594,-55.3679,-35.9725,5.0
2.7772088888888886,5.205,0.27733854161776933,-0.17320962574102547,1.3943,126.4031,5.1
6.782165000000001,5.275,0.37509258116423444,-0.34291405634749633,-7.3327,39.8126,6.0
0.2793758333333333,5.205,0.35154421248733114,-0.09287557988927893,48.8009,154.8268,5.0
5.043436666666667,5.255,0.3546907886533836,-0.4178858791139594,19.8876,121.2803,5.5
0.13541583333333335,5.245,0.34193079221776806,-0.37836430896687023,28.0443,65.9578,5.6
7.9874294444444445,5.3149999999999995,0.35749902874771317,-0.2391451096045109,53.4301,-163.7134,5.7
8.24839388888889,5.3149999999999995,0.35749902874771317,-0.4178858791139594,-7.3547,39.8115,5.1
18.27993861111111,5.3,0.3681787005729127,-0.4178858791139594,-24.3223,-175.8127,5.0
0.3187888888888889,5.33,0.3529242915351081,-0.4178858791139594,17.9884,-105.8403,5.3
3.8457866666666667,5.34,0.34383458555274005,-0.4178858791139594,-10.4428,124.3686,5.1
7.216791944444445,5.33,0.3529242915351081,-0.4178858791139594,-15.7132,-72.1145,5.0
8.175231111111112,5.2299999999999995,0.2750757471437111,-0.4178858791139594,-6.0131,152.6569,5.0
1.9253941666666667,5.31,0.3142893217686224,-0.4178858791139594,-22.7578,-112.3155,5.8
0.5261155555555556,5.26,0.32041639575195024,0.02380242242938884,-9.3551,114.0643,5.0
3.6082625000000004,5.2,0.30550504633039727,-0.4178858791139594,-22.7539,-112.4921,5.0
11.677572222222222,5.14,0.2503331114069263,-0.4178858791139594,-22.7378,-112.2942,5.1
3.2556008333333333,5.13,0.25407785333547206,0.3276617305954513,-59.6341,-26.4525,5.0
1.1403105555555557,5.13,0.25407785333547206,-0.38223702563957496,20.345,122.2032,5.0
0.42889583333333337,5.11,0.24698178070458246,0.08219107380247538,-19.2414,-70.2937,5.1
3.1279930555555553,5.12,0.24855135843077597,3.679845562317653,1.6852,122.9813,5.2
0.9332233333333333,5.14,0.2458545188611557,5.267957299409103,6.4605,123.476,5.2
12.722181666666666,5.220000000000001,0.3155242550986531,-0.3384455371097601,51.2142,-171.088,5.8
11.353359444444443,5.140000000000001,0.2458545188611557,0.429543969215837,36.8978,23.77,5.0
2.4193691666666663,5.15,0.24152294576983582,5.277291539594596,-18.076,-178.3657,5.1
0.0065049999999999995,5.17,0.23593784492249653,-0.4178858791139594,15.2832,-45.6982,5.2
1.8842255555555556,5.2,0.24494897427832762,-0.4178858791139594,-17.5424,-12.9763,5.4
1.1519230555555555,5.24,0.24129281427805996,-0.4178858791139594,-9.365,152.4101,5.4
2.5966319444444443,5.252000000000001,0.230786096249809,-0.35612101320569445,31.5366667,-115.6613333,5.12
2.9942302777777776,5.242,0.24008331887077042,-0.4178858791139594,-52.5403,26.6096,5.0
5.559946388888889,5.382,0.4904827553883369,-0.4178858791139594,12.0257,124.1272,6.6
4.612319444444444,5.442,0.5023013703611284,-0.4178858791139594,-36.3626,52.2739,5.8
13.800228888888888,5.372,0.49559840372803843,-0.3751866952867023,55.02,-157.9389,5.1
3.923821388888889,5.552,0.648704692273593,-0.29872536610766043,-4.3217,101.1347,6.8
0.09034277777777777,5.732,0.7510111702083894,-0.25900519510556075,-4.2069,101.2411,6.9
0.16211750000000003,5.712,0.769195828266261,-0.36624965681122984,-4.4556,100.9629,5.0
21.114003611111112,5.682,0.7883287526293962,-0.15573275050010163,54.8846,-160.3189,5.1
0.00011222222222222223,5.652,0.8057680945670535,-0.08135673029867,54.943,-160.3142,5.1
5.507094444444444,5.67,0.7944949478896766,-0.4178858791139594,5.2484,-78.5237,5.3
1.7406802777777777,5.679,0.7865317680947285,-0.31858545160871027,-3.446,149.452,5.09
13.57203,5.519,0.739706398211855,0.00811295488355949,54.2149,-162.7756,5.0
11.578183888888889,5.629,0.8584022626044522,5.679160369708339,-6.71,123.4649,6.9
20.49545722222222,5.669,0.840138216141975,-0.3086554088581853,-4.0808,100.9938,5.5
7.973934444444445,5.569,0.7446468215797931,-0.4178858791139594,-7.1849,-12.972,5.8
1.7244025,5.429,0.5800086206255916,-0.4178858791139594,-7.1347,-12.9698,5.5
0.1647488888888889,5.449,0.5668715315954175,-0.4178858791139594,31.0513,141.7219,5.2
1.4571741666666667,5.4990000000000006,0.5545859316242667,-0.4178858791139594,-49.8998,-115.6265,5.6
28.799700555555557,5.529,0.5384844988999733,-0.04630367938931702,-4.7912,152.6752,5.4
0.8538894444444445,5.519,0.5441088534883847,-0.4178858791139594,-9.6512,108.1878,5.2
7.1213838888888885,5.55,0.525462759014481,-0.10280562263980385,-28.5053,-177.1145,5.4
6.308541111111111,5.55,0.525462759014481,-0.4178858791139594,-11.1806,34.5975,5.0
3.3453466666666665,5.36,0.25905812303634346,-0.4178858791139594,-4.0266,101.0051,5.0
3.8114705555555557,5.3100000000000005,0.27668674625930034,-0.4178858791139594,-3.7469,29.2579,5.0
3.028348888888889,5.290000000000001,0.24244128727958233,-0.4178858791139594,-15.2904,-174.088,5.6
4.6037486111111106,5.340000000000001,0.3272783388968992,-0.31858545160871027,9.5785,-84.6376,6.0
0.9801133333333333,5.35,0.3240370349203967,-0.31848615118120494,-21.7664,-175.4399,5.3
6.470456388888889,5.34,0.31692971530679637,-0.2391451096045109,-4.0329,-80.815,5.5
1.9529222222222224,5.32,0.31902629637348173,-0.4178858791139594,12.7194,58.2031,5.2
11.793501944444445,5.4,0.3800584750330483,-0.2887953233571355,-5.5579,151.8638,6.0
0.028580833333333333,5.41,0.3813717929323642,-0.4178858791139594,-5.5708,151.804,5.5
0.04377916666666666,5.41,0.3813717929323642,-0.4178858791139594,-5.5786,152.0573,5.0
0.026104166666666664,5.529999999999999,0.42439499421071314,-0.29872536610766043,-5.5454,151.8365,6.2
0.9006308333333334,5.54,0.41150131632029247,-0.16784740265574202,-5.5625,151.9682,5.1
3.4174555555555557,5.4799999999999995,0.44422216663887243,-0.1696348103508365,-6.6509,104.6542,5.0
29.53937416666667,5.38,0.4263540521418553,-0.1696348103508365,-5.545,151.769,5.0
7.1155172222222225,5.38,0.4263540521418553,-0.4178858791139594,23.1636,93.3258,5.3
4.426283611111111,5.35,0.4275251779460249,-0.4178858791139594,-52.7976,140.6048,5.2
5.114342777777777,5.359999999999999,0.42478752858864255,-0.4178858791139594,-22.7761,-112.2218,5.3
4.743407777777778,5.35,0.4089281382128463,-0.4178858791139594,-54.7673,1.4756,5.9
13.379915,5.359999999999999,0.4141926551202446,-0.4178858791139594,-36.8973,177.1856,5.6
15.983873055555556,5.38,0.39944405810520905,-0.4178858791139594,-14.635,-177.7578,5.2
4.986486666666666,5.26,0.2913569784455021,-0.4178858791139594,-36.8572,177.1265,5.0
21.776243333333333,5.29,0.2884826203122567,-0.4714088095392887,-62.3466,-58.2941,5.4
2.9150091666666667,5.3,0.2788866755113644,-0.4178858791139594,-36.8243,177.2948,5.1
7.89503,5.45,0.4503085362035443,-0.4178858791139594,0.7821,-29.8656,6.5
6.273014166666666,5.44,0.45509461775669485,-0.4178858791139594,27.8389,53.1455,5.2
13.786760555555556,5.529999999999999,0.49001133773731265,-0.4178858791139594,-4.0158,70.1973,6.1
3.067766111111111,5.58,0.4894441291460695,-0.4178858791139594,-54.9713,-130.1897,5.8
0.8316080555555556,5.58,0.4894441291460695,-0.4178858791139594,-35.4385,-15.6138,5.9
3.5539819444444443,5.58,0.4894441291460695,-0.4178858791139594,58.7196,158.9837,5.6
3.303178333333333,5.74,0.600370256129033,-0.3086554088581853,-27.9686,-71.3062,6.8
0.18832694444444445,5.75,0.5873670062235333,-0.290185529342209,-27.951,-71.1538,5.1
0.15436833333333333,5.84,0.5966573556070478,-0.35651821491571545,-28.0315,-71.2662,6.3
0.10966916666666668,5.84,0.5966573556070478,-0.2391451096045109,-27.968,-71.2008,5.1
0.8840155555555556,5.7299999999999995,0.5618422079789513,-0.3263308849541197,-27.9801,-71.2842,5.4
1.5294822222222224,5.79,0.5300943312279388,-0.33735323240720233,-27.9964,-71.3814,5.8
3.5074713888888893,5.75,0.5190803834132444,-0.29872536610766043,-27.8691,-71.3922,5.7
0.4074075,5.7,0.5374838498865673,-0.4178858791139594,-62.397,-58.205,5.3
6.284195277777777,5.61,0.5743595467030101,-0.35582311192317867,-27.8784,-71.3901,5.0
3.932114166666667,5.7,0.6394442031083604,-0.3583056226108099,-27.9162,-71.3701,6.5
2.1316916666666668,5.55,0.5169354139756933,-0.4178858791139594,-56.28,-143.9403,5.3
1.0669227777777779,5.55,0.5169354139756933,0.6796817461015596,-56.0972,-27.6801,5.1
10.242083333333333,5.42,0.4685675570881497,0.03561917330251354,43.135,145.7946,5.0
6.488310277777778,5.42,0.4685675570881497,-0.32950849863428766,-32.317,-179.4204,5.1
4.072540833333334,5.41,0.47010637094172736,-0.4178858791139594,6.1076,-79.9148,5.3
5.410801388888888,5.33,0.46439925351648514,-0.4178858791139594,-14.5868,167.9641,5.0
13.481345,5.29,0.44584501542327487,0.01923460276414744,-4.4773,102.5889,5.3
5.703902222222222,5.29,0.44584501542327487,-0.1696348103508365,37.1282,142.5643,5.3
1.7419527777777777,5.29,0.44584501542327487,-0.4178858791139594,-62.3925,-58.1373,5.0
3.8992283333333333,5.14,0.1429840705968626,-0.4178858791139594,-52.4722,13.4697,5.0
1.6146602777777779,5.13,0.1337493509849418,1.8153807354790943,-6.3336,129.1936,5.2
5.6558536111111115,5.14,0.13498971154212594,-0.4178858791139594,-32.5743,-178.3865,5.2
7.091812222222223,5.2,0.18856180831642189,-0.3864076435947954,8.3579,-82.9722,5.6
0.022818333333333333,5.220000000000001,0.18737959096741125,-0.4178858791139594,8.3541,-82.8145,5.3
30.574123611111112,5.279999999999999,0.2859681411937009,-0.2192850241034611,1.6686,126.5621,5.9
0.9300319444444444,5.41,0.4121757985239917,-0.2192850241034611,-30.3388,-71.4912,6.3
1.7047605555555556,5.5,0.4784233364802446,-0.4178858791139594,-17.1562,167.5321,6.2
1.359643611111111,5.4799999999999995,0.491709037722288,-0.4178858791139594,-17.1708,167.6572,5.1
0.30823694444444444,5.52,0.4638007234913626,-0.4178858791139594,-17.1215,167.7808,5.4
1.9875544444444444,5.52,0.4638007234913626,-0.4178858791139594,47.7718,-27.5197,5.0
0.21189750000000002,5.67,0.5774464862170722,-0.4178858791139594,7.6829,-37.1544,6.7
8.066938055555555,5.7,0.5577733510227157,-0.4178858791139594,-20.7035,-173.5713,5.5
0.4732502777777778,5.77,0.5869885480616751,0.6744188234437813,6.2693,125.8285,6.3
0.5563055555555556,5.76,0.5966573556070501,-0.4178858791139594,-5.5588,152.6503,5.2
4.909825,5.67,0.6395310782127781,0.09152531398796877,-3.5858,140.3876,5.0
0.702185,5.55,0.6204836822995424,-0.20746827323033643,36.6583,141.5674,5.1
0.010444444444444445,5.46,0.5796550698475776,-0.4178858791139594,36.9796,55.1103,5.3
2.458762222222222,5.45,0.5873670062235367,-0.4178858791139594,-52.3832,-55.2649,5.0
4.657712777777777,5.41,0.6045200116161952,-0.4178858791139594,-17.0887,167.78,5.0
1.5204705555555558,5.53,0.6325433669805658,-0.4178858791139594,-17.1102,168.5034,6.2
0.2764583333333333,5.43,0.4900113377373133,-0.4178858791139594,-17.1622,168.5076,5.7
11.191454166666666,5.4399999999999995,0.4926120853842979,-0.4178858791139594,-24.5115,-111.9893,5.6
7.0768555555555555,5.4,0.4268749491621905,1.190781046471077,-4.8713,129.7548,5.9
2.2149305555555556,5.38,0.4417138339593993,0.05577716008607913,27.0437,127.8829,5.0
1.6466627777777778,5.38,0.4417138339593993,-0.4178858791139594,-1.14,98.4985,5.0
3.8641397222222222,5.409999999999999,0.43063260959249805,-0.26893523785608564,-15.1737,-172.9796,5.4
19.205956944444445,5.42,0.4289522117905447,-0.4178858791139594,4.177,126.6843,5.4
3.623709444444444,5.49,0.4094712037087182,-0.348375579860285,4.1773,126.6447,5.7
3.6414147222222226,5.53,0.37431418769679403,-0.21014938477297815,-6.2415,154.4417,5.4
11.979395,5.43,0.3020301677353148,2.567184272121336,-14.7789,-175.9243,5.2
32.66721694444445,5.48,0.38239014399199944,-0.010754126342437838,-21.3968,-69.9096,6.2
14.632742222222223,5.42,0.40770359603788453,0.7897066197773758,42.4938,141.5447,5.0
1.535952777777778,5.33,0.3888730155490648,-0.4178858791139594,-15.5635,-12.7759,5.0
0.1355363888888889,5.33,0.3888730155490648,-0.4178858791139594,-15.562,-13.2277,5.0
2.7215230555555556,5.390000000000001,0.3784471194529332,5.040261419139566,-17.8804,-178.0054,5.6
0.11147805555555557,5.459999999999999,0.4402019738458446,-0.17956485310136142,38.7482,142.2446,6.1
0.10894944444444445,5.42,0.4638007234913625,-0.13229784960886284,38.6814,142.3417,5.0
3.9442052777777774,5.36,0.4623610902506594,0.8114534134010254,-14.8355,167.3917,5.1
1.7846499999999998,5.409999999999999,0.493175650475794,-0.4178858791139594,-17.2562,167.6792,5.9
11.864426944444444,5.41,0.493175650475794,0.8623945327112181,-7.3028,128.4334,5.2
14.03348138888889,5.3100000000000005,0.40947120370871964,0.05905407419375234,-6.0618,147.0232,5.2
1.3180366666666665,5.3100000000000005,0.40947120370871964,-0.1696348103508365,-32.8356,-178.6311,5.0
1.9171344444444445,5.3100000000000005,0.40947120370871964,-0.4178858791139594,48.9321,142.0866,5.0
4.773829722222223,5.3100000000000005,0.40947120370871964,0.6897110892795898,4.2449,96.6838,5.0
13.638530833333334,5.25,0.4062019202318,-0.4178858791139594,10.5269,145.8497,5.0
19.571425277777777,5.28,0.480277697448745,2.898748399561363,55.9733,158.3783,6.4
0.513395,5.37,0.5056349144063012,-0.4178858791139594,-15.1075,179.8718,5.9
11.436873333333333,5.36,0.5125101625008693,-0.4178858791139594,-6.8085,150.425,5.0
7.926217777777778,5.3,0.47609522856952474,-0.4178858791139594,27.8464,85.8765,5.3
9.173688888888888,5.35,0.4904646323187396,0.4956780539343329,-22.3056,171.5856,5.7
16.491870277777778,5.35,0.4904646323187396,0.43192717947596293,15.2631,-92.4356,5.2
1.7719119444444444,5.42,0.48488257455915157,-0.4178858791139594,7.7831,-37.0931,5.7
0.45497000000000004,5.42,0.48488257455915157,0.1953935611584595,-6.2239,154.8729,5.0
7.080481111111111,5.47,0.46200048100023006,1.3198716022279011,-6.7598,129.3659,5.5
6.485013055555555,5.52,0.43153472887152566,-0.4178858791139594,-16.5183,-177.2594,5.5
23.44600611111111,5.470000000000001,0.336815148775176,-0.08026442559611226,35.0368,25.3034,5.9
1.3255527777777778,5.39,0.31780497164141464,-0.15672575477515413,38.0113,73.6916,5.1
0.9273844444444443,5.41,0.29608557321603296,-0.20041794287746376,2.3965,126.8005,5.2
2.272340277777778,5.4,0.3018461712712477,0.8188016450364136,-5.6311,146.9786,5.2
0.7362369444444444,5.5200000000000005,0.5613475849338891,-0.4178858791139594,0.9298,-26.8533,6.9
13.464913888888889,5.529999999999999,0.5558776843874906,-0.4178858791139594,-62.4437,-58.3633,5.3
9.960874444444444,5.540000000000001,0.5601587076693322,-0.4178858791139594,-37.5237,77.8874,5.8
2.2209175,5.540000000000001,0.5601587076693322,-0.4178858791139594,-11.5617,165.1782,5.0
2.6051227777777775,5.5,0.577350269189625,0.014666783098905971,22.9861,93.7677,5.1
7.719763055555556,5.5,0.577350269189625,-0.4178858791139594,2.586,-95.2352,5.5
3.769732777777778,5.409999999999999,0.578215646046813,1.2755836115605597,6.665,125.5523,5.0
3.4433936111111114,5.4,0.5849976258261415,-0.4178858791139594,-6.6024,153.841,5.0
2.2176544444444444,5.39,0.5896326540030384,-0.4178858791139594,38.0178,34.0419,5.1
3.085406111111111,5.43,0.5888784066153024,-0.4278159218644843,9.2643,126.6862,5.6
0.1427725,5.27,0.28303906287138614,-0.4178858791139594,9.4079,126.9433,5.3
14.10220138888889,5.29,0.2923088169119187,-0.4178858791139594,-4.0856,-104.2252,5.5
1.1550405555555554,5.29,0.2923088169119187,-0.4178858791139594,-4.0426,-104.3789,5.8
4.461829722222222,5.34,0.2796823595120416,-0.4178858791139594,51.8569,103.4802,5.5
6.2603925,5.33,0.29078437983419314,-0.4178858791139594,12.7999,143.8689,5.0
0.9747705555555556,5.28,0.3011090610836345,1.2144145482173263,-6.8396,129.3703,5.0
22.41914277777778,5.3,0.2867441755680894,-0.4178858791139594,-62.3157,-58.181,5.2
0.1593725,5.32,0.26997942308422274,-0.4178858791139594,-62.3247,-58.3878,5.2
24.567253055555557,5.39,0.29608557321603296,-0.4178858791139594,-0.2363,-18.8067,5.8
1.9692891666666665,5.35,0.29154759474226594,-0.3890887551374372,9.3766,126.672,5.2
0.026285555555555555,5.32,0.3119829055146038,-0.31113791954581654,9.3453,126.4033,5.0
20.565910555555558,5.3,0.30550504633039105,-0.4178858791139594,27.1573,-111.4068,5.3
4.889161666666666,5.22,0.26161889160465124,-0.4178858791139594,-60.1332,-26.2439,5.0
7.039408333333333,5.2,0.24494897427832185,-0.4178858791139594,34.2487,78.2058,5.3
18.82841722222222,5.22,0.2347575581554572,-0.4178858791139594,38.1981,56.051,5.2
11.390816388888888,5.33,0.3497618237219921,-0.4178858791139594,-48.0249,31.7404,6.1
5.667394444444444,5.35,0.3472111109333281,-0.4141124628687599,39.9847,24.3349,5.4
1.7499336111111112,5.38,0.3457680661303984,-0.4178858791139594,-57.1978,-147.7196,5.5
3.6146936111111114,5.35,0.3171049598406747,-0.348375579860285,51.8905,-169.6828,5.5
5.477439444444444,5.36,0.31340424729448463,0.573430288670943,14.2028,-90.7908,5.3
7.77935,5.36,0.31340424729448463,-0.4178858791139594,34.1448,78.1519,5.0
9.277245833333334,5.35,0.31710495984067466,-0.3633699444135776,51.9534,-169.6077,5.2
6.038866666666666,5.36,0.3062315754094898,-0.4178858791139594,-60.3765,-28.7083,5.1
15.515877222222223,5.33,0.3267686915507334,-0.4178858791139594,-33.5474,-178.2136,5.0
0.7712619444444445,5.32,0.332665998663325,-0.4178858791139594,13.4292,145.88,5.1
17.956774166666666,5.220000000000001,0.19321835661586398,-0.4178858791139594,-15.1492,-174.055,5.1
9.600517222222223,5.18,0.19321835661586506,0.5354975253639379,24.8826,122.0753,5.0
14.967668333333334,5.16,0.16465452046972048,-0.41808447996896986,-17.019,167.7633,5.3
2.5898447222222223,5.12,0.11352924243952238,-0.4178858791139594,9.2267,126.7042,5.1
3.047038888888889,5.2299999999999995,0.4217687623436456,-0.2391451096045109,-19.5385,-174.1217,6.4
9.19200111111111,5.26,0.4141926551202434,-0.11799858804810691,51.6673,-174.9166,5.3
0.16039472222222223,5.35,0.49046463231873905,0.21763685691963525,-5.9961,148.6656,6.1
0.5147702777777777,5.34,0.49710271686152707,1.0163101953443543,36.7385,26.7488,5.0
7.166031666666667,5.34,0.49710271686152707,0.4953801526518171,-6.3612,130.738,5.0
16.032568611111113,5.4,0.5011098792790967,-0.4178858791139594,-62.3622,-58.2612,5.7
2.9815530555555556,5.4,0.5011098792790967,-0.4172900765489279,-17.1154,167.602,5.1
10.24700138888889,5.42,0.4871686908385357,0.5747211942285112,18.7253,145.916,5.2
10.0042175,5.47,0.49899899799498465,-0.2307045732665647,33.4766,140.9412,5.8
2.915681388888889,5.47,0.49899899799498465,-0.17787674583377217,29.8895,130.7336,5.1
0.9387655555555555,5.359999999999999,0.37771241264574135,-0.4178858791139594,69.2919,-29.8937,5.3
3.1221369444444442,5.37,0.37727090178455763,-0.32851549435923516,-7.1745,150.0739,5.4
11.087833888888888,5.2700000000000005,0.2830390628713863,0.41087548884485003,-12.4717,166.5355,5.1
5.701401388888889,5.279999999999999,0.274064063881262,-0.036075735356276346,49.0687,155.2285,5.1
8.990448055555555,5.34,0.27162065049951223,0.6843488661943063,13.6082,120.7526,5.6
8.848286111111111,5.27,0.2584139659108602,0.08358127978754887,-9.6117,119.3493,5.0
4.070484722222222,5.28,0.2529822128134729,-0.4178858791139594,-21.8877,169.8848,5.2
1.6022794444444446,5.279999999999999,0.2529822128134729,-0.4178858791139594,-54.2479,-133.2006,5.2
4.2569405555555555,5.2,0.18856180831641955,0.6844481666218116,-15.6114,167.8046,5.0
5.964678611111111,5.2,0.18856180831641955,-0.4178858791139594,-62.2485,-58.2462,5.1
0.04253583333333333,5.2,0.18856180831641955,0.8016226710780056,19.8649,145.3563,5.3
4.655634166666666,5.159999999999999,0.18378731669454507,-0.4178858791139594,34.1788,79.2141,5.0
4.693553055555556,5.19,0.19692073983656605,-0.4178858791139594,32.8688,-39.8406,5.4
1.4980033333333334,5.2700000000000005,0.2945806812704785,-0.20935498135293618,54.8508,-159.8514,5.9
4.282271388888889,5.3,0.34318767136623496,5.768530754463064,-17.9962,-178.4717,5.9
3.748848611111111,5.34,0.3272783388968961,-0.4178858791139594,-62.3469,-58.2113,5.4
28.464483055555554,5.35,0.32403703492039354,-0.4178858791139594,18.174,-64.1781,5.3
13.182751111111111,5.46,0.43512450325548424,0.5353982249364325,-6.0942,146.1738,6.3
3.1135872222222223,5.49,0.40947120370871604,-0.4178858791139594,71.629,-11.3098,5.3
3.67162,5.55,0.3894440481849271,-0.19942493860241126,52.7723,-168.2804,5.7
1.0406644444444444,5.5200000000000005,0.421109645262764,-0.36366784569609334,-11.155,163.2713,5.0
0.3891747222222222,5.540000000000001,0.3977715704046979,0.249412993721315,-58.9366,-25.5815,5.2
0.1731463888888889,5.58,0.402216083439952,-0.2192850241034611,-5.904,150.8415,5.8
2.4339316666666666,5.49,0.4228212125447065,4.682680579693164,52.6525,152.6467,5.0
4.828475555555555,5.41,0.41217579852398933,0.43669359999621493,-6.1814,146.3259,5.1
3.712795277777778,5.41,0.41217579852398933,-0.4178858791139594,-6.0429,122.5845,5.4
5.975215277777778,5.38,0.4315347288715267,1.1016092625713634,-27.8978,-66.405,5.0
12.44284638888889,5.29,0.2884826203122533,-0.24907515235503583,-17.2045,167.4386,5.4
6.305406666666666,5.26,0.30258148581094246,-0.4178858791139594,-35.2523,53.9297,5.0
9.569971111111112,5.28,0.3392802839999884,-0.4178858791139594,-28.5892,-112.3535,5.9
4.384343333333334,5.33,0.33015148038438463,0.009105959158611995,24.6661,93.4997,5.5
3.343430277777778,5.3100000000000005,0.3446415206816772,-0.4178858791139594,-62.3293,-58.1804,5.0
17.71223861111111,5.29,0.31780497164141647,-0.4178858791139594,-28.5658,-112.0664,5.6
9.786277777777777,5.3,0.3091206165165256,3.568331182229258,29.4688,139.3416,5.1
0.03560027777777778,5.3,0.3091206165165256,-0.4178858791139594,35.5856,26.2443,5.1
3.6798977777777777,5.279999999999999,0.30840089349921296,-0.4178858791139594,35.6445,26.2467,5.2
0.0405175,5.34,0.30623157540949003,-0.3384455371097601,14.8318,-93.6423,5.6
0.009371944444444443,5.35,0.31001792062897154,-0.4178858791139594,14.5482,-93.5454,5.5
0.05182027777777778,5.35,0.31001792062897154,-0.4178858791139594,14.6726,-93.7508,5.0
1.822803611111111,5.27,0.24966644414765735,0.48475500690875556,14.5717,-91.7423,5.1
14.933483611111111,5.22,0.2485513584307696,0.7682577274362418,-16.4785,-70.9327,5.0
12.4489675,5.26,0.24129281427805602,-0.4178858791139594,13.9738,56.9359,5.4
29.979273888888887,5.2,0.2211083193570349,-0.4178858791139594,-10.1624,66.2964,5.0
15.527992777777778,5.2,0.2211083193570349,-0.4178858791139594,-31.2695,-177.7261,5.1
2.6828308333333335,5.21,0.21832697191751196,-0.32851549435923516,-3.1911,100.3854,5.2
14.451792777777777,5.2,0.2211083193570349,-0.4178858791139594,8.1144,-37.9705,5.1
19.967788333333335,5.180000000000001,0.18737959096741377,0.10165395759350422,13.6785,120.2608,5.4
4.4927005555555555,5.14,0.15055453054183324,-0.4178858791139594,-3.3215,100.2724,5.1
4.201097777777777,5.16,0.1429840705968644,0.08258827551249637,45.3713,150.0234,5.2
6.0208844444444445,5.2,0.17638342073764987,-0.4178858791139594,-54.5812,-133.0296,5.5
7.094548333333333,5.220000000000001,0.16193277068655823,-0.28442610454690453,-3.2572,100.3043,5.2
0.0231,5.2,0.14907119849999834,-0.4178858791139594,-3.2733,100.4042,5.2
6.1464452777777785,5.220000000000001,0.13165611772088884,-0.4178858791139594,-62.3472,-58.3987,5.2
6.888225555555556,5.26,0.15055453054182372,-0.43774596461500925,-3.9177,-81.8157,5.5
2.734085277777778,5.25,0.15811388300842694,-0.4178858791139594,-16.6228,-177.2779,5.1
13.105237222222222,5.25,0.15811388300842694,-0.4178858791139594,-3.4021,100.2732,5.1
8.711215833333334,5.27,0.18885620632287595,-0.31858545160871027,-3.3684,100.2706,5.6
0.2642247222222222,5.3100000000000005,0.1911950719960027,-0.3480776785777692,-3.3848,100.3604,5.5
1.8585583333333335,5.3,0.20000000000000337,-0.1696348103508365,2.8873,96.3169,5.1
0.06689833333333334,5.26,0.1955050439815416,-0.32563578196158294,-3.3354,100.3183,5.1
4.484508611111111,5.26,0.1955050439815416,3.1620931333052833,-7.1522,126.6203,5.2
6.711455555555556,5.5,0.7630348761506375,-0.23547099378681668,54.602,-159.6258,7.6
0.18844027777777778,5.55,0.7575545451575644,-0.291377134472272,54.4386,-159.6143,5.7
0.0064061111111111116,5.569999999999999,0.7587270040447102,-0.2566219848454348,54.5073,-159.729,5.7
0.1317488888888889,5.56,0.7662317607037091,-0.3500636871278742,54.3415,-159.5688,5.0
0.13721638888888887,5.57,0.7601900347208477,-0.2927673404573454,54.3536,-159.8541,5.2
0.16478305555555556,5.5600000000000005,0.7604092465391364,-0.2528485686002353,54.3886,-159.8241,5.5
0.037878055555555554,5.5200000000000005,0.7743097284391766,-0.24838004936249908,54.4563,-159.6198,5.1
0.1793252777777778,5.6,0.767390962214752,-0.21332699845314612,54.1535,-159.5619,5.9
0.00041777777777777777,5.68,0.7509993342207383,-0.31093931869080604,54.3371,-159.8425,5.9
6.361549166666667,5.720000000000001,0.7330302403948452,-0.3898831585574791,54.2743,-159.6399,5.6
8.418121944444446,5.470000000000001,0.3433495141818117,-0.29872536610766043,54.3624,-159.7745,5.1
0.7973261111111111,5.42,0.3425395354310677,0.4721438526155888,17.9617,146.2487,5.2
0.3874841666666667,5.41,0.33482997343593607,-0.4178858791139594,64.0134,-22.1508,5.6
5.242530833333333,5.41,0.33482997343593607,-0.4178858791139594,-19.372,-173.9881,5.0
5.412106666666666,5.4799999999999995,0.358391468152412,-0.4178858791139594,-19.3323,-172.3327,5.9
0.92205,5.4399999999999995,0.37771241264573846,-0.32990570034430866,54.2757,-159.6278,5.1
0.7091283333333334,5.45,0.36893239368630776,-0.3943516777952154,-62.3153,-58.3144,5.2
2.072431388888889,5.38,0.33928028399998506,-0.4178858791139594,31.9179,104.2275,5.2
0.27218472222222223,5.33,0.28693785622209905,-0.4178858791139594,-56.1681,-143.565,5.4
4.866549444444445,5.34,0.29888682361946595,-0.31858545160871027,-25.5231,-70.9323,5.7
13.796626944444446,5.35,0.2915475947422652,-0.41937538552653814,37.3185,20.5134,5.2
4.045302222222222,5.36,0.28751811537130406,-0.4178858791139594,31.9456,104.235,5.3
5.341623611111111,5.38,0.31198290551460134,1.905744124508871,-20.826,-176.6209,5.8
14.707070277777778,5.38,0.31198290551460134,-0.4178858791139594,52.7083,-35.0029,5.0
1.4506902777777777,5.33,0.2540778533354614,-0.4178858791139594,19.9939,-45.8446,5.4
1.2117775000000002,5.41,0.29608557321603013,-0.4178858791139594,-36.3799,-97.1088,5.9
0.54718,5.39,0.3178049716414125,-0.4178858791139594,19.9558,-45.7931,5.0
4.756492222222222,5.48,0.37947331922020094,3.991053102119104,-25.634,-179.9621,6.1
9.028267777777778,5.44,0.4087922591134875,-0.4178858791139594,-62.1607,-57.9088,5.0
0.39523694444444446,5.37,0.4191260749066636,0.7081809687955661,-27.5866,-67.2969,5.0
2.513938888888889,5.369999999999999,0.4191260749066636,0.5600247309577344,-14.9877,167.1204,5.2
15.659290277777778,5.34,0.43512450325548624,-0.4178858791139594,-62.392,-58.3181,5.0
0.8996502777777777,5.26,0.41419265512024483,-0.4178858791139594,35.7462,48.9355,5.0
13.374403333333333,5.3,0.4055175020198831,-0.09019446834663716,-7.9934,107.9821,5.4
10.133934444444444,5.27,0.40838435055445016,0.3143554733097479,-10.2653,161.5296,5.1
0.7138388888888889,5.2700000000000005,0.40838435055445016,-0.12991463934873684,-15.3631,-173.424,5.9
1.0058766666666668,5.279999999999999,0.4022160834399587,0.1503111670710763,14.765,-92.5894,5.1
8.487753611111112,5.2,0.2828427124746265,-0.4178858791139594,-20.0026,-70.9641,5.3
2.4322725000000003,5.25,0.28771127502720617,-0.4178858791139594,-56.7013,-141.6486,5.5
3.260983611111111,5.25,0.28771127502720617,-0.4178858791139594,-6.3974,154.2702,5.0
5.462741666666666,5.24,0.2913569784455009,0.4743284620207043,0.5373,121.5452,5.1
13.137444444444446,5.24,0.2913569784455009,-0.4178858791139594,32.1448,56.0268,5.0
22.15039888888889,5.28,0.2820559440174194,-0.29872536610766043,-2.2318,119.079,5.4
8.497056944444443,5.29,0.28848262031225386,1.862747039399098,53.2019,-173.4156,5.5
0.6472544444444445,5.33,0.28693785622209905,0.05498275666603708,-34.8887,-71.6926,5.5
4.167036388888889,5.3,0.23094010767585332,-0.29872536610766043,-14.9365,-75.7131,5.6
0.10732861111111111,5.32,0.22010098692292415,-0.04590647767929603,-0.2149,124.4602,5.3
2.896065,5.319999999999999,0.22010098692292415,-0.4178858791139594,-62.9004,-157.8369,5.3
0.37650083333333334,5.31,0.21317702607092898,-0.4178858791139594,-63.5536,-156.5067,5.4
1.793144722222222,5.39,0.23309511649395817,1.2702213884752764,-14.4548,167.415,5.8
0.6708108333333332,5.459999999999999,0.24129281427804394,-0.020684169092962754,-29.3186,-71.2397,5.8
0.3166361111111111,5.459999999999999,0.24129281427804394,-0.4178858791139594,-23.8129,69.2597,5.0
6.803288055555555,5.459999999999999,0.24129281427804394,-0.4178858791139594,-62.3222,-58.1832,5.4
0.1293125,5.45,0.24152294576981714,-0.4178858791139594,-29.7627,-111.6407,5.4
8.910476388888888,5.409999999999999,0.26436506745197424,-0.4178858791139594,-62.2427,-58.2131,5.1
0.6349544444444444,5.35,0.2838231060987733,-0.4178858791139594,-62.463,-58.3247,5.0
11.076308888888889,5.32,0.3047767853510005,0.2643080578471024,-18.2249,-174.6326,5.0
7.815306388888889,5.32,0.3047767853510005,5.1900064638174825,-20.8413,-178.5491,5.3
2.0351733333333333,5.29,0.3107338983045742,-0.2712191476887064,54.5046,-159.6855,5.1
4.036816111111111,5.3,0.3299831645537246,-0.4178858791139594,10.6312,-43.5286,5.9
1.6049941666666667,5.24,0.2796823595120469,4.632335262948003,-25.8462,179.3371,5.2
0.9199586111111111,5.290000000000001,0.2766867462592986,-0.31858545160871027,-8.8203,161.0406,5.5
0.6878805555555555,5.45,0.6096447052723932,-0.3086554088581853,37.8973,26.7838,7.0
3.3912608333333334,5.4399999999999995,0.6113736809658841,-0.4178858791139594,37.8319,26.8222,5.3
2.7797575,5.4399999999999995,0.6113736809658841,-0.28611421181449376,-5.6042,142.2062,5.1
0.3829486111111111,5.49,0.5915140648276117,-0.15970476760031158,-10.1704,-75.1714,5.5
4.535017222222222,5.55,0.566176258382095,-0.4178858791139594,71.5432,-3.2896,5.6
0.83277,5.55,0.566176258382095,-0.4178858791139594,71.4672,-3.3066,5.3
7.915289722222223,5.56,0.5581716183715796,-0.4178858791139594,-62.338,-58.2311,5.2
2.5626683333333333,5.4799999999999995,0.561347584933886,4.939272884366728,-22.1234,-179.1797,5.1
10.810408333333333,5.47,0.5677440737985109,-0.321663764861373,-55.734,-27.1091,5.1
6.6546,5.49,0.5724217559340855,1.2900814739763264,-7.0719,129.2407,5.7
1.2968583333333332,5.3,0.22607766610417734,0.19847187441112207,10.0129,-84.0616,5.1
37.01383055555556,5.3,0.22607766610417734,-0.39584118420779413,-3.4262,131.1283,5.3
8.648915833333334,5.39,0.30349812373573126,-0.4178858791139594,-44.4111,-79.375,6.0
5.633809444444444,5.409999999999999,0.3178049716414102,3.335670280584459,-19.9889,-177.464,5.7
17.275886111111113,5.36,0.32386554137309503,-0.3477797772952535,-55.7988,-26.9,5.1
10.886793611111111,5.359999999999999,0.32386554137309503,-0.4178858791139594,-35.5799,-104.0024,5.3
5.985143611111111,5.34,0.34058772731852743,0.03770448228012378,10.0607,126.0084,5.0
3.900251388888889,5.35,0.334165627596056,-0.12008389702571715,-7.3061,106.1567,5.2
14.578322777777778,5.35,0.334165627596056,-0.35105669140292667,54.1358,-159.7659,5.1
9.008634722222222,5.289999999999999,0.31780497164141547,-0.32702598794665644,-6.5928,146.971,5.1
10.993142777777777,5.33,0.31640339933558065,-0.3980257936129096,40.9903,143.255,5.5
0.3406852777777778,5.3,0.3333333333333342,-0.4178858791139594,40.915,143.2374,5.0
7.997277777777778,5.22,0.22509257354846088,-0.3086554088581853,40.9265,143.3621,5.2
6.540119444444445,5.24,0.2756809750418082,-0.39474887950523635,-62.2342,-58.1924,5.9
1.3535863888888888,5.3100000000000005,0.3212821536005734,-0.3583056226108099,25.71,143.6051,5.8
8.275951944444444,5.4,0.42687494916218743,-0.17956485310136142,-15.2458,-173.5276,6.2
2.9351452777777776,5.41,0.41753243386991024,-0.10508953247242454,61.52,-149.9144,5.1
9.125744166666665,5.41,0.41753243386991024,-0.42503550989433736,32.3486,141.6979,5.2
3.1384922222222222,5.43,0.40565447804203103,-0.4022957119956353,-11.5972,165.0159,5.3
5.869795555555555,5.45,0.3922867431979895,-0.4178858791139594,0.9936,-28.2474,5.3
34.238545555555554,5.44,0.39214509786273566,1.6376329702446983,-3.7866,153.3454,5.4
9.104638611111112,5.46,0.37178249316262646,-0.4178858791139594,12.1984,140.3037,5.2
12.813176111111112,5.4399999999999995,0.39214509786273577,-0.1696348103508365,38.9261,70.6139,5.0
10.135191388888888,5.45,0.40620192023179374,3.6236415203496817,-19.7177,-177.561,6.0
3.09188,5.369999999999999,0.4083843505544461,-0.4178858791139594,41.6751,20.7949,5.0
1.3947744444444445,5.32,0.31552425509864684,-0.4178858791139594,25.4713,142.75,5.7
16.258689722222222,5.3100000000000005,0.3247221034122025,-0.4178858791139594,21.6473,121.8442,5.0
9.749592222222223,5.319999999999999,0.3224903099319426,-0.04342396699166481,10.2155,126.0501,5.3
12.022855555555555,5.3,0.3299831645537237,5.178586914654379,4.1129,122.724,5.1
9.265532222222221,5.290000000000001,0.3314949304120504,-0.4178858791139594,-49.5875,117.3583,5.2
4.616600277777778,5.319999999999999,0.35527766918597997,-0.4178858791139594,-53.1621,160.0486,5.7
0.018892222222222223,5.33,0.35292429153510485,-0.469522101416689,38.1693,-117.8533,5.3
9.320907777777776,5.340000000000001,0.3438345855527365,-0.4178858791139594,5.7913,95.5619,5.1
0.5184238888888889,5.2700000000000005,0.2540778533354635,-0.3995153000254883,22.3829,-107.7985,5.3
7.878378888888889,5.32,0.24404006956964255,-0.3976285919028886,30.3659,67.435,5.5
3.7606236111111113,5.29,0.20789954839350525,-0.11998459659821192,-19.5831,168.8591,5.4
2.131200277777778,5.29,0.20789954839350525,0.5121619249002042,23.6092,94.6188,5.0
1.8137530555555557,5.28,0.2097617696340338,-0.4178858791139594,-27.7324,74.1059,5.2
19.933060833333332,5.2700000000000005,0.22135943621179047,-0.3098470139882483,11.8301,124.2432,5.0
5.9667666666666666,5.279999999999999,0.2201009869229257,0.8858294336024568,-24.1244,-67.5284,5.3
10.074615,5.3100000000000005,0.2923088169119178,-0.09019446834663716,8.7572,126.2914,6.0
15.075859444444443,5.29,0.2998147576235867,-0.4178858791139594,-10.9231,164.396,5.1
1.4322630555555556,5.29,0.2998147576235867,-0.4178858791139594,27.6078,129.934,5.1
7.619298055555556,5.3100000000000005,0.3071373199943862,-0.18949489585188634,-6.962,155.7366,5.5
2.9802825,5.36,0.37475918193480434,-0.32851549435923516,-2.6706,99.3227,6.0
20.632143055555556,5.33,0.3831158803518563,-0.4178858791139594,-15.0212,167.8683,5.1
2.6439152777777775,5.34,0.374759181934805,3.120287653325574,32.1835,137.8951,5.1
3.686276111111111,5.34,0.374759181934805,-0.3620790388560094,-1.8125,100.4271,5.2
34.145628333333335,5.34,0.374759181934805,4.770164256325289,-23.3659,-179.7385,5.0
12.476499166666667,5.38,0.39101008796307,-0.4178858791139594,-53.9402,140.6723,5.7
13.373006666666667,5.279999999999999,0.33928028399998805,-0.4178858791139594,-2.7692,128.7604,5.0
3.368842777777778,5.279999999999999,0.33928028399998805,-0.4178858791139594,-11.5043,167.3002,5.1
3.214332777777778,5.3,0.33333333333333465,-0.4178858791139594,-21.3851,169.0369,5.3
2.9195780555555553,5.3,0.33333333333333465,-0.010754126342437838,-30.9181,-71.4511,5.5
22.719048055555557,5.31,0.35730472522297724,-0.29872536610766043,-34.5978,-73.0596,6.1
2.969911111111111,5.3100000000000005,0.35730472522297724,-0.4178858791139594,36.6442,6.8625,5.1
1.4247097222222223,5.35,0.35355339059327323,-0.4178858791139594,-16.7489,174.4645,5.5
4.787894444444444,5.38,0.3521363372331786,-0.18949489585188634,36.5889,141.1105,5.5
1.3590547222222222,5.409999999999999,0.3281259920619896,-0.4178858791139594,-2.6552,127.4963,5.3
36.55028083333333,5.36,0.31692971530679137,0.3277610310229566,13.7662,145.6449,5.2
14.118924166666666,5.380000000000001,0.2973961069759376,0.12588326190478508,-22.1758,-176.1842,5.2
2.7393758333333333,5.37,0.30930028559098643,-0.4178858791139594,25.5167,142.6883,5.0
5.183542500000001,5.390000000000001,0.3107338983045689,-0.4178858791139594,-8.9759,67.5822,5.5
0.26461999999999997,5.340000000000001,0.33065591380365966,-0.4178858791139594,-16.8323,174.3728,5.0
17.028736666666667,5.23,0.21108186931984058,0.5643939497679653,1.897,127.4291,5.0
7.285774444444445,5.29,0.25144029554195046,-0.4178858791139594,-41.1242,-90.3987,5.7
0.30587194444444443,5.33,0.31287200080686206,-0.4178858791139594,-61.913,154.9182,5.9
4.861402777777777,5.32,0.3084008934992108,-0.1696348103508365,-4.6423,144.9188,5.4
0.8973933333333334,5.3,0.3162277660168395,0.25308710953900915,-20.037,169.1388,5.1
0.01692361111111111,5.29,0.321282153600575,0.018539499771610693,-4.6163,144.8251,5.1
12.352641111111112,5.29,0.321282153600575,-0.4178858791139594,-39.4567,46.2083,5.2
25.690004166666668,5.319999999999999,0.3047767853509998,0.0017577275232235371,49.997,156.371,5.3
2.2625655555555557,5.279999999999999,0.30477678535100144,-0.4178858791139594,-22.457,-12.7238,5.1
7.0692144444444445,5.279999999999999,0.30477678535100144,-0.4178858791139594,-55.5268,-29.8418,5.0
9.078521111111112,5.31,0.2884826203122521,-0.4178858791139594,-55.5739,-124.937,5.3
7.09377,5.28,0.25733678754158673,-0.4178858791139594,-17.427,66.123,5.4
12.769558888888888,5.25,0.18408935028646023,0.5611170356602921,-14.7607,167.2454,5.6
5.781305,5.2299999999999995,0.17669811040932168,0.031249954492282527,-5.0092,102.93,5.2
1.871115,5.3,0.2449489742783198,-0.43774596461500925,-23.2591,-65.0281,5.8
0.19295111111111113,5.29,0.25582111805800084,-0.4178858791139594,-31.2456,58.6738,5.0
4.884455833333334,5.3100000000000005,0.25582111805800006,4.07347245694846,-31.8543,179.1983,5.4
2.1921577777777776,5.34,0.27162065049951173,-0.4178858791139594,-17.6793,-174.7733,5.6
0.669435,5.33,0.2830390628713843,-0.4178858791139594,-17.5311,-174.6434,5.0
4.368219444444445,5.38,0.2616188916046463,-0.17956485310136142,52.7448,-168.2605,5.5
12.250561666666666,5.35,0.28771127502720095,-0.24023741430706866,3.067,96.1349,5.0
2.000781388888889,5.35,0.28771127502720095,-0.4178858791139594,-2.8631,147.726,5.4
3.6721616666666663,5.430000000000001,0.4372896319628678,5.331608873439968,48.2521,140.7971,6.4
0.0081425,5.54,0.5059644256269363,1.3595917732300007,-24.3221,-67.0048,6.3
17.460002499999998,5.6,0.5715476066494032,-0.2887953233571355,52.7551,-168.2401,6.4
0.218955,5.67,0.5313504806936058,-0.4178858791139594,53.6855,-150.5827,5.7
1.0563477777777777,5.64,0.5561774297230396,0.2165445522170775,-59.8745,-26.4553,5.1
3.2294591666666665,5.680000000000001,0.5672545969648639,-0.4178858791139594,-61.9496,154.7341,6.0
2.666529722222222,5.69,0.5546770832355155,-0.467536092866584,38.1637,-118.0837,5.1
10.123859444444445,5.66,0.5738757124441897,-0.4178858791139594,-15.2349,-173.1823,5.2
7.337039722222222,5.680000000000001,0.5513619500836021,0.14256573372566686,-24.2149,-69.3203,5.2
2.6631183333333337,5.6899999999999995,0.5466056876558916,-0.4178858791139594,-6.1892,-107.3854,5.5
0.9333427777777779,5.57,0.5034326612809694,-0.3846202358997009,-3.4416,123.2663,5.2
6.017600555555556,5.46,0.44271887242357016,0.7506815517678128,-31.9253,-67.141,5.2
3.1314969444444443,5.32,0.31552425509864723,-0.4178858791139594,37.9458,41.697,5.0
0.5075933333333333,5.25,0.2990726407487766,-0.4178858791139594,-57.0424,-140.8861,5.0
10.86265611111111,5.279999999999999,0.29739610697594226,-0.4178858791139594,-22.7319,170.6841,5.4
2.6852811111111112,5.18,0.16865480854232495,0.7559444744255911,3.2875,98.2137,5.0
6.521980833333334,5.17,0.17669811040932576,-0.4178858791139594,11.5614,-87.1227,5.0
1.771905,5.16,0.17763883459300175,1.4032839613323103,-23.8622,-66.5468,5.1
1.7014916666666666,5.14,0.1837873166945491,0.5296388001411282,-31.3225,-68.9453,5.0
14.696789166666667,5.1,0.1333333333333541,-0.4178858791139594,-40.2293,77.9225,5.1
10.219038055555554,5.119999999999999,0.16193277068656417,-0.4178858791139594,-18.8724,-172.8209,5.4
0.08844805555555556,5.11,0.15951314818675544,-0.44966201591563915,-62.3307,-58.2715,5.1
5.9338813888888895,5.14,0.16465452046972728,0.32210090665515734,36.0719,31.8808,5.3
14.992715555555556,5.148000000000001,0.15894093941532741,-0.4178858791139594,-54.491,-130.672,5.08
1.0990519444444444,5.108,0.13733980567274592,-0.4178858791139594,-54.688,-130.6501,5.0
1.8543013888888888,5.128,0.13439576712912943,-0.4178858791139594,-18.9406,-172.9708,5.2
10.104539166666667,5.238,0.32828849101565516,0.5254681821859076,-20.3947,-69.0609,6.1
12.63409861111111,5.268,0.32798373943434345,5.572611010995207,-21.0286,-179.1109,5.4
9.194065833333333,5.308,0.3158339929632531,0.16699363889195823,12.9771,124.5106,5.4
7.877088611111112,5.308,0.3158339929632531,0.07384983789203448,-8.2703,159.2686,5.1
2.2897158333333336,5.318,0.32061745984203105,-0.31858545160871027,22.5204,144.7385,5.5
2.5764930555555554,5.318,0.32061745984203105,-0.1696348103508365,4.7546,-77.4135,5.1
1.8765302777777777,5.298,0.32801761470316937,0.38466017598346425,22.2089,94.3877,5.1
1.879217222222222,5.290000000000001,0.3348299734359405,-0.0776826144809758,-32.0622,-71.5075,5.0
10.822705555555554,5.33,0.3198958163736029,-0.2306052728390595,16.0067,-95.2266,5.4
5.613608888888889,5.35,0.31710495984067427,-0.4178858791139594,-28.2202,-176.1391,5.4
7.226260555555555,5.26,0.17763883459299637,-0.3739950901566393,53.1097,170.5438,5.2
14.957809444444445,5.26,0.17763883459299637,-0.348375579860285,52.4198,106.7208,5.4
1.3013599999999999,5.220000000000001,0.18737959096741155,-0.4178858791139594,-56.4608,-25.2759,5.0
12.645199444444444,5.23,0.18287822299127782,5.2194986907865415,-22.1503,-179.5052,5.2
1.6436352777777778,5.29,0.3247221034122037,0.1878467286680605,24.7818,122.0243,6.1
1.7475630555555555,5.279999999999999,0.3326659986633266,-0.2556289805703823,1.5799,126.2457,5.0
5.621768888888888,5.36,0.37771241264574074,0.4360977974311834,-32.879,-179.8513,5.9
0.11357388888888889,5.45,0.3894440481849274,-0.4178858791139594,-17.5631,-174.8703,5.9
12.995403333333332,5.42,0.40496913462632944,-0.3239476746939937,24.2994,125.2777,5.1
5.688748333333333,5.39,0.4175324338699118,-0.08572594910890093,-32.9109,-179.0474,5.1
10.902828055555554,5.369999999999999,0.43217794688967787,-0.4178858791139594,5.7554,-77.8605,5.0
4.912211388888888,5.38,0.4341018825626579,-0.08026442559611226,40.1213,142.0551,5.5
8.607856111111111,5.41,0.4148627617792534,0.4272600593832162,-8.9999,123.4945,5.3
1.8777430555555557,5.4,0.42163702135578235,-0.4178858791139594,-3.7925,151.8513,5.1
13.125501944444444,5.3,0.3496029493900523,-0.4178858791139594,-40.285,78.1391,5.1
0.5000011111111111,5.33,0.33349995835415436,-0.4178858791139594,-24.0371,176.5886,5.3
7.068458611111112,5.249999999999999,0.27182510717167285,-0.4178858791139594,-16.641,-173.211,5.1
7.6050474999999995,5.18,0.14757295747453883,-0.4178858791139594,-4.1941,153.1187,5.2
3.853333611111111,5.2299999999999995,0.19465068427542676,4.701249759636646,-23.9372,179.8899,5.6
13.39408888888889,5.32,0.30477678535100017,0.6148385669406319,-21.8063,-68.7079,6.0
4.252504444444444,5.4,0.31622776601683605,-0.4178858791139594,72.2351,0.742,5.8
0.3894458333333334,5.35,0.3374742788552764,-0.4178858791139594,-17.6023,-172.7375,5.0
26.729255277777778,5.33,0.3465704994818681,0.6741209221612656,-15.6354,167.7782,5.1
0.6477569444444445,5.430000000000001,0.411096095821887,-0.37816570811185973,5.1789,125.4212,6.1
2.1025705555555554,5.42,0.42110964526276484,-0.01929396310788926,42.7117,144.1756,5.0
4.354646388888889,5.42,0.42110964526276484,-0.4131194585937074,53.5231,-160.0638,5.3
4.691973888888889,5.41,0.4306326095924959,-0.25761498912048725,5.2167,125.2755,5.0
5.6250975,5.41,0.4306326095924959,-0.4423137842802507,-6.3582,143.1577,5.2
1.6721122222222222,5.409999999999999,0.4306326095924959,0.3799930558907176,-16.5756,-71.4433,5.6
1.4095475,5.31,0.39285281382896353,-0.10181261836475133,51.2551,-178.1353,5.0
13.292239722222222,5.24,0.3565264521898955,0.01228357283877997,0.2789,125.0019,5.1
25.766452222222224,5.26,0.3470510689285464,-0.10489093161741402,-6.2887,147.4216,5.2
10.540343055555555,5.26,0.3470510689285464,-0.16308098213549008,-32.6437,-178.8378,5.1
3.357409444444445,5.15,0.19002923751653641,-0.1921760073945281,54.6462,-159.7805,5.0
15.60560888888889,5.17,0.182878222991282,-0.4178858791139594,-44.6556,-80.8182,5.2
25.60557111111111,5.2700000000000005,0.4029061098237846,-0.1696348103508365,40.8667,142.5814,6.3
3.340933888888889,5.3,0.3915780041490264,-0.4178858791139594,-19.2175,167.511,5.3
20.41820638888889,5.35,0.4089281382128438,-0.4178858791139594,-16.3994,-177.4622,5.7
2.9834616666666665,5.290000000000001,0.41217579852399233,-0.3038889883379334,-29.4585,-177.1363,5.0
5.6621250000000005,5.33,0.4001388647846046,-0.4178858791139594,-58.8197,149.1819,5.4
11.837239722222222,5.32,0.4077035960378856,0.028668143377146068,10.0821,126.0988,5.0
11.120553611111111,5.369999999999999,0.42176876234364363,-0.4178858791139594,8.3585,-103.2274,5.7
0.10371111111111112,5.43,0.421768762343642,-0.4178858791139594,8.317,-103.152,5.7
17.340739166666665,5.54,0.4402019738458403,-0.4079558363634345,6.2544,133.6362,6.1
4.134885555555556,5.54,0.4402019738458403,-0.4178858791139594,-4.4368,101.0761,5.2
3.0723330555555552,5.43,0.3591656999213576,-0.2045885608326842,-0.152,124.4423,5.2
2.9169341666666666,5.4,0.3829708431025345,-0.4178858791139594,-55.9228,-26.1256,5.0
15.749202222222221,5.34,0.37771241264574235,-0.4178858791139594,-32.0508,-178.1015,5.1
1.2083447222222223,5.37,0.3591656999213596,-0.4178858791139594,-9.4727,157.8453,5.3
2.4500230555555556,5.459999999999999,0.46475800154488783,0.5651883531880073,13.82,120.6539,6.3
2.2809619444444444,5.47,0.45472824607426304,0.4816766936560928,5.0517,125.9067,5.1
8.066905277777778,5.44,0.4477102237434867,-0.4178858791139594,13.2955,122.3301,5.4
1.5940422222222221,5.37,0.4571651780264984,-0.11045175555770799,-9.1954,119.7556,5.0
9.12615388888889,5.26,0.38930136855084146,-0.4178858791139594,-18.9388,167.4282,5.0
11.028397222222223,5.25,0.3922867431979976,0.9415369734329017,-10.8381,166.3271,5.1
18.71095083333333,5.2700000000000005,0.3945461527713444,0.069679219936814,-4.6138,153.2341,5.4
4.09007,5.32,0.38815804341359195,-0.4278159218644843,38.4563,39.2302,5.5
0.5605455555555555,5.38,0.39665266081716033,-0.12991463934873684,-16.0229,-74.3085,5.7
6.736134444444444,5.36,0.40606512887576207,0.5826652284289312,-19.079,-69.4161,5.1
7.731618055555556,5.4,0.5142416206847167,-0.4178858791139594,-39.3398,-74.9849,6.7
0.12897527777777776,5.390000000000001,0.5216427044549851,-0.4178858791139594,-39.8451,-75.2256,5.0
6.723929166666667,5.359999999999999,0.5295700562196136,-0.4178858791139594,-47.5761,99.9793,5.1
0.03190111111111111,5.43,0.5229191567005778,-0.4178858791139594,-47.5074,99.9538,5.7
0.23265333333333335,5.43,0.5229191567005778,0.4387789089738251,4.5718,126.8416,5.0
1.0081041666666668,5.46,0.5103375789067887,-0.4178858791139594,14.2272,56.78,5.4
1.7401541666666667,5.430000000000001,0.5229191567005778,-0.0031079934245336212,-0.1917,124.5061,5.1
12.537659722222221,5.38,0.5391351098441528,-0.0030086929970283916,-11.3759,166.3599,5.0
3.511199166666666,5.3100000000000005,0.5384133067531767,-0.1696348103508365,-6.5479,154.9075,5.0
6.658325555555556,5.3100000000000005,0.5384133067531767,-0.4178858791139594,-6.495,154.6909,5.1
0.09096916666666666,5.140000000000001,0.23190036174569176,-0.4178858791139594,-6.4549,154.6586,5.0
0.0736288888888889,5.180000000000001,0.23944379994758153,-0.2825393964243048,-6.3985,154.6521,5.4
0.7831416666666666,5.24,0.2875181153713092,-0.4178858791139594,43.389,-126.9951,5.7
4.157134166666667,5.3100000000000005,0.45080175490144625,-0.4178858791139594,45.4244,16.2573,6.4
5.031491388888888,5.34,0.43767060165786364,-0.1696348103508365,5.2608,125.2951,5.3
7.21931,5.37,0.45227818381561996,-0.4178858791139594,-0.7603,-21.1005,5.7
1.0083530555555555,5.36,0.45995168828427613,-0.08552734825389047,36.4858,140.6097,5.0
4.971063333333333,5.36,0.45995168828427613,-0.4178858791139594,34.741,72.9466,5.0
43.11445555555556,5.39,0.44334586448455265,-0.4178858791139594,-52.2909,-4.7622,5.3
0.6594619444444445,5.38,0.45166359162544856,-0.4178858791139594,-31.3191,-177.9341,5.0
23.761665,5.39,0.44334586448455265,-0.4178858791139594,42.0975,48.0137,5.1
7.474966666666667,5.36,0.45264653858047926,-0.1827424667815294,-5.83,153.0922,5.1
0.8209347222222222,5.290000000000001,0.4483302354292,-0.4178858791139594,-52.9973,20.9425,5.0
11.20584388888889,5.17,0.2213594362117965,-0.36734196151378756,4.3322,138.0207,5.2
2.7556161111111113,5.16,0.2170509412813401,-0.4178858791139594,-62.3706,-58.3091,5.2
4.0068061111111115,5.1,0.10540925533897413,-0.4178858791139594,-52.1755,-4.908,5.1
0.0929725,5.109999999999999,0.09944289260120402,-0.4178858791139594,-52.1475,-4.9906,5.1
1.5088680555555556,5.119999999999999,0.091893658347298,-0.4178858791139594,-19.056,-172.847,5.1
0.4586341666666667,5.11,0.07378647873730092,-0.4178858791139594,1.0057,-28.181,5.2
7.224600000000001,5.220000000000001,0.31552425509865134,-0.3086554088581853,51.2199,-179.793,6.1
6.585835555555556,5.209999999999999,0.32128215360057844,-0.4178858791139594,-2.7566,122.2402,5.0
7.742135555555555,5.2,0.326598632371096,-0.4178858791139594,29.4293,104.0285,5.0
9.29574472222222,5.2,0.326598632371096,0.8700406656291222,-57.0736,-26.8214,5.0
23.667722777777776,5.1899999999999995,0.3281259920619983,-0.4178858791139594,-10.4267,123.8207,5.1
18.404959166666668,5.29,0.4581363212940998,-0.1349789611515045,-28.6357,-177.2713,6.2
10.527991666666665,5.359999999999999,0.47888759989514607,-0.08026442559611226,-7.0585,155.7921,5.8
0.6051119444444444,5.4,0.4714045207910309,0.05915337462125757,-4.3366,102.6881,5.5
3.5164430555555555,5.5,0.5055250296034337,0.9524600204584791,0.0658,122.9487,6.1
0.8031805555555555,5.4799999999999995,0.522387680644257,4.81842426409284,-17.7809,-178.6939,5.0
3.6626430555555554,5.37,0.49227363664260243,0.2616269463044607,6.3819,94.2415,5.0
5.988229444444444,5.390000000000001,0.47946729699624785,-0.4178858791139594,-42.7658,-82.6985,5.2
17.0336625,5.5200000000000005,0.5349974039397001,1.7071432694983728,-29.4295,-178.744,6.3
3.3354702777777776,5.5200000000000005,0.5349974039397001,-0.4178858791139594,42.0577,81.1813,5.0
1.2017950000000002,5.62,0.5411920998027252,0.604908524190107,-20.7367,169.8821,6.1
4.794538333333334,5.52,0.5138093031466016,-0.002810092142017933,-55.6337,-28.6416,5.2
1.8872600000000002,5.4399999999999995,0.5274677451960644,2.8316213105678143,-30.5578,-179.6163,5.0
5.133149722222222,5.41,0.5321862664727651,5.498930093786313,-7.2217,120.1887,5.2
1.7787308333333332,5.3,0.48534065928536924,-0.4178858791139594,-17.6813,-172.5027,5.0
7.049298333333333,5.35,0.47667832153583656,1.2900814739763264,-16.1498,168.0121,5.5
1.9769933333333334,5.3549999999999995,0.4728459932507977,-0.3980257936129096,-45.97,95.817,5.05
4.745962777777778,5.3549999999999995,0.4728459932507977,5.231613342942181,-17.9343,-178.5181,5.2
4.086741666666667,5.245,0.3370212654022532,0.6812705529416435,-7.0859,129.4868,5.2
10.54966861111111,5.275,0.3259601202601353,-0.4178858791139594,-10.8029,162.4962,5.3
4.8838333333333335,5.275,0.3259601202601353,1.6376329702446983,-24.0412,-66.5729,6.1
2.901558611111111,5.365,0.4150301193889422,1.0716205334647781,-16.0347,167.8826,6.1
5.022922222222222,5.365,0.4150301193889422,0.010992667281211706,-5.1505,153.4578,5.0
3.9182200000000003,5.404999999999999,0.4166333319998917,-0.4178858791139594,-35.4168,-105.8671,5.6
9.597225555555557,5.465,0.39444053206197077,5.572412410140196,-7.2529,120.4325,5.6
0.6136397222222223,5.4350000000000005,0.40280268122245405,-0.41937538552653814,1.0276,119.9894,5.2
2.804254722222222,5.46,0.3835506630304639,-0.4178858791139594,-63.1803,170.7433,5.3
2.555841666666667,5.45,0.39228674319799095,-0.1696348103508365,53.6763,-163.9531,5.1
5.465992222222222,5.47,0.3831158803518525,-0.4178858791139594,38.8824,-29.3694,5.4
1.2505022222222222,5.45,0.3979112128771078,-0.4178858791139594,33.3042,75.5872,5.1
5.709204722222222,5.39,0.3281259920619909,-0.4178858791139594,-58.05,-9.8432,5.5
1.8063416666666667,5.449999999999999,0.48819395052922476,-0.4178858791139594,51.2811,100.4383,6.7
0.13485333333333333,5.49,0.4629614814791078,-0.4178858791139594,51.4874,100.5165,5.4
0.04999055555555556,5.46,0.4647580015448875,-0.4178858791139594,51.4084,100.4927,5.3
0.14879805555555556,5.41,0.4748099034818495,-0.4178858791139594,51.4144,100.4297,5.1
0.1657313888888889,5.39,0.4886489310105743,-0.4178858791139594,51.1805,100.311,5.0
0.9908275,5.36,0.5037636129950014,-0.4178858791139594,51.4379,100.3097,5.0
3.622134166666667,5.4399999999999995,0.5211099265563397,1.6078428419931237,43.7004,139.9863,5.9
4.718574444444444,5.4,0.5395471352079539,-0.12614122310353734,22.8862,143.8902,5.0
2.729601944444444,5.43,0.5292552419306865,-0.4178858791139594,-63.16,171.5794,5.4
0.08699111111111112,5.41,0.5300943312279416,-0.4178858791139594,4.1851,125.4314,5.3
3.439803055555555,5.24,0.2875181153713073,-0.4178858791139594,19.0221,120.3133,5.0
4.656570833333333,5.29,0.35418137224372104,-0.20935498135293618,-3.0604,136.8876,5.9
3.872303611111111,5.279999999999999,0.35527766918598086,-0.4178858791139594,38.4129,22.0649,5.2
19.385694444444443,5.279999999999999,0.35527766918598086,-0.2903841301972195,1.5831,128.2005,5.1
4.165656944444445,5.279999999999999,0.35527766918598086,-0.4178858791139594,-24.5653,-13.3961,5.0
8.879972222222223,5.35,0.36285901761795364,-0.3384455371097601,-2.9809,118.894,5.7
0.046422222222222226,5.279999999999999,0.30840089349921174,-0.4178858791139594,-3.0171,118.9502,5.2
11.828040277777777,5.4,0.4055175020198798,-0.3384455371097601,-2.9717,118.8899,6.2
13.13549888888889,5.36,0.4247875285886392,-0.4178858791139594,-34.6446,-14.7096,5.0
0.2659113888888889,5.33,0.4398231968012198,-0.4178858791139594,-37.2583,-17.3095,5.0
2.882973888888889,5.39,0.43063260959249633,-0.4178858791139594,-37.1225,-17.2548,5.6
2.563690277777778,5.35,0.3951089863709895,-0.4178858791139594,-37.0727,-17.0121,5.5
0.3189761111111111,5.35,0.3951089863709895,3.055047272454625,33.867,137.213,5.2
2.241397777777778,5.37,0.3860051813123747,-0.4178858791139594,-3.5749,149.6294,5.3
0.30103694444444445,5.45,0.3836954811073751,-0.3086554088581853,13.9469,-92.1506,5.8
2.452271666666667,5.38,0.3966526608171593,-0.4178858791139594,-37.1176,-17.2575,5.0
1.672006111111111,5.369999999999999,0.4029061098237809,-0.4178858791139594,-7.0064,155.8969,5.1
1.2125055555555557,5.3,0.2867441755680882,-0.43774596461500925,26.9417,55.1967,5.5
1.4826758333333332,5.3,0.2867441755680882,0.4321257803309734,1.5145,125.9643,5.0
2.734081944444444,5.3,0.2867441755680882,-0.4178858791139594,-9.9009,160.0814,5.0
2.1587133333333335,5.25,0.2718251071716703,0.06709740882167754,-31.0388,-71.3822,5.1
1.4077374999999999,5.22,0.25733678754158695,-0.4178858791139594,4.9358,-82.5822,5.2
1.3077288888888887,5.21,0.2601281735350258,-0.4838213629774449,-19.9684,-173.2456,5.1
0.01639,5.1899999999999995,0.26012817353502654,0.7754073582166197,-5.7211,148.8569,5.1
2.8201880555555556,5.13,0.14944341180974385,-0.13368805559393632,-6.3978,103.8873,5.2
10.600884444444445,5.18,0.18135294011647898,1.5085424144878745,36.4494,70.6979,5.5
3.136507222222222,5.18,0.18135294011647898,-0.37210838203403956,22.5388,121.4354,5.1
4.465916666666667,5.13,0.14944341180974385,-0.4178858791139594,-15.4902,168.14,5.0
4.882669166666667,5.14,0.14298407059685916,-0.4178858791139594,54.0443,161.9609,5.1
10.147550833333332,5.16,0.13498971154212078,0.5371856326315271,-56.3632,-27.1801,5.2
12.60882,5.18,0.13984117975602858,1.0870120997280919,-14.5902,167.4135,5.3
7.658454999999999,5.17,0.14181364924122658,-0.4178858791139594,-6.2649,142.9024,5.1
2.726328888888889,5.1899999999999995,0.14491376746190182,-0.27072264555118014,-33.5281,-179.1498,5.3
9.100274444444445,5.319999999999999,0.40496913462633155,-0.3105421169807851,-31.8334,-68.7992,6.4
0.8562061111111111,5.33,0.40290610982378144,-0.4178858791139594,-31.7882,-68.7944,5.3
1.3886383333333334,5.319999999999999,0.39944405810520633,3.733964295308014,-7.3486,125.2798,5.4
15.287323055555555,5.32,0.39944405810520633,-0.11184196154278149,-13.3484,166.812,5.1
19.706524722222223,5.38,0.39101008796306985,5.315621504611622,49.7105,147.7081,5.6
6.450498888888888,5.38,0.39101008796306985,-0.38620904273978496,-14.9438,-75.5583,5.1
0.524495,5.409999999999999,0.3871548642195873,-0.46465638046893176,-15.0128,-75.523,5.5
0.16796638888888887,5.41,0.3871548642195873,-0.4178858791139594,-14.9355,-75.5484,5.3
13.229979444444444,5.6,0.6164414002968931,0.27721711342278477,4.9931,127.5145,7.0
2.0673583333333334,5.57,0.6395310782127753,0.1072147815337982,35.0489,33.7163,5.0
11.073405833333332,5.430000000000001,0.5888784066153004,-0.4178858791139594,47.5057,-27.4872,5.0
14.869366666666666,5.459999999999999,0.5891613625409493,-0.17956485310136142,-33.1561,-179.3646,5.6
10.936326944444446,5.5,0.5981452814975422,-0.24907515235503583,-6.2986,147.6412,5.8
2.324128611111111,5.49,0.606355231416917,0.5571450185600821,42.322,142.6196,5.0
2.920219166666667,5.449999999999999,0.6114645442614689,-0.13438315858647307,-6.3029,147.668,5.2
3.21748,5.49,0.5989806155275595,3.759583805604368,-24.3796,-179.468,5.5
0.31661694444444444,5.4399999999999995,0.6186005711819734,0.20333759535887938,-57.5643,-25.9966,5.0
4.871315,5.45,0.6168918507773892,-0.168641806075784,-6.2708,147.6801,5.4
6.633619166666667,5.4399999999999995,0.5891613625409496,-0.36823566536133484,-61.8098,-55.5027,6.9
0.19648805555555554,5.4799999999999995,0.5692099788303052,-0.4178858791139594,-61.6966,-55.2943,5.4
0.24397027777777777,5.4799999999999995,0.5692099788303052,-0.4178858791139594,-61.8467,-55.4547,5.0
0.07443027777777778,5.49,0.5724217559340867,0.5699547737082593,-33.3533,-70.1484,5.7
5.6689147222222225,5.49,0.5724217559340867,-0.4178858791139594,-51.1903,161.9647,5.8
0.02919638888888889,5.5200000000000005,0.5513619500836052,-0.4178858791139594,-51.1564,162.0798,5.3
0.7821733333333334,5.5,0.5676462121975434,3.09486674388423,-17.3604,-177.1414,5.0
2.8864855555555557,5.46,0.5815687596683811,-0.3390413396747916,-14.6127,166.9133,5.1
2.749935277777778,5.51,0.5586690532964103,-0.4178858791139594,-61.767,-55.3579,5.5
0.8122066666666666,5.4799999999999995,0.573100728008996,0.02856884294964084,-4.4396,102.533,5.1
1.3877666666666666,5.3100000000000005,0.2846049894151533,0.12141474266704883,8.99,126.504,5.2
0.7412991666666667,5.29,0.28460498941515383,-0.4178858791139594,-52.9253,10.0684,5.2
3.514130833333333,5.3,0.2748737083745101,-0.4178858791139594,-1.9282,133.5283,5.1
0.3216333333333334,5.2299999999999995,0.24966644414765515,0.6472105063073432,37.1151,71.6199,5.0
0.1866872222222222,5.16,0.15055453054182305,-0.4178858791139594,-38.1499,176.4372,5.1
2.0632027777777777,5.13,0.14944341180974122,-0.12614122310353734,54.4249,-162.1691,5.0
2.0885552777777776,5.17,0.1636391694484535,0.4162377119301336,18.2516,-64.0708,5.4
8.065059444444444,5.180000000000001,0.16193277068655354,-0.4178858791139594,23.4722,123.5732,5.2
0.4630408333333333,5.15,0.11785113019776762,0.46112150516250616,-4.5716,152.2044,5.2
12.812581111111111,5.15,0.11785113019776762,-0.4178858791139594,-15.7415,-178.6792,5.1
0.7340286111111112,5.14,0.11737877907773726,-0.05107009990956902,-5.5476,151.8753,5.1
6.8625525,5.15,0.12692955176440746,0.22995010993028608,-6.9635,155.7839,5.3
0.8482094444444445,5.14,0.1349897115421197,-0.4178858791139594,-11.2697,165.2638,5.0
22.99395361111111,5.14,0.1349897115421197,-0.4178858791139594,-61.8961,-55.3861,5.0
0.19161555555555557,5.13,0.14181364924122694,0.8449176574702941,0.0083,123.4695,5.0
0.7823308333333333,5.15,0.13540064007727448,0.6310245366239875,42.7117,141.9609,5.2
24.94134861111111,5.11,0.11005049346147458,-0.4178858791139594,-6.3565,154.1028,5.0
23.150311944444447,5.09,0.1100504934614761,-0.08721545552147972,13.4978,120.5059,5.0
0.6683744444444445,5.07,0.10593499054715512,0.761505298365885,-8.5013,159.1093,5.0
6.819251666666667,5.13,0.22632326929024515,-0.43774596461500925,8.2045,-82.95,5.7
0.5516405555555556,5.17,0.25407785333546384,-0.4178858791139594,8.2341,-82.9669,5.5
0.9319580555555556,5.180000000000001,0.26161889160465107,-0.4178858791139594,-61.7393,-55.3065,5.4
5.621143611111111,5.25,0.2990726407487733,-0.4178858791139594,-13.9672,121.8641,5.7
8.524498333333334,5.25,0.2990726407487733,-0.4178858791139594,-62.0988,-56.3899,5.0
0.9668238888888888,5.28,0.28596814119369585,-0.42463830818431636,-3.0905,129.3592,5.3
3.2977944444444445,5.29,0.28460498941515344,-0.32662878623663544,54.1649,169.2391,5.3
4.828460277777777,5.3100000000000005,0.26853512081496966,0.06372119428649904,-19.9589,-70.3542,5.2
2.197687222222222,5.3100000000000005,0.26853512081496966,-0.4178858791139594,-62.238,-57.6176,5.0
1.4021861111111111,5.3100000000000005,0.26853512081496966,0.05001773529077463,0.5312,125.5284,5.0
12.1678425,5.24,0.2458545188611446,-0.4178858791139594,21.7592,145.4953,5.0
4.5608602777777785,5.220000000000001,0.22997584414213967,-0.4178858791139594,-5.5312,133.7606,5.3
9.342342499999999,5.2299999999999995,0.24060109910158253,-0.46545078388897376,2.6675,-59.5879,5.5
10.245989166666668,5.17,0.1766981104093189,0.1957907628684804,-59.1499,-25.9477,5.1
3.2550625,5.1899999999999995,0.16633299933166595,-0.4178858791139594,39.0217,26.0784,5.2
3.2250316666666667,5.17,0.16363916944845275,-0.4178858791139594,-55.1177,-128.8127,5.1
0.0370575,5.16,0.15776212754932886,-0.4178858791139594,-55.5629,-129.264,5.2
14.6700475,5.14,0.16465452046971935,-0.43079493468964175,28.8225,87.362,5.0
12.107224444444444,5.159999999999999,0.15776212754932886,-0.06417775634026192,4.0123,126.4928,5.2
6.196595277777777,5.24,0.24585451886114496,-0.4178858791139594,-16.282,177.95,5.8
3.151930555555556,5.319999999999999,0.2859681411936953,-0.4278159218644843,-22.7369,171.9044,5.8
0.025647777777777776,5.3100000000000005,0.28848262031225,-0.4178858791139594,-22.9213,171.6763,5.2
0.09078722222222223,5.3,0.28284271247461856,-0.4178858791139594,-22.8151,171.8512,5.4
0.6128883333333334,5.35,0.2877112750271996,-0.4178858791139594,-22.7508,171.7978,5.6
0.12367666666666666,5.33,0.3056868404829423,-0.4178858791139594,-22.9499,171.7882,5.0
0.030915555555555557,5.35,0.295334085777821,-0.4178858791139594,-22.7832,171.8306,5.3
0.8824013888888889,5.33,0.3128720008068607,-0.4178858791139594,-22.8734,171.7783,5.0
3.6528425,5.5,0.512076383191238,-0.4178858791139594,-36.2797,-97.8,6.7
4.523018888888889,5.48,0.5287301349039538,-0.4178858791139594,10.4151,-12.9711,5.0
1.2691630555555555,5.409999999999999,0.5279941077112286,-0.4178858791139594,-20.3307,-173.8138,5.1
5.410332777777778,5.33,0.5229191567005784,-0.4178858791139594,-61.735,-55.1596,5.0
0.22194111111111112,5.34,0.5211099265563409,-0.1504698278423234,-6.2135,147.4341,5.3
12.286692500000001,5.3100000000000005,0.5258854966202771,-0.4178858791139594,28.7463,87.3785,5.1
2.6964094444444444,5.27,0.5165053511608355,-0.4178858791139594,14.632,118.7945,5.2
0.4311222222222222,5.31,0.5087020520675906,-0.4178858791139594,21.5612,121.9326,5.4
4.006707222222222,5.35,0.5233439489369188,-0.4079558363634345,-22.6054,171.9621,5.7
7.219475833333334,5.35,0.5233439489369188,0.301645018589076,44.3922,147.6771,5.0
2.5517427777777777,5.1899999999999995,0.2233582075700152,-0.4178858791139594,14.5452,122.976,5.1
1.8035944444444443,5.1899999999999995,0.2233582075700152,-0.11303356667284445,-20.1783,170.1138,5.0
15.78744388888889,5.2,0.2211083193570289,-0.3897838581299739,40.5023,45.3486,5.2
0.08978388888888889,5.2299999999999995,0.21108186931983577,-0.4178858791139594,-22.7648,171.7044,5.3
4.886819444444444,5.220000000000001,0.20976176963403217,0.09589453279819979,-0.2129,124.4494,5.2
8.095715277777778,5.2299999999999995,0.2057506581601478,-0.4178858791139594,-23.2856,-175.5969,5.2
12.925343888888888,5.25,0.2121320343559653,0.5767072027786162,24.696,122.6275,5.4
8.347153888888888,5.209999999999999,0.2183269719175063,3.1511700862797065,-20.7536,-177.4436,5.0
1.0245044444444444,5.14,0.14298407059685406,-0.4178858791139594,-22.8492,171.9752,5.0
1.1055636111111111,5.14,0.14298407059685406,-0.4178858791139594,-54.5512,-136.0982,5.0
0.3044566666666667,5.2299999999999995,0.3056868404829445,-0.3583056226108099,6.7693,125.1011,6.0
1.381863888888889,5.36,0.4427188724235723,-0.4178858791139594,-3.3226,146.1444,6.3
18.2470675,5.41,0.45080175490144336,-0.1673509005182158,5.688,127.1064,5.7
6.6577811111111105,5.38,0.4685675570881478,-0.1488810210022394,-34.3627,-179.7398,5.0
1.4363244444444445,5.409999999999999,0.4653553003410989,2.893684077758595,-30.277,-179.3793,5.5
4.467055555555556,5.39,0.47946729699624757,0.19251384876080718,-5.3816,145.9206,5.0
1.8274247222222222,5.35,0.4949747468305826,-0.23964161174203716,42.3125,145.0164,5.0
2.5420783333333334,5.36,0.4880801391392827,0.1188329315519123,24.3904,122.3892,5.1
0.025719166666666668,5.380000000000001,0.4756282395129849,-0.22166823436358704,24.4058,122.0654,5.2
3.1681169444444444,5.390000000000001,0.4677368680976269,-0.4178858791139594,-18.9809,-172.6564,5.1
1.0474347222222222,5.290000000000001,0.4280446497997872,0.47671167228083033,-16.4072,-71.9155,5.0
2.227809722222222,5.159999999999999,0.2458545188611472,-0.4178858791139594,11.9604,120.7767,5.0
2.2714986111111113,5.1,0.15634719199412211,-0.3114358208283323,-5.4381,-77.3268,5.1
1.247386388888889,5.16,0.21705094128133331,0.009105959158611995,-5.204,151.7604,5.6
0.7280102777777778,5.11,0.18529256146250342,-0.1696348103508365,30.052,131.0214,5.0
3.474607222222222,5.14,0.18973665961010797,0.12340075121715384,31.3061,140.7048,5.3
0.28041333333333335,5.16,0.18378731669454115,1.0668541129445261,-6.4061,129.8834,5.2
15.083942222222223,5.15,0.19002923751652792,-0.4178858791139594,-50.1129,119.7353,5.0
0.08716416666666667,5.13,0.1946506842754243,-0.4178858791139594,-42.2579,88.4303,5.0
9.791494444444444,5.180000000000001,0.244040069569645,-0.4178858791139594,-13.5912,-111.5531,5.6
0.41810166666666665,5.18,0.244040069569645,0.3458337088289119,13.0099,-88.7296,5.0
1.2598891666666665,5.1899999999999995,0.23781411975649613,0.5614149369428079,4.9054,127.3815,5.1
0.2060091666666667,5.2,0.23570226039551892,-0.4178858791139594,-5.6093,101.6854,5.2
0.09946138888888888,5.14,0.19550504398154075,-0.4178858791139594,-5.6388,101.6825,5.0
2.0469105555555553,5.25,0.35355339059327523,-0.4079558363634345,-22.8327,171.6556,6.1
0.13061916666666668,5.28,0.3705851229249957,-0.4079558363634345,-22.5322,171.4754,5.6
0.3376375,5.39,0.4886489310105751,-0.4178858791139594,-5.6856,101.6495,6.3
0.15886694444444446,5.5,0.5142416206847162,-0.4178858791139594,-22.7415,171.6432,6.1
0.29899583333333335,5.77,0.8327331171776713,-0.4178858791139594,-23.0511,171.6566,7.7
0.08145444444444444,5.75,0.8396427811873315,-0.4178858791139594,-23.0581,171.2865,5.4
0.0326475,5.779999999999999,0.8148619514985325,-0.4178858791139594,-22.9449,171.5954,5.3
0.09546277777777777,5.8,0.7986099033807271,-0.4178858791139594,-22.7819,171.3482,5.3
0.03505222222222222,5.8,0.7986099033807271,-0.4178858791139594,-22.5881,172.0189,5.2
0.06653972222222222,5.8100000000000005,0.7880355321938196,-0.4178858791139594,-22.6077,171.9413,5.1
0.0780161111111111,5.709999999999999,0.8102811583367546,-0.4178858791139594,-22.6279,172.082,5.1
0.23378333333333334,5.65,0.840965054102856,-0.4178858791139594,-22.6803,171.6162,5.0
0.012658333333333334,5.5200000000000005,0.8297255235585094,-0.4178858791139594,-22.3745,171.061,5.0
0.3378447222222222,5.47,0.8056053624449123,-0.4178858791139594,-22.7126,171.79,5.6
0.2013475,5.2,0.1999999999999996,-0.4178858791139594,-22.8602,172.0162,5.0
0.1157188888888889,5.1899999999999995,0.19119507199599947,-0.4178858791139594,-22.6913,171.5284,5.3
0.20927388888888887,5.17,0.18885620632287067,-0.4178858791139594,-23.0509,171.0671,5.1
0.1616127777777778,5.14,0.18973665961010344,-0.4178858791139594,-22.6838,172.1062,5.0
1.5962180555555556,5.2299999999999995,0.35916569992135866,-0.40110410686557235,-22.8106,171.173,6.1
0.19584055555555555,5.24,0.3565264521898907,-0.4178858791139594,-22.8315,170.9879,5.2
0.11278777777777778,5.249999999999999,0.3535533905932727,-0.4178858791139594,-22.8085,171.5877,5.2
0.11554611111111111,5.25,0.3535533905932727,-0.4178858791139594,-22.7387,171.261,5.0
0.3959519444444444,5.2700000000000005,0.3433495141818144,-0.4178858791139594,-23.3057,171.5255,5.2
0.020764166666666667,5.2700000000000005,0.3433495141818144,-0.4178858791139594,-22.7596,171.6651,5.6
1.1810422222222223,5.38,0.4157990967870024,-0.37816570811185973,-22.7173,171.213,6.1
0.39237583333333337,5.359999999999999,0.4247875285886378,-0.4178858791139594,-23.5767,171.6705,5.1
0.22893,5.36,0.4247875285886378,-0.4178858791139594,-23.2076,171.8925,5.1
0.7046616666666667,5.380000000000001,0.4104198392432346,-0.4178858791139594,-22.7042,171.2942,5.2
0.3706102777777778,5.279999999999999,0.3293090409394243,-0.009661821639880103,-31.753,-71.2806,5.1
0.38617972222222224,5.27,0.3334999583541523,-0.4178858791139594,-23.2481,171.8254,5.1
0.05947722222222222,5.33,0.37133393177689467,-0.4178858791139594,-22.6362,171.0984,5.8
0.5435361111111111,5.35,0.3566822426505427,-0.4178858791139594,-23.1613,171.3566,5.2
0.10280527777777777,5.459999999999999,0.45995168828427324,-0.3980257936129096,-23.1911,171.5827,6.3
0.03858527777777778,5.4399999999999995,0.45752959831395734,-0.4178858791139594,-22.6465,171.1925,5.4
0.052513611111111115,5.33,0.4110960958218876,-0.4178858791139594,-23.5358,171.7524,5.0
0.10984916666666666,5.35,0.40345728123033825,-0.4178858791139594,-23.3536,171.7148,5.3
0.039266944444444445,5.35,0.40345728123033825,-0.4178858791139594,-23.2895,171.5728,5.1
0.035846944444444445,5.39,0.40674862562084046,-0.4178858791139594,-23.2295,171.5799,5.6
0.1570788888888889,5.4,0.3999999999999977,-0.4178858791139594,-23.2523,171.6089,5.2
0.12004444444444445,5.41,0.3928528138289598,-0.4178858791139594,-22.7921,171.1884,5.2
0.05354277777777777,5.34,0.3777124126457394,-0.4178858791139594,-23.1418,171.5096,5.1
0.055335555555555554,5.34,0.3777124126457394,-0.4178858791139594,-23.3068,171.5806,5.2
0.5716005555555556,5.22,0.17511900715418144,-0.4178858791139594,-22.5907,171.1627,5.1
0.27145166666666665,5.209999999999999,0.16633299933166087,-0.4178858791139594,-23.1599,171.6551,5.3
0.5355563888888889,5.24,0.15055453054181425,-0.4178858791139594,-23.0844,171.8917,5.3
0.10538527777777777,5.24,0.15055453054181425,-0.4178858791139594,-22.8767,171.6956,5.3
0.17631444444444444,5.2299999999999995,0.1636391694484461,-0.4178858791139594,-23.208,171.6788,5.0
0.031810000000000005,5.25,0.2173067468400867,-0.4178858791139594,-23.1826,171.6887,5.8
0.0649825,5.26,0.21705094128132765,-0.4178858791139594,-22.9686,171.2578,5.3
0.427025,5.33,0.29458068127047393,-0.4196732868090539,-23.2235,171.7288,5.9
0.16747305555555556,5.33,0.29458068127047393,-0.4178858791139594,-23.2858,171.595,5.1
0.30001750000000005,5.3100000000000005,0.31073389830456943,-0.4178858791139594,-23.3955,171.6702,5.0
0.3205105555555555,5.34,0.3025814858109369,-0.4178858791139594,-23.1831,171.7003,5.4
0.37646111111111114,5.35,0.30276503540974686,-0.4178858791139594,-22.6101,171.6564,5.4
0.5809077777777778,5.319999999999999,0.3224903099319403,-0.4178858791139594,-22.5107,171.6684,5.0
0.41376305555555554,5.3100000000000005,0.3247221034121999,-0.4178858791139594,-23.1468,171.7573,5.2
0.5357194444444444,5.33,0.3093002855909859,-0.4178858791139594,-23.3606,171.7321,5.2
0.5706652777777778,5.25,0.2758824226207804,-0.4178858791139594,-34.7679,54.5217,5.0
0.6039825,5.2299999999999995,0.2790858091857931,-0.4178858791139594,-23.383,171.7693,5.1
0.04634666666666667,5.16,0.15055453054181914,-0.4178858791139594,-23.1757,171.648,5.2
0.09278583333333333,5.2299999999999995,0.24966644414765332,-0.33864413796477055,-22.7876,170.9159,5.8
2.619427777777778,5.33,0.33349995835415175,-0.4123250551736654,-23.3358,171.8122,6.0
0.4369633333333333,5.36,0.35339622081862626,-0.3681363649338296,-23.2688,171.9749,5.7
0.07361472222222222,5.35,0.3535533905932716,-0.4178858791139594,-22.8746,171.8154,5.3
0.01612777777777778,5.4,0.3333333333333302,-0.4178858791139594,-23.0764,171.7259,5.5
0.5334786111111111,5.39,0.3414023367751803,-0.4178858791139594,-23.3525,171.7606,5.1
0.43482000000000004,5.45,0.3566822426505413,-0.4178858791139594,-22.8946,171.2431,5.8
0.28413083333333333,5.52,0.32591750830880334,-0.4178858791139594,-23.2935,171.6772,5.7
0.8112544444444445,5.51,0.3414023367751783,-0.4178858791139594,-23.4791,171.7823,5.0
0.1997525,5.49,0.36651512019742133,-0.4178858791139594,-23.1714,171.9064,5.0
1.6593972222222222,5.42,0.36757463338906926,-0.4178858791139594,-23.082,172.0993,5.1
0.9532463888888889,5.32,0.3259175083088062,-0.4178858791139594,-23.2557,171.9165,5.0
2.642192777777778,5.26,0.3025814858109378,-0.4178858791139594,-22.851,171.6272,5.1
1.9563483333333334,5.24,0.3062315754094884,-0.4178858791139594,-22.7531,171.645,5.1
0.4767602777777778,5.2,0.29439202887759464,-0.4178858791139594,-23.2457,171.5129,5.1
0.7298630555555555,5.21,0.29230881691191624,-0.4178858791139594,-23.4003,171.7606,5.2
0.9614680555555555,5.13,0.21108186931983577,-0.4178858791139594,-23.4699,171.886,5.0
0.300305,5.07,0.06749485577106527,-0.4178858791139594,-22.5357,171.5108,5.1
0.7539202777777777,5.09,0.07378647873726973,-0.4178858791139594,-22.6123,171.2027,5.2
1.3963458333333334,5.09,0.07378647873726973,-0.4178858791139594,-22.9519,171.3455,5.0
0.5487644444444444,5.09,0.07378647873726973,-0.4178858791139594,-22.7338,171.601,5.1
1.5955311111111112,5.09,0.07378647873726973,-0.4178858791139594,-22.6625,171.638,5.0
4.156891944444444,5.1,0.08164965809277876,-0.4178858791139594,-22.5774,171.1133,5.2
0.3042741666666666,5.12,0.10327955589886813,-0.4178858791139594,-23.2665,171.5322,5.3
3.7264230555555553,5.13,0.10593499054714106,-0.4178858791139594,-23.2701,171.2631,5.2
0.7386347222222223,5.109999999999999,0.11005049346146513,-0.4178858791139594,-23.3618,171.1128,5.0
1.5025819444444444,5.109999999999999,0.11005049346146513,-0.4178858791139594,-22.5868,171.7446,5.0
0.03280555555555555,5.19,0.27264140062238057,-0.43774596461500925,-23.205,171.5408,5.9
0.02825,5.17,0.2790858091857937,0.47184595133307305,-21.5291,170.386,5.0
0.4416094444444445,5.2,0.2748737083745107,-0.4178858791139594,-23.3903,171.7565,5.3
0.5237619444444445,5.220000000000001,0.2740640638812591,-0.4178858791139594,-23.2818,171.6236,5.3
3.8123975,5.25,0.26352313834736385,-0.4178858791139594,-23.2307,171.7867,5.3
2.1200608333333335,5.319999999999999,0.3326659986633221,0.4559578829322332,38.1357,73.5448,5.9
3.8947038888888885,5.3100000000000005,0.3348299734359365,-0.4178858791139594,-23.1706,171.7679,5.2
7.112393611111111,5.3,0.3399346342395174,-0.4178858791139594,11.8235,143.6892,5.1
0.2736711111111111,5.3,0.3399346342395174,-0.1696348103508365,-6.3295,103.6081,5.0
0.20865138888888887,5.32,0.3259175083088065,-0.1696348103508365,-6.2602,103.6709,5.2
0.7932138888888889,5.26,0.25473297566056935,0.16858244573204217,-4.1517,-80.2554,5.3
7.804278888888889,5.26,0.25473297566056935,0.03055485149974578,-11.5701,166.5745,5.0
0.03524888888888889,5.26,0.25473297566056935,-0.0236631819181202,57.1463,-155.0386,5.3
0.9818805555555555,5.4399999999999995,0.6363087999461317,-0.08046302645112278,37.7265,141.7751,7.1
0.7309622222222222,5.45,0.6346477588219901,-0.06934137857053484,37.6932,141.7615,5.4
0.7043744444444444,5.42,0.617881685905785,-0.1696348103508365,-7.2148,149.3549,5.6
2.858435,5.42,0.617881685905785,-0.11660838206303341,39.0864,142.5717,5.2
0.4039516666666667,5.409999999999999,0.6244108334172993,-0.25801219083050825,-20.4858,-70.5959,5.0
2.985234722222222,5.409999999999999,0.6244108334172993,-0.4178858791139594,-23.1095,171.7879,5.0
9.716997222222222,5.4,0.6289320754704383,-0.08364064013129076,37.4871,141.5323,5.1
0.6264402777777778,5.4,0.6289320754704383,-0.4178858791139594,-22.6809,171.152,5.3
0.592871111111111,5.4,0.6289320754704383,-0.4178858791139594,-22.7368,171.213,5.0
0.9974708333333333,5.38,0.6356099432828263,-0.027734499445835455,1.2428,120.2829,5.1
2.532915,5.17,0.20575065816014362,-0.4178858791139594,-23.4223,171.5641,5.0
2.5856694444444446,5.14,0.1897366596101004,-0.4178858791139594,22.6798,145.7551,5.1
0.16267777777777778,5.15,0.2173067468400863,-0.4178858791139594,-23.2623,171.7295,5.7
0.09875944444444444,5.13,0.22135943621178478,-0.4178858791139594,-23.371,171.6711,5.0
0.9806833333333334,5.14,0.21705094128132754,-0.4178858791139594,-23.2842,171.3232,5.1
3.608923888888889,5.17,0.21628170930010882,0.06779251181421422,-17.6395,167.8557,5.3
0.06452527777777778,5.2,0.22607766610417301,-0.3059742973155436,1.0418,-85.2104,5.4
9.172304444444444,5.17,0.2311805451253272,0.16719223974696867,1.0728,98.8358,5.0
5.161426388888889,5.17,0.2311805451253272,-0.4178858791139594,-22.9349,172.1592,5.0
0.43014444444444444,5.16,0.23664319132398268,-0.4178858791139594,-8.7353,-80.9861,5.0
0.02534916666666667,5.16,0.23664319132398268,-0.4178858791139594,-17.6653,167.6727,5.0
1.8638205555555556,5.18,0.23944379994757073,-0.16605999496064755,37.4864,141.5837,5.3
0.0036652777777777777,5.15,0.1779513042005193,-0.2174976164083666,37.5475,141.3336,5.4
1.6743036111111111,5.15,0.1779513042005193,-0.4178858791139594,-22.6761,172.0828,5.0
5.967725000000001,5.16,0.17763883459298702,-0.4178858791139594,-17.6616,167.5399,5.2
1.2712533333333333,5.15,0.17159383568311404,-0.4178858791139594,-23.2569,171.3319,5.2
0.095855,5.11,0.15238839267549706,-0.4178858791139594,-23.2277,171.5591,5.0
3.3764122222222226,5.2299999999999995,0.3713339317768949,-0.3880957508623847,-17.8292,167.5413,6.2
0.11242055555555555,5.25,0.36285901761795214,-0.4178858791139594,-17.8285,167.5942,5.2
0.4360088888888889,5.3,0.359010987142298,-0.41659497355639113,-17.6418,167.707,5.5
0.16139583333333332,5.39,0.387154864219587,-0.3756831974242285,-17.8133,167.6409,5.9
2.0863725,5.390000000000001,0.387154864219587,-0.4178858791139594,-17.972,167.5784,5.3
1.1185430555555556,5.35,0.40620192023179574,-0.4178858791139594,-17.9674,167.7329,5.0
1.9620905555555554,5.35,0.40620192023179574,0.024100323711904598,-13.3849,166.86,5.0
1.4227738888888888,5.34,0.4115013163202902,0.5056080966848578,-15.6807,167.8115,5.1
0.5799500000000001,5.33,0.41646661864361073,5.35832068843888,-6.0656,112.0975,5.1
7.199023611111111,5.359999999999999,0.4005551702879924,-0.4178858791139594,-18.936,-173.5808,5.3
0.30254388888888883,5.24,0.2836272984824327,-0.4272201192994528,-17.6396,167.4251,5.0
2.95659,5.25,0.2838231060987707,-0.06020573924005189,-2.9033,139.2142,5.3
8.4405975,5.25,0.2838231060987707,-0.46465638046893176,38.4057,22.019,5.5
0.37383638888888887,5.16,0.17763883459298632,-0.4178858791139594,-17.5847,167.5558,5.0
0.9837280555555555,5.136,0.17276830985133762,-0.13984468209926176,1.148,-84.951,5.06
0.05069138888888889,5.145999999999999,0.16681326885672357,0.2504059979963674,-6.1273,147.21,5.1
4.499412222222222,5.176,0.16460052652811313,-0.4178858791139594,-17.5127,167.7793,5.3
0.09529527777777777,5.186,0.1624944443494704,-0.17787674583377217,-20.1972,169.0236,5.2
1.2476363888888888,5.176,0.1712178599199111,-0.4178858791139594,-23.2684,171.9466,5.0
0.6807302777777777,5.1659999999999995,0.16601204775557343,-0.4178858791139594,-17.5618,167.8897,5.2
0.2213761111111111,5.176,0.1577057738673821,-0.4178858791139594,-17.6007,167.9921,5.1
0.6072294444444444,5.196,0.1854244380393827,-0.4178858791139594,-17.4717,167.6675,5.5
0.6315572222222223,5.1659999999999995,0.15203800694416628,-0.4178858791139594,-23.0307,172.5968,5.2
5.599652222222222,5.206,0.156076904121009,-0.44767600736553415,30.839,51.3651,5.4
0.053722500000000006,5.209999999999999,0.15238839267549492,-0.36277414184854617,22.2255,121.3607,5.1
4.180424722222222,5.3100000000000005,0.3142893217686146,-0.3980257936129096,-23.1842,171.7786,6.1
1.790111111111111,5.29,0.3212821536005701,-0.4178858791139594,-22.9534,172.3983,5.1
6.007835277777778,5.39,0.42804464979978435,-0.37816570811185973,-18.9515,168.0675,6.2
4.233286388888889,5.41,0.4121757985239874,0.4750235650132411,-3.9543,-78.8053,5.2
4.654845277777778,5.5,0.45704364002673337,-0.4804451484422664,-14.8373,-176.7574,6.1
0.5651425,5.52,0.4417138339593954,-0.4178858791139594,-19.0826,-173.2195,5.3
1.7708108333333332,5.4799999999999995,0.4613988392799513,0.8827511203497941,-4.3164,144.2314,5.1
1.6761405555555555,5.54,0.4599516882842727,-0.4178858791139594,-9.1863,-108.4076,5.8
0.7219322222222223,5.540000000000001,0.4599516882842727,-0.4178858791139594,-54.4041,144.0951,5.4
0.06448416666666666,5.57,0.4372896319628665,-0.4178858791139594,-54.7414,143.9351,5.4
6.863249166666667,5.46,0.42739521132865343,-0.4178858791139594,-14.6253,-176.9814,5.0
3.3938705555555555,5.459999999999999,0.42739521132865343,-0.4178858791139594,-0.1358,-18.3268,5.1
1.953236111111111,5.35,0.35039660069380824,-0.4178858791139594,-23.3078,171.4026,5.1
0.6670194444444444,5.39,0.3541813722437171,-0.32851549435923516,50.9446,-179.2536,5.6
0.1444375,5.31,0.2514402955419452,-0.4178858791139594,-17.6739,167.6395,5.3
6.940606388888889,5.279999999999999,0.2699794230842187,-0.1967438270597695,40.7273,142.7148,5.0
10.460671388888889,5.319999999999999,0.2699794230842183,-0.47508292535698293,-17.4718,167.7845,5.5
14.687479166666668,5.25,0.21730674684008564,-0.4178858791139594,-17.4852,167.8401,5.1
2.406978333333333,5.209999999999999,0.22335820757001063,-0.4178858791139594,-9.158,-74.8122,5.0
0.5022827777777777,5.18,0.21499353995462617,0.07315473489949774,-4.6622,153.3134,5.1
0.93332,5.1899999999999995,0.20789954839350036,-0.4178858791139594,43.669,-127.92,5.1
4.353894444444444,5.1899999999999995,0.20789954839350036,-0.4178858791139594,52.3177,97.3813,5.1
3.400463333333333,5.18,0.21499353995462617,-0.4178858791139594,-2.0998,68.2087,5.0
17.890323888888886,5.14,0.15776212754932145,-0.4178858791139594,-23.242,171.4759,5.2
4.097371388888889,5.12,0.14757295747452298,0.2845653450581731,2.3391,127.2602,5.1
1.742915,5.12,0.14757295747452298,0.5365898300664956,-8.8111,123.4503,5.0
0.5423994444444444,5.11,0.11972189997378502,-0.43774596461500925,-22.9455,173.0226,5.4
3.207542222222222,5.11,0.11972189997378502,-0.4178858791139594,-23.1048,172.8657,5.1
4.9041211111111105,5.11,0.11972189997378502,-0.4178858791139594,-15.0485,-173.1391,5.0
0.3402597222222222,5.1,0.12472191289246351,-0.4178858791139594,25.4721,142.7821,5.0
1.6117433333333333,5.109999999999999,0.12866839377079056,-0.35681611619823117,14.4136,-93.1353,5.2
4.0138308333333335,5.180000000000001,0.25298221281346894,-0.26893523785608564,1.358,121.9096,5.8
4.453271111111111,5.19,0.2469817807045678,0.008907358303601466,-31.3694,-178.4947,5.1
4.301582777777778,5.18,0.24855135843076187,-0.19982214031243223,-47.3594,165.7473,5.1
1.2008316666666665,5.1899999999999995,0.2469817807045678,0.020029006184189416,-55.8105,-28.7151,5.2
16.786441111111113,5.1899999999999995,0.2469817807045678,0.7617038992208953,-14.7909,167.5127,5.0
0.31976027777777777,5.16,0.23664319132398326,0.13263569097514194,3.055,127.0363,5.1
11.668013055555557,5.209999999999999,0.27264140062237874,-0.4178858791139594,63.949,-22.2851,5.6
4.813716111111111,5.22,0.2658320271650234,-0.4178858791139594,-23.245,172.0372,5.1
4.417071388888889,5.22,0.2658320271650234,-0.4178858791139594,-15.0988,-173.2381,5.0
4.293198333333333,5.21,0.26853512081496944,0.8211848552965397,13.8107,144.7841,5.1
3.3014119444444447,5.13,0.1766981104093128,-0.4178858791139594,15.99,119.5896,5.0
0.9831647222222222,5.130000000000001,0.1766981104093128,-0.4178858791139594,-53.5702,-134.1846,5.1
1.7764547222222222,5.16,0.1955050439815341,-0.4178858791139594,-53.895,-134.5329,5.4
3.166686388888889,5.1899999999999995,0.22335820757001099,-0.4178858791139594,-47.4498,100.0442,5.5
22.72549916666667,5.2,0.2160246899469268,-0.4178858791139594,8.5297,137.8847,5.1
0.19228416666666664,5.2299999999999995,0.22135943621178436,-0.4178858791139594,8.5277,137.7418,5.4
3.2727205555555554,5.17,0.18885620632286898,-0.4178858791139594,-0.6146,127.4456,5.0
0.32413111111111115,5.16,0.19550504398153432,-0.4178858791139594,-17.4647,167.463,5.0
0.6085588888888889,5.24,0.2716206504995095,-0.4178858791139594,-47.2828,100.107,5.8
14.24253888888889,5.29,0.28848262031224825,4.965090995518093,-18.5472,-177.9389,5.6
5.912467222222222,5.3100000000000005,0.27264140062237757,-0.4178858791139594,64.044,-22.1455,5.2
10.860699722222222,5.33,0.2626785107312707,-0.06040434009506242,61.319,-149.9334,5.3
0.0,5.319999999999999,0.26161889160464463,-0.06040434009506242,61.319,-149.9334,5.3
1.2478311111111111,5.29,0.25582111805799573,-0.4178858791139594,-24.4671,-175.6474,5.2
6.029819444444444,5.33,0.2540778533354567,-0.37816570811185973,-17.581,-72.5179,5.5
1.255172777777778,5.306,0.2580353119676077,-0.25900519510556075,-15.685,-176.014,5.16
2.6693305555555558,5.319999999999999,0.24294489544384457,-0.25900519510556075,-15.414,-176.215,5.14
4.554835277777777,5.36,0.2158188540831775,-0.29872536610766043,51.0681,-178.9684,5.4
2.6161455555555553,5.28,0.1798765008430901,-0.4178858791139594,-48.1507,31.8391,5.0
1.140931388888889,5.2299999999999995,0.14764823060233068,-0.2174976164083666,30.1656,131.1,5.1
6.122698333333333,5.279999999999999,0.2084866102814887,-0.4079558363634345,-22.761,172.5405,5.7
0.6706841666666667,5.25,0.22612680808195265,-0.1696348103508365,-22.4495,172.2315,5.0
2.323183055555556,5.3100000000000005,0.3062678566222687,-0.4079558363634345,-17.7234,167.496,5.9
3.8758775,5.33,0.3048132397241129,-0.05255960632214775,-13.1594,166.6572,5.4
6.610366944444444,5.29,0.30626785662226896,-0.4178858791139594,-17.69,167.617,5.1
12.854151111111111,5.284,0.30966648726223517,-0.4178858791139594,6.2035,-76.254,5.1
10.422514444444445,5.32,0.31198290551460006,-0.20309905442010548,21.9305,121.2921,5.5
3.319633611111111,5.29,0.317804971641412,-0.4178858791139594,13.0036,146.4009,5.1
6.235129166666667,5.29,0.317804971641412,-0.4178858791139594,-24.3094,-175.2602,5.0
2.4408636111111113,5.36,0.3470510689285408,-0.2192850241034611,43.9839,147.9358,5.8
0.6563336111111111,5.3,0.33333333333333126,-0.4178858791139594,-17.8376,167.4464,5.1
10.401283611111111,5.34,0.31692971530678987,4.920107901858215,-21.0967,-178.7266,5.4
1.8322311111111111,5.38,0.40770359603788187,-0.43774596461500925,39.7546,22.1757,6.3
0.29960472222222223,5.339999999999999,0.42478752858863783,-0.4178858791139594,39.7231,22.211,5.0
1.193905,5.36,0.4168666186896907,-0.4178858791139594,39.7259,22.2212,5.3
1.3932383333333334,5.35,0.42491829279939675,-0.4178858791139594,87.3752,-72.5536,5.0
5.246386944444444,5.3100000000000005,0.42804464979978524,-0.3708174764764713,39.7227,22.1153,5.1
12.985355,5.3,0.434613493680175,4.592813692800914,-9.1146,158.9719,5.0
6.071757777777778,5.529999999999999,0.7513691207093575,-0.4178858791139594,-37.4787,179.4576,7.3
0.4854613888888889,5.45,0.761941963377496,-0.4178858791139594,-37.5537,-179.6834,5.0
0.2317386111111111,5.5,0.7527726527090793,-0.4178858791139594,-23.1108,171.8802,5.6
0.4487883333333333,5.46,0.7691264886581097,-0.4178858791139594,-37.4835,-179.3835,5.0
0.09276999999999999,5.35,0.7121953539740491,-0.4178858791139594,-37.7883,179.6016,5.2
0.4385688888888889,5.380000000000001,0.7020604595680399,-0.4309935355446523,-37.8183,179.7681,5.3
0.1827652777777778,5.369999999999999,0.704035983928851,-0.4178858791139594,-37.7394,179.8295,5.2
0.13166,5.369999999999999,0.704035983928851,-0.4178858791139594,-37.7313,-179.8876,5.0
1.4150497222222223,5.47,0.7318925239860458,1.2041866041842857,-14.4334,167.3326,6.1
0.8033986111111111,5.709999999999999,0.9279008567729616,-0.09019446834663716,-29.6768,-177.8398,7.4
0.1633711111111111,5.4799999999999995,0.7598245411496864,-0.4178858791139594,-29.7191,-177.6051,5.0
0.13302694444444443,5.51,0.7445356494710856,-0.4178858791139594,-29.9746,-177.2442,5.3
0.14361055555555557,5.459999999999999,0.7545418035691143,-0.4178858791139594,-29.6679,-177.207,5.1
0.5088847222222221,5.54,0.7426678635537917,-0.4178858791139594,39.7865,22.1157,5.8
0.47089027777777775,5.5200000000000005,0.755424825291481,-0.4178858791139594,-29.7282,-177.175,5.0
0.10971138888888889,5.5,0.7644896627453132,-0.4178858791139594,-29.7069,-177.1777,5.1
0.17845416666666666,5.53,0.7572611467944479,-0.4178858791139594,39.8812,21.9795,5.5
0.0349325,5.55,0.7442371187255353,-0.4178858791139594,-37.6672,179.6013,5.2
0.04317611111111111,5.75,1.094684124911533,-0.22991016984652274,-29.7228,-177.2794,8.1
0.12217138888888888,5.57,0.9286190463981074,-0.4178858791139594,-29.7555,-177.1779,5.6
0.04007527777777777,5.61,0.9097618736057603,-0.4178858791139594,-28.036,-176.8599,5.4
0.043187777777777776,5.6,0.9140872800534708,-0.4178858791139594,-29.2617,-176.8865,5.2
0.04809666666666666,5.630000000000001,0.9006787563955413,-0.4178858791139594,-28.8876,-176.9336,5.4
0.041965555555555555,5.62,0.8991353871605994,-0.4178858791139594,-29.5606,-177.4478,5.7
0.06936388888888889,5.63,0.8920014947670566,-0.4178858791139594,-29.6382,-176.8064,5.1
0.16318055555555558,5.619999999999999,0.8991353871605994,-0.4178858791139594,-29.1131,-176.778,5.0
0.07771972222222222,5.58,0.9138441393974729,-0.4178858791139594,-28.733,-177.1612,5.1
0.2639325,5.61,0.9048634028281697,-0.4178858791139594,-28.9814,-176.7873,5.5
0.058505,5.3100000000000005,0.24244128727957448,-0.4178858791139594,-30.0074,-176.9387,5.1
0.014365,5.359999999999999,0.34058772731852643,-0.4178858791139594,-28.3867,-176.6895,6.1
0.04366222222222222,5.36,0.34058772731852643,-0.4178858791139594,-28.6009,-177.2831,5.4
0.0565,5.359999999999999,0.34058772731852643,-0.4178858791139594,-29.4846,-177.1064,5.2
0.5482313888888889,5.38,0.3489667287547289,-0.4178858791139594,-37.74,-179.9206,5.6
0.0015705555555555555,5.389999999999999,0.3604010112206783,-0.4178858791139594,-29.3952,-177.1249,5.8
0.06586888888888888,5.38,0.37058512292499285,-0.4178858791139594,-37.2764,-179.9817,5.0
0.09964611111111112,5.38,0.37058512292499285,-0.4178858791139594,-29.0268,-176.9974,5.0
0.027135555555555555,5.37,0.3802046232695683,-0.4178858791139594,-29.5179,-176.6385,5.0
0.5060711111111111,5.33,0.38600518131237466,-0.4178858791139594,-28.4535,-177.1269,5.1
0.23427166666666668,5.34,0.38064273129653736,-0.4178858791139594,-29.1878,-177.0332,5.2
0.09761083333333333,5.279999999999999,0.2820559440174152,-0.4178858791139594,-28.6071,-176.7115,5.5
0.46360583333333333,5.319999999999999,0.3259175083088074,-0.4178858791139594,-30.0499,-177.1333,5.8
0.1122613888888889,5.32,0.3259175083088074,-0.4178858791139594,-28.5323,-176.7186,5.2
0.009991111111111112,5.34,0.3502380143083641,-0.4178858791139594,-28.338,-176.6342,5.8
0.059055,5.3,0.31269438398822785,-0.4178858791139594,-28.4897,-176.494,5.4
0.01819111111111111,5.319999999999999,0.29739610697593843,-0.4178858791139594,-28.6605,-176.5467,5.2
0.16521777777777777,5.380000000000001,0.28596814119369424,-0.4178858791139594,-28.8266,-176.5251,5.6
0.26082305555555557,5.42,0.2529822128134675,-0.4178858791139594,-29.7407,-176.6248,5.4
0.02849638888888889,5.5600000000000005,0.4005551702879916,-0.2788652806066106,-28.5168,-176.6801,6.5
0.36517055555555555,5.59,0.3813717929323585,-0.4178858791139594,-28.6797,-176.4753,5.5
0.03758611111111111,5.6,0.38005847503304235,-0.4178858791139594,-29.6682,-177.2501,5.6
0.07938388888888888,5.53,0.40290610982377906,-0.4178858791139594,-29.2031,-177.2685,5.1
0.18263861111111113,5.52,0.41311822359545525,-0.4178858791139594,-29.3443,-176.98,5.1
0.16787361111111113,5.4399999999999995,0.4299870799092542,-0.4178858791139594,-27.8213,-176.6967,5.0
0.27828027777777775,5.45,0.4301162633521295,-0.4178858791139594,-29.1782,-177.0845,5.5
0.14435694444444444,5.5200000000000005,0.44171383395939606,-0.4178858791139594,-29.0144,-176.5484,5.9
0.34990333333333334,5.4799999999999995,0.45166359162544656,-0.4178858791139594,-29.1622,-176.8503,5.2
0.088605,5.46,0.4599516882842739,-0.4178858791139594,-30.1831,-177.1047,5.2
0.06391555555555556,5.37,0.2907843798341905,-0.4178858791139594,-30.047,-177.3762,5.6
0.15179194444444444,5.32,0.3084008934992096,-0.4178858791139594,-29.6096,-177.1102,5.0
0.016301944444444445,5.26,0.30623157540949,-0.4178858791139594,-1.3349,-14.6589,5.0
0.5691897222222222,5.279999999999999,0.30110906108363256,-0.4178858791139594,-29.577,-177.0049,5.3
0.04259305555555556,5.3,0.29439202887759464,-0.4178858791139594,-28.7589,-176.5168,5.3
0.15394,5.32,0.2780887148615221,-0.4178858791139594,-28.9198,-176.7496,5.2
0.08872444444444445,5.290000000000001,0.27264140062238035,-0.4178858791139594,-29.0728,-176.7753,5.2
0.5131663888888889,5.33,0.38020462326956905,-0.348375579860285,-28.749,-176.5578,6.3
0.21018444444444445,5.34,0.37771241264574024,-0.4178858791139594,-28.2977,-176.5987,5.3
0.06665166666666666,5.319999999999999,0.39101008796307085,-0.4178858791139594,-28.75,-176.4726,5.0
0.043790833333333334,5.3,0.38005847503304574,-0.4178858791139594,-28.3773,-176.6065,5.4
0.05518,5.319999999999999,0.367574633389072,-0.4178858791139594,-28.2979,-176.4137,5.2
0.4271169444444445,5.33,0.35916569992135866,-0.4178858791139594,-29.4053,-176.6597,5.1
0.047816111111111115,5.36,0.36878177829171427,-0.4178858791139594,-28.6254,-176.5979,5.6
0.19500055555555554,5.390000000000001,0.37549966711037,-0.4178858791139594,-28.7606,-176.6741,5.6
0.1361386111111111,5.4399999999999995,0.38064273129653603,-0.4178858791139594,-28.8013,-176.598,5.7
0.04385805555555556,5.4399999999999995,0.38064273129653603,-0.4178858791139594,-28.8426,-176.9716,5.2
0.14877166666666666,5.33,0.23593784492248415,-0.4178858791139594,-29.6096,-176.7007,5.2
0.14791555555555555,5.3100000000000005,0.24698178070456897,-0.4178858791139594,-29.3196,-177.0144,5.1
0.24134833333333333,5.340000000000001,0.2221110833194344,-0.4178858791139594,-28.6205,-176.4911,5.3
0.07600861111111111,5.33,0.2213594362117855,-0.4178858791139594,-28.3741,-178.0591,5.3
0.18986111111111112,5.3100000000000005,0.24244128727957534,-0.4178858791139594,-28.3951,-177.9094,5.0
0.11305972222222221,5.3100000000000005,0.24244128727957534,-0.4178858791139594,-28.6804,-176.4146,5.1
0.4209519444444444,5.25,0.23687784005919946,-0.4178858791139594,-29.5324,-176.8455,5.0
0.5315166666666666,5.19,0.21317702607092956,-0.4178858791139594,-28.8131,-176.4636,5.0
0.048343333333333335,5.12,0.12292725943058094,-0.4178858791139594,-54.9878,-118.9568,5.0
0.4442963888888889,5.109999999999999,0.1197218999737964,-0.4178858791139594,-29.3274,-176.7823,5.1
1.2341433333333334,5.1,0.11547005383793595,-0.4178858791139594,-28.568,-176.5425,5.1
0.05640944444444445,5.13,0.14944341180973988,-0.4178858791139594,-30.1739,-177.1545,5.4
0.1602113888888889,5.16,0.2065591117977332,-0.26893523785608564,-1.7567,99.2329,5.6
0.6685425,5.14,0.20110804171998312,-0.4178858791139594,-4.0052,70.1482,5.1
0.010861666666666665,5.24,0.33065591380366116,-0.36823566536133484,-29.5019,-176.1259,6.0
1.7725899999999999,5.26,0.32727833889689634,-0.4178858791139594,-28.8471,-176.8072,5.3
2.4806647222222225,5.276999999999999,0.31651048780236224,-0.31560643878355277,-28.779,-176.69,5.17
0.5314158333333333,5.297,0.30309697751343206,-0.4178858791139594,-29.5289,-177.1892,5.2
0.9743441666666667,5.297,0.30309697751343206,-0.4178858791139594,-28.8125,-176.4021,5.0
0.42757277777777775,5.407,0.4058475356857807,-0.37816570811185973,-28.8983,-176.6099,6.2
0.5982158333333334,5.397,0.4153726573144209,-0.4178858791139594,-30.1854,-177.5262,5.0
0.6999686111111112,5.357,0.433898349590981,-0.4178858791139594,-37.5196,179.7019,5.0
0.6260744444444444,5.327,0.4255205961851642,-0.4178858791139594,-28.8435,-176.7896,5.3
0.8904430555555555,5.317,0.4325647029315061,-0.4178858791139594,-28.854,-176.4934,5.0
0.5083461111111112,5.226999999999999,0.36264613912493704,-0.4178858791139594,-37.682,179.9529,5.1
0.2865880555555556,5.197,0.36830090354974265,-0.4178858791139594,-29.0005,-176.5992,5.0
0.9316069444444444,5.2299999999999995,0.38020462326957116,-0.3583056226108099,-28.44,-176.606,5.5
0.6255225,5.26,0.3893013685508391,-0.4178858791139594,-30.27,-177.3014,5.5
0.037526944444444446,5.34,0.4115013163202924,-0.4178858791139594,-28.3725,-177.7331,5.8
0.057525,5.29,0.3142893217686184,-0.4178858791139594,-28.2393,-177.7339,5.7
0.26021944444444445,5.29,0.3142893217686184,-0.4178858791139594,-37.8209,179.9748,5.0
0.4086980555555556,5.32,0.2973961069759397,-0.4178858791139594,-29.7272,-176.4777,5.3
0.09787694444444445,5.369999999999999,0.3334999583541532,-0.4079558363634345,-30.1475,-177.0249,5.8
0.3092183333333333,5.369999999999999,0.3334999583541532,-0.4178858791139594,-30.2962,-177.2666,5.0
0.12572333333333333,5.37,0.3334999583541532,-0.4178858791139594,-29.5949,-176.3306,5.1
0.2911036111111111,5.4,0.30912061651652256,-0.4178858791139594,-28.9915,-178.3354,5.3
0.3870483333333333,5.380000000000001,0.30840089349920946,-0.4178858791139594,-37.6848,179.7415,5.3
0.23267305555555556,5.33,0.32676869155073257,-0.4178858791139594,-30.6196,-176.8373,5.0
0.6279688888888889,5.26,0.28751811537130545,-0.4178858791139594,-28.4891,-175.9522,5.1
0.1636447222222222,5.2,0.24494897427832027,-0.4178858791139594,-30.0882,-177.0627,5.1
0.039101111111111114,5.21,0.2378141197564953,-0.4178858791139594,-37.4967,179.6541,5.1
0.6723338888888889,5.1899999999999995,0.23781411975649572,-0.3489713824253165,-28.8909,-176.8895,5.1
0.5159175,5.11,0.1100504934614704,-0.4178858791139594,-29.941,-176.8496,5.0
0.1648961111111111,5.119999999999999,0.10327955589887387,-0.4178858791139594,-37.2153,179.6992,5.1
0.29995611111111115,5.24,0.3864367132317196,-0.3880957508623847,-37.5763,179.5947,6.3
0.09697583333333333,5.2299999999999995,0.386005181312377,-0.4178858791139594,-28.5565,-176.2747,5.2
0.0599975,5.209999999999999,0.3871548642195912,-0.42453900775681114,-29.4184,-176.1772,5.1
0.0032825000000000003,5.209999999999999,0.3871548642195912,-0.4178858791139594,-29.1383,-176.3633,5.0
0.24499722222222223,5.220000000000001,0.3852848873813319,-0.4178858791139594,-28.4273,-178.2978,5.2
0.18891999999999998,5.21,0.3900142447541016,-0.4178858791139594,-37.2089,179.5488,5.0
0.25068666666666667,5.2,0.3944053188733094,-0.4178858791139594,-29.3615,-176.8152,5.0
0.2799877777777778,5.1899999999999995,0.39846929339383125,-0.4178858791139594,-28.8956,-178.1985,5.0
0.6570455555555555,5.2,0.3944053188733094,-0.4178858791139594,-37.3,179.841,5.1
1.2877272222222222,5.2,0.3944053188733094,-0.4178858791139594,-37.1562,179.6216,5.1
0.6537997222222223,5.119999999999999,0.15491933384830317,-0.41391386201374947,-29.9349,-176.8036,5.5
1.9708483333333333,5.11,0.15238839267550633,0.10701618067878767,50.8612,157.5675,5.1
0.12927388888888888,5.13,0.16363916944845358,-0.4178858791139594,-37.5977,-179.8372,5.3
0.9436830555555555,5.21,0.2601281735350247,-0.4178858791139594,-28.4763,-178.011,5.8
0.2321447222222222,5.25,0.2877112750272028,-0.4178858791139594,-28.6453,-177.0093,5.6
0.002595277777777778,5.359999999999999,0.3777124126457411,-0.4178858791139594,-28.6263,-177.0009,6.1
0.0233325,5.39,0.35730472522297596,-0.4178858791139594,-28.4138,-178.1653,5.3
0.04342138888888889,5.4399999999999995,0.33065591380365883,-0.4178858791139594,-28.4727,-178.1626,5.5
0.02335,5.449999999999999,0.3205897343611878,-0.4178858791139594,-28.4402,-177.5973,5.2
0.13879388888888888,5.4399999999999995,0.33399933466334153,-0.4178858791139594,-30.0848,-177.1684,5.0
0.895488888888889,5.4,0.3496029493900499,-0.4178858791139594,-29.8499,-176.7965,5.1
1.234893888888889,5.43,0.3334999583541526,-0.4178858791139594,-28.3891,-177.9035,5.4
0.9456727777777778,5.5200000000000005,0.40770359603788253,-0.4178858791139594,-28.4217,-177.7664,6.2
1.5101552777777778,5.56,0.45509461775669197,-0.36823566536133484,-28.3565,-177.8739,6.2
0.11142666666666667,5.540000000000001,0.4575295983139582,-0.4178858791139594,-28.907,-176.9055,5.4
0.14987722222222222,5.46,0.4168666186896917,-0.4178858791139594,-28.3628,-177.7886,5.3
0.7117394444444445,5.47,0.4137900702315381,-0.4178858791139594,-28.2666,-177.8183,5.4
0.13856916666666666,5.529999999999999,0.4595891885393093,-0.4178858791139594,-28.2896,-177.6283,6.1
1.4882366666666667,5.55,0.4478342947514784,-0.4178858791139594,-29.0051,-176.8682,5.4
2.4584508333333335,5.57,0.42439499421071103,-0.4178858791139594,-1.2034,10.2158,5.2
0.07219944444444444,5.630000000000001,0.39171985454459957,-0.4278159218644843,-30.2103,-176.9279,5.7
0.3256761111111111,5.640000000000001,0.3864367132317154,-0.4178858791139594,-29.447,-175.7677,5.5
0.0036930555555555553,5.57,0.3334999583541509,-0.32752249008418266,-28.461,-176.312,5.5
0.7200105555555556,5.47,0.26687491868330576,-0.4178858791139594,21.0825,144.408,5.2
0.03954888888888889,5.4799999999999995,0.26583202716502286,-0.4178858791139594,21.0971,144.441,5.5
0.2171377777777778,5.46,0.2875181153713025,-0.4178858791139594,28.0636,142.6755,5.1
0.26048666666666664,5.430000000000001,0.3093002855909866,-0.1696348103508365,-22.5871,171.8595,5.1
0.06653833333333334,5.39,0.22827858224351807,-0.4178858791139594,20.8917,144.3647,5.7
0.027729166666666666,5.35,0.25927248643506723,-0.4178858791139594,20.8752,144.7484,5.0
0.9267180555555555,5.34,0.2674987019698518,-0.4178858791139594,-37.8601,179.7479,5.1
0.3519111111111111,5.279999999999999,0.24404006956964303,-0.4178858791139594,-28.4325,-177.8428,5.1
0.3171202777777778,5.2299999999999995,0.24517567397911297,-0.4178858791139594,21.0223,144.5405,5.0
0.2780313888888889,5.1899999999999995,0.22827858224352265,-0.4178858791139594,-28.4814,-177.9786,5.1
0.9590272222222223,5.1899999999999995,0.22827858224352265,-0.4178858791139594,-28.4007,-176.3085,5.2
0.08038666666666666,5.15,0.20138409955991465,-0.4178858791139594,-28.4947,-176.4821,5.1
1.3413813888888888,5.16,0.20110804171998292,-0.4178858791139594,-29.1797,-176.7491,5.2
0.3656825,5.209999999999999,0.2424412872795783,-0.34023294480485455,-28.3845,-177.7768,5.6
0.1191963888888889,5.14,0.1776388345929958,-0.4178858791139594,21.0645,144.4354,5.0
0.8043341666666667,5.14,0.1776388345929958,-0.4178858791139594,-29.39,-176.8046,5.0
0.24482055555555557,5.15,0.17795130420052757,-0.4178858791139594,-37.0849,179.9544,5.2
0.38253111111111116,5.14,0.18378731669454218,-0.4178858791139594,21.0598,144.4884,5.0
0.31814305555555555,5.15,0.17795130420052757,0.31793028869993684,-5.6896,130.7664,5.1
0.5350575000000001,5.14,0.18378731669454218,-0.4178858791139594,-28.4182,-177.7722,5.0
0.013957777777777777,5.17,0.2162817093001152,-0.43774596461500925,-28.4674,-176.589,5.5
0.10516138888888889,5.1899999999999995,0.2183269719175076,-0.4178858791139594,64.0185,-22.1748,5.3
0.09534194444444444,5.1899999999999995,0.2183269719175076,-0.4178858791139594,-28.3356,-176.5472,5.2
1.3179641666666668,5.130000000000001,0.17029386365927077,-0.4178858791139594,-28.4729,-177.1489,5.0
0.033695833333333335,5.140000000000001,0.1646545204697195,-0.15970476760031158,-28.844,-176.806,5.1
0.7024477777777778,5.2,0.2108185106778952,-0.4079558363634345,-29.2219,-176.5717,5.6
0.43740083333333335,5.1899999999999995,0.21317702607092995,-0.4178858791139594,-37.2027,179.7824,5.1
0.28868194444444445,5.25,0.2368778400591998,-0.36466084997114584,-37.1739,179.6258,5.6
0.04167,5.24,0.24585451886114537,-0.4178858791139594,-37.621,179.8964,5.0
2.1275375,5.25,0.2368778400591998,-0.4178858791139594,-37.1515,-179.9579,5.1
0.8693677777777779,5.26,0.2503331114069156,-0.4079558363634345,-32.3938,-178.0058,5.6
0.3853552777777778,5.25,0.25055493963954983,-0.4178858791139594,-37.4193,179.752,5.2
0.1915297222222222,5.2299999999999995,0.26267851073127585,-0.4178858791139594,-29.5049,-176.7562,5.0
1.0757013888888889,5.24,0.25473297566057235,-0.4178858791139594,-28.3167,-177.8124,5.1
1.3323102777777778,5.239999999999999,0.25473297566057235,-0.4178858791139594,-29.008,-176.7459,5.1
0.3986719444444445,5.2,0.22110831935702993,-0.4178858791139594,-32.424,-178.3192,5.2
0.09333222222222222,5.22,0.22010098692292498,-0.4178858791139594,-29.2429,-176.6651,5.3
3.3875675000000003,5.2,0.1885618083164167,-0.4178858791139594,-28.7434,-176.3111,5.4
0.24396444444444446,5.2,0.1885618083164167,-0.4178858791139594,-48.4934,-10.1087,5.0
1.6310619444444445,5.19,0.19692073983656325,-0.4178858791139594,-28.4982,-176.4416,5.0
0.20887694444444443,5.130000000000001,0.14181364924122675,-0.4178858791139594,-28.8002,-176.6035,5.0
1.537835277777778,5.11,0.14491376746190432,-0.4178858791139594,-37.4491,179.8294,5.0
0.20208083333333332,5.11,0.14491376746190432,-0.4178858791139594,-37.7943,-179.6998,5.0
0.8529230555555556,5.109999999999999,0.14491376746190432,-0.4178858791139594,-28.5583,-177.0074,5.1
3.381183888888889,5.130000000000001,0.1567021236472503,-0.4178858791139594,-37.972,179.5354,5.3
0.6505352777777779,5.13,0.1567021236472503,-0.4178858791139594,-29.6847,-176.9376,5.2
0.050444444444444445,5.140000000000001,0.1712697677155422,-0.4178858791139594,-29.4759,-177.0667,5.4
0.3862363888888889,5.18,0.2616188916046512,-0.4178858791139594,-29.5783,-176.8923,5.8
0.3272402777777778,5.18,0.2616188916046512,-0.4178858791139594,-32.9363,-178.4574,5.0
0.12236861111111111,5.1899999999999995,0.2558211180580018,-0.4178858791139594,-29.5864,-176.7905,5.1
1.4216263888888887,5.1899999999999995,0.2558211180580018,-0.4178858791139594,-29.5375,-176.3277,5.0
1.5199744444444445,5.2,0.24944382578493243,-0.4178858791139594,-28.8219,-177.0033,5.1
2.118185,5.209999999999999,0.24244128727957856,-0.4178858791139594,-30.4232,-176.7521,5.1
0.6885074999999999,5.2,0.24944382578493243,-0.4178858791139594,-29.5814,-177.0343,5.0
2.5957447222222223,5.1899999999999995,0.24698178070457272,-0.4178858791139594,-29.6472,-176.8133,5.2
3.309260833333333,5.21,0.2558211180580013,-0.4178858791139594,-28.2196,-177.6489,5.4
0.7507144444444445,5.1899999999999995,0.24698178070457266,0.541952053151779,-32.2039,-69.9055,5.2
0.14081194444444445,5.11,0.12866839377080233,-0.4178858791139594,-4.4209,101.0083,5.0
1.8096522222222222,5.11,0.12866839377080233,-0.4178858791139594,-29.6667,-177.2344,5.0
0.18830611111111112,5.1,0.1333333333333439,-0.4178858791139594,-28.5531,-176.7343,5.0
2.1366883333333333,5.1,0.1333333333333439,0.019929705756684186,-29.4312,-177.5358,5.0
0.3428133333333333,5.090000000000001,0.13703203194064054,-0.41023974619605524,-28.3997,-177.0442,5.0
2.1882255555555554,5.090000000000001,0.13703203194064054,-0.4178858791139594,-29.5672,-177.0696,5.1
1.7530227777777776,5.11,0.13703203194063956,-0.4178858791139594,-29.4105,-176.6928,5.2
0.5347066666666667,5.1,0.13333333333334393,-0.4178858791139594,-29.7314,-176.998,5.1
1.9641230555555556,5.08,0.09189365834728504,-0.4178858791139594,-28.8661,-176.0944,5.2
8.554753333333334,5.08,0.09189365834728504,-0.4178858791139594,-17.8329,167.4451,5.2
10.389471666666665,5.08,0.09189365834728504,-0.4178858791139594,-9.9462,148.5726,5.0
0.4701269444444445,5.09,0.08755950357710815,0.6239742062711149,-8.9346,-75.8849,5.1
2.4975516666666664,5.119999999999999,0.10327955589887643,-0.4178858791139594,-9.3257,67.1159,5.3
1.3598575,5.15,0.10801234497347345,-0.43774596461500925,-0.9881,10.3754,5.3
3.0749841666666664,5.159999999999999,0.09660917830793896,-0.4178858791139594,-32.9875,-178.583,5.1
1.0373730555555556,5.16,0.09660917830793896,-0.4178858791139594,64.0363,-22.1554,5.1
13.164443611111112,5.15,0.09718253158076516,0.06054358060633106,-4.5633,153.0538,5.1
3.7191166666666664,5.15,0.09718253158076516,-0.4567123462685118,-33.188,-178.4256,5.1
0.08241722222222223,5.22,0.2573367875415854,4.328674555636951,-20.156,-177.6158,5.9
3.5360513888888887,5.220000000000001,0.2573367875415854,-0.4178858791139594,-33.1413,-178.4728,5.2
2.5005005555555555,5.2299999999999995,0.24966644414765474,-0.4178858791139594,-29.5088,-176.9073,5.1
0.18753555555555557,5.22,0.25733678754158534,-0.1696348103508365,-22.7067,171.957,5.0
2.0269833333333334,5.1899999999999995,0.2643650674519804,-0.4178858791139594,-37.2644,179.8082,5.0
2.9487233333333336,5.159999999999999,0.26749870196985487,-0.4178858791139594,15.609,119.4352,5.0
1.608608888888889,5.16,0.26749870196985487,-0.4178858791139594,-37.5901,179.9885,5.1
2.9947822222222222,5.15,0.2718251071716716,-0.4178858791139594,-38.0059,-179.5763,5.0
1.1269144444444443,5.15,0.2718251071716716,0.010098963433664501,-56.3524,-26.6331,5.1
8.769503888888888,5.159999999999999,0.2716206504995146,0.8872196395875305,-24.3321,-66.9585,5.2
2.1452419444444444,5.15,0.24152294576982772,4.854966821414771,-25.1558,178.3896,5.8
1.0088555555555556,5.159999999999999,0.24585451886114706,1.0948568335010065,-15.9574,167.9117,5.3
0.207205,5.2,0.26666666666666883,-0.3980257936129096,-4.6982,138.3708,5.5
0.034757222222222224,5.220000000000001,0.2573367875415855,-0.4178858791139594,-4.7072,138.2909,5.2
1.0215430555555556,5.2299999999999995,0.249666444147655,-0.4178858791139594,-32.2259,-178.1582,5.1
6.575978611111111,5.32,0.31198290551460195,-0.3583056226108099,-22.392,174.3924,5.9
1.5949158333333333,5.32,0.31198290551460195,-0.4178858791139594,-37.648,179.8116,5.1
2.4655502777777776,5.38,0.3011090610836307,-0.44767600736553415,39.8931,22.0875,5.6
1.7524086111111112,5.38,0.3011090610836307,0.008808057876096237,-5.7641,146.7094,5.1
5.518080277777778,5.37,0.3093002855909865,0.15170137305614978,4.9082,126.4194,5.1
5.411345,5.3,0.27888667551135854,-0.4178858791139594,-50.1737,-28.5127,5.1
4.021819444444445,5.2700000000000005,0.29458068127047665,-0.4178858791139594,54.8361,164.5361,5.0
0.3349025,5.220000000000001,0.2936362072739383,0.04396040921295443,-34.4908,-179.95,5.0
1.9630966666666667,5.2,0.30184617127124935,1.097935146753669,11.4127,-85.7402,5.0
3.950810277777778,5.23,0.3056868404829448,-0.4178858791139594,-37.7451,179.5294,5.4
2.1670655555555554,5.2299999999999995,0.3056868404829448,-0.17956485310136142,-29.8599,-177.8541,5.9
7.282584444444445,5.3100000000000005,0.36651512019742555,-0.37816570811185973,-28.1496,-176.6326,5.9
0.04254444444444444,5.290000000000001,0.35418137224372015,-0.4178858791139594,-28.1995,-176.4653,5.4
3.262287777777778,5.279999999999999,0.36147844564602605,-0.4178858791139594,-29.814,-177.2048,5.0
4.3345325,5.29,0.3573047252229767,-0.4178858791139594,-27.1171,-176.4007,5.2
4.168565277777778,5.29,0.3573047252229767,-0.4178858791139594,-17.3752,167.504,5.1
0.06267055555555556,5.3100000000000005,0.3446415206816754,-0.4178858791139594,-17.3734,167.5544,5.2
2.8502183333333333,5.410000000000001,0.38715486421958784,-0.4178858791139594,-59.8709,-29.4818,6.0
0.815935,5.410000000000001,0.38715486421958784,-0.06993718113556635,28.1249,56.8186,5.0
0.689425,5.42,0.38815804341358834,-0.4178858791139594,-59.531,-29.745,5.5
0.5614502777777778,5.348000000000001,0.35455135970218227,-0.4178858791139594,-59.303,-31.041,5.18
0.10353861111111111,5.288,0.29682767166601415,-0.4178858791139594,64.039,-22.138,5.3
21.436330833333333,5.268000000000001,0.2951760303427255,0.019036001909136912,-4.5627,152.6626,5.2
7.785940833333333,5.298,0.27975386006670666,-0.376676201699281,-29.2181,-176.8272,5.3
0.4585486111111111,5.2780000000000005,0.29430898351524776,0.042669503655386236,36.1742,139.7703,5.0
0.804828611111111,5.287999999999999,0.2892442259099093,-0.4178858791139594,-29.3758,-176.754,5.2
0.7901886111111112,5.278,0.29430898351524776,-0.4178858791139594,-29.3351,-176.8863,5.1
5.692632499999999,5.178,0.16178174598308567,-0.4178858791139594,-29.6479,-176.9157,5.0
9.581167222222222,5.208,0.15266521105565753,-0.4178858791139594,-27.4191,-178.1116,5.3
5.8321805555555555,5.318,0.4644183937404334,-0.3858118410297639,54.7368,163.1803,6.6
0.5038666666666667,5.3100000000000005,0.4677368680976278,1.0084654615714395,-6.6522,129.6807,5.1
0.22901194444444445,5.279999999999999,0.4779586221049317,-0.4178858791139594,54.9987,163.0697,5.0
0.48570444444444444,5.299999999999999,0.47842333648024427,-0.33933924095730733,54.7196,163.025,5.4
4.2251827777777775,5.33,0.4877385456255108,-0.4178858791139594,-1.7939,69.1482,5.6
0.13076583333333333,5.4,0.48534065928536607,-0.4178858791139594,-40.7768,-85.2754,5.7
0.7424908333333333,5.389999999999999,0.49091750834534154,0.09251831826302127,-6.3516,154.9082,5.1
7.523951666666666,5.38,0.49844201713383174,-0.061198743515104397,37.6781,141.6127,5.0
7.866897222222223,5.38,0.49844201713383174,0.4119677935474078,2.2695,128.3103,5.0
1.2842647222222223,5.35,0.5126185499743224,-0.4178858791139594,-8.4928,134.9473,5.0
6.437159722222223,5.290000000000001,0.36347092196090647,-0.43774596461500925,36.9206,5.2014,6.0
0.09135888888888889,5.3100000000000005,0.35730472522297624,-0.4178858791139594,54.7005,163.5077,5.3
0.12488777777777778,5.3100000000000005,0.35730472522297624,-0.4178858791139594,36.9107,5.3143,5.0
2.0811686111111114,5.28,0.36147844564602605,-0.4178858791139594,54.8741,163.221,5.1
0.44232027777777777,5.2299999999999995,0.3465704994818692,-0.4178858791139594,54.8635,163.3884,5.1
5.098920277777778,5.18,0.3047767853510022,-0.4178858791139594,-4.1517,133.9246,5.2
14.338302500000001,5.180000000000001,0.3047767853510022,-0.4178858791139594,-9.6116,155.5812,5.1
1.4161141666666668,5.2299999999999995,0.3128720008068636,-0.467536092866584,-9.5605,155.5841,5.5
1.6737808333333333,5.239999999999999,0.30623157540949103,-0.4178858791139594,-9.5127,155.5672,5.1
0.5719075,5.26,0.2951459149490499,-0.4178858791139594,-9.578,155.4911,5.2
1.368393611111111,5.1899999999999995,0.14491376746190035,-0.4178858791139594,55.2993,160.3733,5.3
2.9151830555555556,5.2299999999999995,0.21628170930011384,-0.43774596461500925,31.9246,92.9151,5.7
10.595157777777777,5.2299999999999995,0.21628170930011384,-0.4178858791139594,-28.1477,-176.6816,5.0
1.1713005555555556,5.22,0.22509257354845794,-0.31918125417374177,-14.5864,166.8566,5.0
0.20477666666666666,5.21,0.23309511649396414,-0.4178858791139594,-30.2931,-177.1099,5.0
0.7166955555555555,5.25,0.2635231383473667,1.2029949990542226,-35.4845,178.673,5.6
6.9428519444444445,5.31,0.29230881691191696,-0.43774596461500925,47.2964,-27.2794,5.7
1.2868652777777778,5.33,0.3128720008068616,-0.4178858791139594,16.6386,-98.8402,5.7
2.0515552777777777,5.380000000000001,0.3119829055146013,-0.31679804391361577,-24.6511,-175.8866,5.6
0.16545,5.46,0.35962943891362914,-0.4178858791139594,-59.618,150.3275,6.0
3.836695,5.63,0.5982381539896006,-0.09019446834663716,38.4515,141.6477,7.0
5.879669722222222,5.6,0.6018490028422567,-0.2481814485074886,0.9715,126.9274,5.4
0.40294555555555556,5.62,0.5827139568909877,-0.4178858791139594,49.0702,156.2384,5.2
0.06138472222222223,5.64,0.5621387729022043,-0.3671433606587771,34.7094,83.4724,5.2
0.20441277777777778,5.6899999999999995,0.5195083145522159,-0.4178858791139594,-23.1154,171.6859,5.5
3.492274722222222,5.63,0.5638163609624014,-0.4178858791139594,-50.3367,112.6992,5.0
0.4809094444444444,5.58,0.5788878225624614,1.2321893247407658,16.8263,145.6869,5.2
9.351571111111111,5.5200000000000005,0.5959119994689724,-0.1696348103508365,14.0649,-92.6047,5.1
9.252547777777778,5.49,0.5989806155275609,5.431107901800226,-19.4931,-63.9885,5.3
6.932325,5.39,0.5877452206904312,-0.4178858791139594,54.869,163.304,5.0
7.408075833333333,5.1899999999999995,0.17288403306520436,-0.4178858791139594,3.9157,-71.3594,5.0
12.764946944444445,5.15,0.164991582276868,-0.4178858791139594,31.9664,92.9084,5.0
0.2931827777777778,5.13,0.17029386365927146,-0.4178858791139594,-27.5948,-178.303,5.0
13.979678055555556,5.11,0.1728840330652073,-0.4178858791139594,-50.2974,112.5236,5.0
5.002075277777778,5.0600000000000005,0.10749676997732989,-0.4178858791139594,-14.448,166.8101,5.0
1.4799358333333335,5.1,0.14907119849999573,-0.4178858791139594,79.5523,3.6847,5.4
7.090413055555556,5.11,0.15951314818674725,-0.4178858791139594,41.8177,81.1623,5.3
30.4381825,5.109999999999999,0.15951314818674725,-0.4178858791139594,-28.9464,-176.637,5.1
0.2790961111111111,5.13,0.19465068427542537,5.349780851673429,-26.0862,178.4296,5.5
3.1797263888888887,5.15,0.1900292375165286,-0.4178858791139594,-22.9625,171.634,5.2
21.7252425,5.2299999999999995,0.27100635498903963,-0.32851549435923516,16.7936,-60.7286,5.8
3.6341216666666667,5.2299999999999995,0.27100635498903963,-0.4178858791139594,-50.4205,112.7209,5.0
7.273853055555556,5.24,0.2633122354417548,-0.4178858791139594,-7.3923,155.1269,5.1
3.26674,5.24,0.2633122354417548,-0.22117173222606082,27.6289,92.6692,5.0
2.022238888888889,5.3100000000000005,0.2846049894151538,-0.4178858791139594,-62.5337,-161.6284,5.7
0.14599833333333334,5.32,0.28982753492378815,-0.4178858791139594,-62.3787,-161.2037,5.5
0.8342394444444445,5.38,0.3425395354310681,1.0021102342111037,26.1379,125.0872,5.9
0.955785,5.380000000000001,0.3425395354310681,-0.4178858791139594,-50.1552,112.6437,5.1
8.005820555555555,5.35,0.3439961240091703,-0.4178858791139594,71.3779,-4.472,5.2
2.7707280555555553,5.35,0.3439961240091703,0.7559444744255911,1.4979,127.1188,5.2
4.028351388888889,5.32,0.31198290551460184,-0.44767600736553415,42.4479,16.0496,5.5
10.650143333333334,5.390000000000001,0.3107338983045687,-0.11998459659821192,33.6313,140.2781,5.7
22.580771944444443,5.470000000000001,0.33015148038437925,-0.4178858791139594,43.6963,-28.8088,5.9
5.192237222222222,5.49,0.3034981237357291,0.07484284216708692,-4.5491,102.6262,5.2
2.3640475,5.4399999999999995,0.30623157540948565,-0.4178858791139594,13.8695,-58.4763,5.2
1.1415316666666666,5.42,0.30840089349920696,0.08219107380247538,-7.021,156.1069,5.3
9.729046666666667,5.380000000000001,0.26161889160464535,-0.43774596461500925,34.3549,87.6921,5.5
2.258792777777778,5.39,0.25144029554194525,-0.4178858791139594,21.3178,146.0835,5.2
0.04398305555555555,5.380000000000001,0.26161889160464535,-0.4178858791139594,21.4194,146.091,5.1
4.3434172222222225,5.380000000000001,0.26161889160464535,-0.4178858791139594,72.2987,-133.0858,5.2
9.302352222222222,5.33,0.283039062871383,-0.4178858791139594,-53.7799,140.5227,5.0
12.19185111111111,5.3100000000000005,0.26012817353502204,-0.4178858791139594,-35.3756,-106.0368,5.5
2.4273994444444447,5.24,0.15776212754932575,-0.37617969956175473,51.1814,100.3687,5.2
4.075259444444444,5.2299999999999995,0.16363916944845075,-0.4178858791139594,-29.1942,-176.2984,5.1
2.7680705555555556,5.21,0.17919573407621175,-0.4178858791139594,-60.3299,-47.2796,5.0
0.024830833333333333,5.2,0.17638342073764343,-0.4178858791139594,-60.2789,-47.2914,5.2
3.257655,5.17,0.14181364924122422,-0.4178858791139594,-6.5982,-12.6464,5.2
9.12292,5.16,0.14298407059685514,-0.4178858791139594,14.4988,56.2582,5.1
2.058651944444444,5.16,0.14298407059685514,-0.4178858791139594,11.9924,143.8474,5.1
12.612144722222222,5.279999999999999,0.41846279537267284,-0.31858545160871027,-29.961,-177.6758,6.4
0.2630336111111111,5.319999999999999,0.40770359603788386,-0.11730348505557016,3.6042,126.7058,5.4
4.981566944444444,5.369999999999999,0.45958918853930986,5.3911891299431165,-21.8006,-179.3796,6.0
6.850709444444444,5.36,0.46475800154488917,0.02370312200188361,-59.5764,-26.2372,5.1
0.13070944444444443,5.41,0.460555220479705,-0.4178858791139594,-30.0234,-177.4672,5.6
24.564338333333335,5.41,0.460555220479705,-0.11055105598521323,7.4576,-76.9434,5.0
2.5434766666666664,5.55,0.5854722690083403,-0.4178858791139594,-58.0139,-7.843,6.6
17.422673055555556,5.62,0.5808040403899831,2.7200076300519145,-5.1251,128.1558,5.9
1.7332030555555555,5.67,0.5518655230720166,-0.4178858791139594,-8.7907,67.6317,5.6
4.901492222222222,5.68,0.5411920998027259,-0.4178858791139594,-42.5343,-82.076,5.2
0.3489322222222222,5.58,0.48258562855609893,-0.4576060501160591,-19.8215,14.6631,5.4
9.357362222222223,5.54,0.5146735750831645,-0.4178858791139594,0.6553,-25.3966,5.0
5.551269722222222,5.4399999999999995,0.512510162500867,-0.4178858791139594,-40.8336,-16.7729,5.0
0.8379983333333333,5.4399999999999995,0.512510162500867,-0.4178858791139594,-30.3789,-178.0265,5.1
1.2936613888888888,5.42,0.5094659513211401,-0.4178858791139594,24.0532,-108.6576,5.4
6.987806388888889,5.46,0.4880801391392815,0.4539718743821282,-21.8463,170.8038,5.4
5.919346666666667,5.409999999999999,0.3695342413844142,-0.2788652806066106,-37.46,179.6324,6.1
7.701399444444444,5.34,0.3306559138036599,-0.4178858791139594,27.1863,88.9412,5.2
3.357748888888889,5.279999999999999,0.3326659986633254,-0.4178858791139594,-29.1145,-176.7154,5.0
0.8991383333333334,5.26,0.34383458555273855,-0.4178858791139594,-29.5013,-176.8696,5.0
0.9411827777777777,5.24,0.3405877273185303,-0.4178858791139594,-57.9769,-8.1625,5.2
11.092198333333332,5.26,0.3306559138036617,-0.4178858791139594,-28.9632,-176.6053,5.2
0.648213888888889,5.33,0.3433495141818159,-0.37816570811185973,-29.4361,-176.9115,5.7
1.8583997222222222,5.35,0.3341656275960567,-0.4178858791139594,-29.7196,-176.7107,5.3
5.077501666666667,5.33,0.33681514877517693,-0.4178858791139594,35.6618,45.9925,5.2
4.939512222222222,5.3,0.3431876713662342,0.4787969812584405,5.9056,126.5496,5.1
1.663138888888889,5.19,0.2078995483935081,-0.4178858791139594,31.8686,92.9137,5.0
7.411043333333334,5.2299999999999995,0.24517567397911402,3.7284034713677197,-3.6629,153.9685,5.6
4.670721111111112,5.34,0.3533962208186284,-0.3384455371097601,-29.0489,-176.6124,6.1
0.5561480555555556,5.35,0.3439961240091712,-0.4178858791139594,-29.0177,-176.6926,5.1
0.25378388888888886,5.369999999999999,0.34009802508492476,-0.4178858791139594,-28.8137,-176.7002,5.4
2.8810463888888886,5.36,0.34705106892854265,-0.4178858791139594,-28.9735,-176.4012,5.1
5.217816666666667,5.359999999999999,0.34705106892854265,-0.3880957508623847,-28.8249,-176.4594,5.7
0.9166438888888889,5.35,0.35039660069381035,-0.4178858791139594,-28.8637,-176.44,5.2
0.26109777777777776,5.33,0.36530048514126634,-0.44767600736553415,-28.8418,-176.6367,5.0
5.03299,5.33,0.36530048514126634,-0.4178858791139594,-29.0279,-176.316,5.1
0.21856916666666668,5.35,0.35039660069381035,2.105139382939411,-18.5091,169.4855,5.2
4.2185130555555554,5.290000000000001,0.35418137224372087,4.871152791098127,2.9106,122.3595,5.0
4.9731338888888885,5.220000000000001,0.2201009869229267,-0.4178858791139594,-34.7306,-107.6679,5.4
6.75054,5.26,0.23190036174568374,0.27821011769783716,63.2011,-148.5799,5.5
19.686175555555558,5.2299999999999995,0.23118054512533306,-0.4178858791139594,-23.2574,171.766,5.1
9.267039722222222,5.24,0.22705848487902208,-0.4178858791139594,29.2909,129.4062,5.2
6.139945,5.180000000000001,0.16193277068655604,0.001360525813202549,-20.0722,169.2482,5.1
2.604536388888889,5.17,0.16363916944845588,-0.34192105207244383,29.1432,129.8486,5.1
0.13475166666666666,5.2700000000000005,0.2983286778035277,0.14812655766596083,-8.5707,112.5054,6.0
0.22951027777777777,5.319999999999999,0.3084008934992103,-0.4341711492248203,-62.4006,-58.336,5.6
0.37322055555555556,5.3100000000000005,0.31428932176861835,-0.4178858791139594,29.2951,129.5271,5.1
1.9049972222222222,5.42,0.3794733192202034,2.4618265185382664,4.1322,124.6443,6.1
2.1300605555555556,5.4799999999999995,0.4211096452627636,-0.4278159218644843,-3.444,145.7329,6.0
12.274257777777779,5.4399999999999995,0.4376706016578605,0.606497331030191,-8.3613,112.469,5.1
10.829899722222223,5.43,0.44733780424988595,0.18605932097296593,-6.2729,104.5961,5.0
3.922915,5.41,0.4629614814791095,-0.4178858791139594,-29.867,-176.9769,5.0
4.2972775,5.409999999999999,0.4629614814791095,-0.3737964893016288,18.013,147.1488,5.1
7.474219166666666,5.409999999999999,0.4629614814791095,1.7772493713170787,2.7772,128.598,5.1
0.7027333333333333,5.33,0.4164666186436125,1.0774792586875879,22.7004,142.9138,5.2
2.293913888888889,5.29,0.4067486256208432,-0.3320903097494241,-30.5758,-177.828,5.2
8.592698888888888,5.3,0.4027681991198193,-0.4178858791139594,29.3324,129.4965,5.2
6.691863333333333,5.21,0.2884826203122537,-0.4178858791139594,-18.715,65.2189,5.2
2.020611111111111,5.13,0.08232726023487423,-0.4178858791139594,-22.7429,172.1694,5.2
7.3576258333333335,5.119999999999999,0.09189365834728483,-0.4178858791139594,0.0976,-17.3918,5.0
9.6923725,5.14,0.08432740427117337,-0.15632855306513307,0.612,126.1055,5.2
2.8542144444444446,5.14,0.08432740427117337,-0.03101141355350866,5.8655,126.7622,5.0
1.8205944444444446,5.16,0.0966091783079427,-0.46058506294121654,36.5325,27.0593,5.3
3.957095,5.16,0.0966091783079427,-0.055439318719799964,-0.1311,125.2068,5.1
4.1336997222222225,5.21,0.19692073983656408,-0.4178858791139594,1.8614,-100.9602,5.7
1.9202566666666667,5.19,0.2078995483935076,-0.0631847520652094,-7.0761,106.0265,5.0
4.442408055555555,5.2299999999999995,0.24517567397911405,-0.4279152222919896,0.1975,96.6432,5.6
17.8258675,5.209999999999999,0.25582111805800234,-0.4178858791139594,12.4334,141.5893,5.0
3.8148055555555556,5.220000000000001,0.2573367875415873,-0.404182420118235,53.5767,171.5799,5.3
2.0447283333333335,5.26,0.25033311140691744,-0.32851549435923516,-10.4175,117.0405,5.4
13.782045277777778,5.24,0.2633122354417564,-0.3981250940404148,17.9152,147.2045,5.0
3.31325,5.279999999999999,0.2529822128134729,-0.32543718110657244,-10.2439,116.9849,5.4
12.973666388888889,5.290000000000001,0.25582111805800095,5.219697291641552,-21.7163,-179.3472,5.4
3.3301350000000003,5.279999999999999,0.2658320271650276,-0.4178858791139594,-30.4136,-177.7661,5.0
0.9146233333333332,5.25,0.22730302828310098,-0.1696348103508365,3.5769,126.7347,5.4
1.299846111111111,5.26,0.2170509412813328,-0.4178858791139594,-28.4343,-176.4756,5.1
2.861835,5.2,0.19436506316151556,0.46817183551537894,5.1405,95.4554,5.0
0.3744541666666667,5.21,0.1852925614625028,-0.4178858791139594,21.4897,145.9543,5.1
14.30038638888889,5.18,0.1932183566158652,0.3084967480869383,54.2392,160.3819,5.0
1.3771622222222222,5.14,0.1837873166945436,-0.41808447996896986,36.4064,27.096,5.0
7.352973055555556,5.2,0.22607766610418017,-0.110054553847687,38.3481,141.95,5.6
0.003779722222222222,5.220000000000001,0.252982212813474,-0.20508506297021045,38.2543,141.8817,5.6
1.763995,5.1899999999999995,0.24698178070457366,-0.4178858791139594,-62.3521,-58.5207,5.1
4.442810277777778,5.27,0.30203016773531677,-0.43774596461500925,29.7531,50.6784,5.8
6.711994722222222,5.24,0.30258148581094185,-0.27221215196375886,22.5129,94.1955,5.1
0.7848986111111111,5.279999999999999,0.3084008934992122,-0.4178858791139594,23.7895,121.5649,5.5
0.049598888888888894,5.359999999999999,0.3306559138036607,-0.3980257936129096,23.857,121.5264,5.8
2.8174686111111114,5.37,0.3233505150074081,-0.4178858791139594,-30.2217,-177.1577,5.2
10.254934444444444,5.38,0.31198290551460306,-0.3904789611225107,-33.9739,-72.4073,5.1
0.8522808333333333,5.41,0.28460498941515444,-0.4178858791139594,1.5464,-85.3063,5.3
0.0224025,5.369999999999999,0.28303906287138464,-0.4294047287045683,-33.9804,-72.409,5.2
2.936098611111111,5.33,0.275075747143705,0.2374969424206851,-7.7259,127.7426,5.2
4.097772777777778,5.33,0.275075747143705,-0.4178858791139594,-33.971,-72.3656,5.1
1.8662605555555554,5.25,0.2368778400592015,-0.4145096645787809,-33.9644,-72.3473,5.0
10.882097222222223,5.35,0.3503966006938115,-0.4278159218644843,0.1831,96.5601,6.1
2.461718611111111,5.33,0.3465704994818686,-0.4178858791139594,-42.2108,-83.8983,5.3
17.5896275,5.25,0.31710495984067644,-0.4178858791139594,17.5729,147.3905,5.0
28.263388333333335,5.279999999999999,0.32591750830881033,-0.3880957508623847,-33.9889,-72.3632,5.5
38.659306944444445,5.2700000000000005,0.3334999583541556,-0.4178858791139594,-63.415,-63.0475,5.0
3.8111016666666666,5.24,0.3438345855527389,-0.2433157275597314,5.2189,126.4843,5.0
4.440947222222222,5.23,0.34657049948186974,4.394312138217921,-20.4345,-177.6995,5.1
1.1949266666666667,5.36,0.5295700562196141,2.4717565612887915,-18.9036,-176.2702,6.5
0.5463430555555555,5.35,0.5359311730271182,-0.4178858791139594,32.5329,-40.2375,5.0
1.4902966666666668,5.35,0.5359311730271182,0.11734342513933357,-28.4566,-177.2555,5.0
7.081025555555556,5.24,0.4742245131674347,0.5889211553617619,51.9984,178.4681,5.0
8.497435277777777,5.27,0.48773854562551255,-0.4178858791139594,13.7703,57.1131,5.6
7.869701111111111,5.27,0.48773854562551255,-0.4178858791139594,-1.7578,134.3056,5.0
20.588540555555554,5.369999999999999,0.6236986451805075,1.925604210009921,-21.6097,-177.1526,6.5
1.3755405555555555,5.41,0.6100091074001367,-0.1696348103508365,-15.5615,-74.5306,5.4
2.459581111111111,5.43,0.598238153989604,-0.4178858791139594,-23.1897,171.8919,5.2
11.403629722222224,5.4399999999999995,0.592921205182911,0.03998839211274448,-29.2248,-177.482,5.2
5.5138155555555555,5.319999999999999,0.4613988392799548,0.5604219326677553,-56.1426,-27.5221,5.3
1.9045044444444446,5.39,0.46055522047970693,-0.4178858791139594,-29.1325,-176.6817,5.7
0.07865916666666667,5.409999999999999,0.44584501542327243,-0.4178858791139594,-29.1423,-176.6779,5.2
3.5458125,5.409999999999999,0.44584501542327243,-0.4178858791139594,-29.3414,-176.8253,5.0
1.4650988888888887,5.41,0.44584501542327243,-0.4178858791139594,-3.3809,145.5346,5.6
5.849803611111112,5.42,0.4366539438350086,-0.4178858791139594,-3.5875,145.7994,5.1
0.02842138888888889,5.380000000000001,0.3326659986633245,-0.4178858791139594,-3.407,145.5171,6.1
0.13146083333333333,5.35,0.3439961240091724,-0.4178858791139594,-3.4684,145.6917,5.1
1.1706272222222223,5.33,0.3591656999213604,0.04813102716817491,-7.4516,106.9425,5.0
1.286198888888889,5.34,0.3565264521898926,-0.4178858791139594,-3.3975,145.5371,5.3
0.3930619444444444,5.36,0.35962943891363214,-0.4178858791139594,-3.3953,145.6685,5.5
5.486022222222222,5.38,0.38528488738133093,-0.3880957508623847,-29.1216,-176.8483,5.9
0.16011138888888887,5.369999999999999,0.39171985454460306,-0.4178858791139594,-29.4379,-176.784,5.1
1.1655325,5.4,0.3711842908553353,-0.4178858791139594,-29.7129,-176.877,5.3
8.4721225,5.4399999999999995,0.41419265512024195,-0.17956485310136142,26.7813,92.4565,6.0
0.1931325,5.43,0.4243949942107132,-0.1696348103508365,26.7489,92.5136,5.0
0.4068286111111111,5.33,0.3622460796505923,-0.4178858791139594,-29.2521,-176.7309,5.1
1.4516941666666667,5.32,0.37058512292499607,-0.4178858791139594,-29.5158,-176.7996,5.0
21.87930388888889,5.380000000000001,0.3614784456460264,0.9226698922069043,-37.2631,-70.8302,5.6
1.6918597222222223,5.42,0.37357135269658437,-0.2887953233571355,-37.6137,179.4203,5.7
0.16615305555555554,5.4,0.3741657386773948,1.4311873814612852,18.4185,145.5738,5.3
2.6945566666666667,5.42,0.4077035960378844,-0.4178858791139594,-29.339,-176.3205,6.1
0.057093333333333336,5.459999999999999,0.39214509786273966,-0.4178858791139594,-29.0903,-177.0123,5.5
0.2127222222222222,5.43,0.416466618643613,-0.4178858791139594,-29.3293,-176.7186,5.0
0.04437416666666667,5.33,0.3831158803518574,-0.4178858791139594,-29.2727,-176.8509,5.0
2.8648041666666666,5.33,0.3831158803518574,-0.4178858791139594,-20.6455,-173.8984,5.0
0.48664305555555554,5.36,0.3747591819348061,-0.4178858791139594,43.8194,-128.0455,5.4
0.08941666666666666,5.38,0.35839146815241696,-0.4178858791139594,43.871,-128.4099,5.2
0.3800308333333334,5.35,0.3503966006938117,-0.4178858791139594,43.8937,-128.4355,5.3
1.4484074999999998,5.28,0.34253953543107185,-0.4178858791139594,-29.4702,-176.7418,5.0
13.681011666666667,5.27,0.3433495141818176,0.0014598262407077784,-29.6157,-177.7379,5.2
14.618468333333333,5.159999999999999,0.18973665961010838,-0.1696348103508365,5.3105,94.193,5.0
5.1035288888888894,5.14,0.1577621275493304,-0.4178858791139594,-40.8081,78.5293,5.3
2.2674491666666667,5.140000000000001,0.1577621275493304,-0.4178858791139594,-40.7754,78.3086,5.0
1.3628,5.33,0.5716448003592605,-0.09019446834663716,38.1997,141.5973,6.9
4.770681666666667,5.34,0.5660781257427682,-0.08225043414621726,9.6892,-79.1576,5.1
5.6122825,5.33,0.5657836257007727,1.274888508568023,-16.1602,167.9257,5.3
19.120355,5.390000000000001,0.5820461990063832,-0.18949489585188634,-30.1366,-71.5825,5.8
10.817189722222222,5.409999999999999,0.582046199006383,-0.3086554088581853,-2.3244,99.79,5.5
5.245673055555555,5.409999999999999,0.582046199006383,-0.1696348103508365,17.9062,147.0458,5.0
4.885277777777778,5.4,0.5868938953886339,-0.4178858791139594,-18.2473,-173.1741,5.1
1.216207222222222,5.45,0.5700877125495688,1.4588922007352498,25.7702,123.885,5.5
3.6525038888888886,5.4799999999999995,0.5692099788303079,-0.3384455371097601,51.3055,100.4195,5.6
28.778870833333333,5.5,0.5537749241945377,-0.3933586735201629,-17.6491,167.9112,5.2
4.6220469444444445,5.3100000000000005,0.2766867462592969,-0.42285090048922186,37.1861,141.8522,5.0
1.6831494444444444,5.35,0.27182510717166936,-0.4178858791139594,-20.6989,-173.7392,5.5
3.1247283333333336,5.34,0.2756809750418057,0.954048827298563,1.5332,127.3029,5.2
2.3042261111111113,5.29,0.22335820757001548,-0.4178858791139594,-20.6974,-173.4631,5.3
0.11931027777777778,5.3100000000000005,0.2514402955419502,-0.2192850241034611,-1.9554,99.7862,5.7
3.8658866666666665,5.319999999999999,0.23944379994757492,-0.4178858791139594,-20.8035,-173.7334,5.1
10.320356944444445,5.32,0.23944379994757492,-0.4178858791139594,-15.1361,168.0005,5.1
2.629345277777778,5.2700000000000005,0.24966644414765654,0.6025253139299811,-0.1296,123.0573,5.0
1.1103694444444445,5.25,0.22730302828310173,-0.4178858791139594,-56.929,147.6325,5.4
11.020331111111112,5.2299999999999995,0.2406010991015856,-0.3005127738027549,6.7679,125.1731,5.0
5.987380555555555,5.24,0.2319003617456855,-0.4178858791139594,-16.5994,167.2231,5.1
16.08064111111111,5.1899999999999995,0.22335820757001867,-0.4178858791139594,-25.6159,-175.7869,5.0
6.386388611111111,5.17,0.23118054512533567,0.03482476988247156,-56.551,-26.7313,5.0
0.9462586111111111,5.1899999999999995,0.25144029554195346,-0.4178858791139594,14.0833,-48.3997,5.5
3.5968013888888892,5.2299999999999995,0.35292429153510757,-0.4178858791139594,-54.4135,144.2159,6.1
8.233660555555556,5.33,0.4423422506008977,3.2959501095823596,-18.7443,-177.5658,6.1
4.645275000000001,5.34,0.4376706016578634,-0.4178858791139594,-4.6701,-105.4171,5.2
0.08607111111111111,5.35,0.43011626335213193,0.3563595541444683,31.9824,140.3369,5.1
13.9735625,5.3100000000000005,0.443345864484554,-0.169039007785805,-55.4748,-29.2351,5.0
29.268008333333334,5.3100000000000005,0.443345864484554,0.13114618456256327,46.6309,152.0442,5.0
2.4267802777777776,5.31,0.443345864484554,-0.4178858791139594,-17.7479,-173.7422,5.1
12.185268888888888,5.35,0.43011626335213193,-0.4178858791139594,-29.1864,-176.0856,5.4
3.260538611111111,5.359999999999999,0.42216373863966883,0.36767980288006674,5.7071,126.2283,5.1
11.186140555555555,5.31,0.4332051092342605,0.05667086393362634,18.7614,-102.7126,5.0
4.733701666666667,5.2700000000000005,0.365300485141268,-0.4178858791139594,-16.3585,-177.5437,5.7
6.106921944444445,5.2,0.23094010767585474,0.6334077468841135,-5.369,151.0243,5.4
9.697766944444446,5.26,0.29888682361946756,0.604908524190107,13.5716,120.8478,5.8
5.127656111111111,5.31,0.31073389830457226,-0.29872536610766043,13.2677,-90.3766,5.6
1.6045866666666666,5.35,0.2915475947422653,-0.4178858791139594,-17.2713,-70.0644,5.4
0.8726105555555556,5.45,0.3274480450731399,-0.29872536610766043,13.2742,-90.2266,6.0
5.325313333333334,5.61,0.48864893101057155,-0.4178858791139594,-17.3874,66.3135,6.7
1.6707455555555557,5.59,0.5021066730398113,-0.06467425847778813,3.9466,128.6511,5.2
0.19054138888888889,5.630000000000001,0.4738729318662881,-0.17698304198622497,-14.1557,-75.678,5.5
0.9298786111111111,5.640000000000001,0.4599516882842715,0.8886098455726038,-17.8874,168.6144,5.1
1.462258611111111,5.62,0.46139883927995023,-0.04491347340424353,3.9581,128.6424,5.5
3.668322222222222,5.59,0.4863697724525575,-0.04024635331149683,51.8941,176.2155,5.1
1.7327669444444445,5.52,0.5028805910838946,0.3453372066913857,48.9527,154.2856,5.1
9.961146944444444,5.57,0.535516365555503,-0.4178858791139594,6.7137,-82.4146,6.1
1.8337991666666666,5.54,0.5541760650832089,0.6070931335952224,-5.623,145.335,5.1
1.98912,5.51,0.5342700108039407,3.6100373617814627,-15.9092,-177.5336,5.7
3.2060838888888887,5.34,0.3533962208186304,0.00036752153815004313,44.4027,148.47,5.0
7.238218333333333,5.42,0.40496913462633166,-0.19942493860241126,37.7169,141.8167,6.0
6.581621666666667,5.54,0.5738757124441939,-0.4079558363634345,0.1364,96.6442,6.7
4.349100833333334,5.529999999999999,0.5831904586934777,-0.4178858791139594,-33.5079,77.7886,5.0
14.986513888888888,5.52,0.5846176338238318,-0.4178858791139594,-41.0747,-91.2729,5.4
0.0906011111111111,5.5600000000000005,0.5660781257427652,-0.3967348880553413,-21.8162,170.1691,5.5
10.901771666666665,5.57,0.5578729445153434,0.10354066571610393,-11.8303,166.5073,5.2
7.342727777777777,5.46,0.5501514942874057,-0.10697624059502425,-5.0735,153.1972,5.0
7.175254722222222,5.52,0.5391351098441508,-0.4278159218644843,42.0159,144.4738,5.7
4.083471111111111,5.470000000000001,0.5437523946307411,-0.08463364440634319,-5.6063,151.8643,5.2
15.600814444444445,5.5,0.5228129047119356,-0.4178858791139594,37.3033,56.7455,5.3
1.4376675,5.41,0.5043147165543881,1.8423904517605223,-21.6167,-177.2305,5.1
0.38020750000000003,5.279999999999999,0.2250925735484579,-0.44767600736553415,37.3349,56.7058,5.4
0.2652655555555556,5.3100000000000005,0.20248456731316794,-0.4178858791139594,-49.1461,127.0838,5.3
19.253380277777776,5.3100000000000005,0.20248456731316794,-0.21104308862052543,51.2018,179.3459,5.4
6.108945833333334,5.28,0.19321835661586234,-0.4178858791139594,-23.2597,171.6733,5.2
3.1387016666666665,5.26,0.21186998109427946,-0.08711615509397443,51.1889,179.3875,5.0
0.15615916666666665,5.26,0.21186998109427946,-0.4178858791139594,6.6176,94.5648,5.0
11.996226944444444,5.2,0.14907119849999304,-0.4178858791139594,-52.1973,15.8159,5.1
0.5652772222222222,5.2,0.14907119849999304,-0.4178858791139594,-52.2625,15.8112,5.2
5.5820147222222225,5.2,0.14907119849999304,-0.4178858791139594,28.2785,84.3373,5.3
0.7391783333333333,5.36,0.4926120853842982,-0.4178858791139594,-33.0647,-109.3943,6.7
1.1916005555555556,5.32,0.5050852513300225,-0.4178858791139594,-29.2214,-176.6041,5.0
10.18501388888889,5.29,0.5152130088074693,1.3850126826713445,-23.9204,-66.6828,5.0
3.033044722222222,5.26,0.5168279318217163,5.401814275686179,-28.3915,-63.269,5.1
1.0259052777777777,5.29,0.5216427044549864,-0.4178858791139594,-41.2919,85.7062,5.5
1.7690683333333332,5.359999999999999,0.5253570214625484,-0.4178858791139594,-36.6871,-110.3969,5.7
12.494771944444443,5.359999999999999,0.5253570214625484,-0.4178858791139594,-21.0329,-173.9245,5.0
10.683415833333333,5.42,0.5266244708835065,-0.4178858791139594,-41.0482,44.2233,5.7
1.3768852777777778,5.42,0.5266244708835065,0.6222860990035256,-22.209,-68.5197,5.2
2.5591975000000002,5.390000000000001,0.5425249610233003,-0.4178858791139594,-36.7269,-96.3368,5.0
4.602355277777778,5.26,0.29135697844549807,-0.3534399016630528,-9.8891,160.4458,5.4
2.244399722222222,5.26,0.29135697844549807,-0.4178858791139594,-2.8358,141.4732,5.0
0.13422083333333334,5.2700000000000005,0.28303906287138625,-0.3621783392835146,-9.8513,160.4793,5.1
2.0217019444444446,5.267,0.2851919431618746,-0.4178858791139594,-35.768,-103.793,5.07
4.592698333333333,5.2170000000000005,0.28362925722773674,0.0856665887651591,-28.1336,-177.3257,5.0
1.2517197222222223,5.147,0.23304982776699332,-0.4178858791139594,29.7548,50.5448,5.0
0.28485305555555557,5.227,0.30360976415275376,0.5353982249364325,-8.4206,112.332,5.8
0.8152625,5.157,0.26000213674336203,-0.4178858791139594,28.9216,142.599,5.0
0.38583666666666666,5.157,0.26000213674336203,-0.4178858791139594,25.6924,100.0183,5.2
0.009208611111111112,5.167,0.2551709666522132,-0.4178858791139594,25.5476,99.9993,5.1
0.4437025,5.237,0.38775851591766275,-0.4278159218644843,25.7274,100.0082,6.1
0.11522944444444445,5.237,0.38775851591766275,-0.4178858791139594,25.8236,100.0176,5.0
0.019125555555555555,5.226999999999999,0.3929390679368913,-0.4178858791139594,25.838,100.1301,5.0
0.5753138888888889,5.2299999999999995,0.3917198545446046,-0.4178858791139594,25.6815,99.9907,5.1
0.770791388888889,5.24,0.38643671323172046,-0.4178858791139594,-49.3128,-9.8439,5.1
0.7526822222222223,5.319999999999999,0.41311822359545836,-0.4178858791139594,-2.6482,68.1035,5.8
2.0269608333333333,5.47,0.7454305243727715,-0.4178858791139594,34.5983,98.2513,7.3
0.10784055555555555,5.49,0.7340148348485716,-0.4178858791139594,34.5751,98.2954,5.2
0.025904722222222225,5.52,0.7269418439218106,-0.4178858791139594,34.617,98.4674,5.5
0.012799999999999999,5.5600000000000005,0.712117343638749,-0.4178858791139594,34.4808,99.0805,5.5
4.004791944444444,5.6,0.7557189365836399,-0.4178858791139594,-16.6009,-177.3725,6.5
0.10917444444444445,5.66,0.7260241808033027,0.051110039993332364,12.4514,-87.6715,5.6
1.6070811111111112,5.68,0.7083627444874364,-0.4178858791139594,5.8868,126.646,5.2
2.5556088888888886,5.68,0.7083627444874364,-0.4178858791139594,34.9495,97.4695,5.1
0.15243916666666665,5.68,0.7083627444874364,-0.4178858791139594,34.5476,98.9375,5.1
0.7090702777777778,5.62,0.7223418704310127,-0.4178858791139594,34.7474,98.0852,5.2
5.074926944444445,5.390000000000001,0.43830481529537263,-0.4178858791139594,-5.8666,101.7682,5.0
0.6478030555555555,5.38,0.4442221666388713,-0.3090526105682063,51.7411,-173.3924,5.1
9.786627777777777,5.33,0.45716517802649903,4.976808445963712,-23.7747,179.8083,5.0
4.713845277777778,5.279999999999999,0.46380072349136375,-0.4178858791139594,-20.1891,-173.839,5.0
2.4572116666666663,5.18,0.20976176963403745,0.3070072416743595,4.9536,127.5262,5.5
1.767755,5.13,0.1494434118097456,-0.4178858791139594,-6.3831,105.3483,5.1
0.04379888888888889,5.130000000000001,0.1494434118097456,-0.3588021247483361,-6.2692,105.525,5.2
0.8453997222222221,5.13,0.1494434118097456,-0.4178858791139594,14.7572,119.3391,5.1
4.283351388888889,5.15,0.15811388300843013,-0.1696348103508365,-58.7827,-25.3067,5.3
13.655431666666665,5.139999999999999,0.15776212754933483,-0.17211732103846772,11.3928,-86.94,5.1
2.3928208333333334,5.139999999999999,0.15776212754933483,-0.4178858791139594,28.2083,-43.8757,5.0
39.05309666666666,5.13,0.16363916944845952,-0.1696348103508365,-7.7509,158.1843,5.0
1.3609755555555554,5.14,0.15776212754933483,-0.10429512905238257,-3.5622,129.0913,5.1
4.174118055555556,5.21,0.22827858224352462,1.4805396939313944,-17.5761,-174.8081,5.7
1.7350305555555554,5.184,0.2052207483554198,-0.4178858791139594,-41.365,-89.112,5.24
28.622589166666664,5.194,0.2030982247310195,-0.009661821639880103,-13.3176,166.7304,5.2
9.132203888888888,5.183999999999999,0.2052207483554198,-0.4178858791139594,34.4724,99.1057,5.1
15.560740277777779,5.174,0.21209012759255297,0.5532723018873774,-12.6819,166.6603,5.0
2.7415919444444445,5.144,0.21349993494665506,1.5661366624409192,36.5239,70.1352,5.0
6.288504166666667,5.164,0.21823534696897753,-0.1696348103508365,-18.3532,168.1012,5.3
9.658175833333333,5.184,0.21056537649333695,-0.4178858791139594,36.3194,142.1212,5.2
1.3634325,5.184,0.21056537649333695,-0.4178858791139594,36.4413,141.9959,5.0
0.33016972222222224,5.224,0.22993718949120273,-0.3976285919028886,36.3105,141.9873,5.5
0.37587000000000004,5.164,0.15938771735754226,-0.3442049619050645,1.019,120.0848,5.1
26.49995111111111,5.17,0.16363916944845755,4.653982756144147,-18.0509,-178.1801,5.3
0.9155002777777778,5.16,0.1646545204697233,-0.4178858791139594,34.6242,98.1957,5.1
2.0849675,5.15,0.17159383568312714,-0.4178858791139594,34.5921,98.3313,5.0
6.637124166666667,5.1899999999999995,0.17919573407621617,4.708597991272034,27.228,139.808,5.4
3.440546666666667,5.2,0.16996731711976742,-0.4178858791139594,-24.356,-116.0248,5.1
0.24253027777777778,5.2,0.16996731711976742,-0.4178858791139594,-24.4587,-115.9153,5.3
3.5562694444444443,5.2700000000000005,0.2790858091857957,-0.4178858791139594,-56.8256,-140.7099,5.9
4.014393611111111,5.29,0.26436506745198,0.847201567302915,-20.277,-175.533,5.2
6.186873055555555,5.35,0.3659083066683357,-0.08026442559611226,62.4492,-148.2512,6.1
7.650233055555556,5.359999999999999,0.3596294389136309,-0.4178858791139594,28.6802,-43.5863,5.2
7.429426111111112,5.35,0.3628590176179538,-0.4178858791139594,33.1624,142.6369,5.2
13.270513888888889,5.39,0.35418137224371854,-0.4178858791139594,5.046,-82.677,5.5
1.3527316666666667,5.43,0.32676869155073,1.7814199892722988,-21.4857,-66.7637,5.4
41.22012277777778,5.39,0.35418137224371854,-0.4178858791139594,34.6927,97.8048,5.0
4.244393055555555,5.5,0.4189935029992144,-0.25900519510556075,0.3165,126.2911,6.2
0.22557333333333332,5.48,0.4341018825626559,-0.1696348103508365,0.3224,126.293,5.1
0.5406780555555556,5.390000000000001,0.43063260959249633,-0.4178858791139594,3.8327,-31.5117,5.0
6.359827777777778,5.38,0.4366539438350074,-0.4178858791139594,9.9933,-70.0634,5.1
14.58649,5.36,0.403319558993444,-0.3526454982430107,42.2881,-126.2778,5.9
0.40475527777777776,5.430000000000001,0.4321779468896765,-0.379059411959407,42.2405,-126.218,5.9
5.470170277777778,5.4399999999999995,0.4273952113286539,-0.4317879389646943,0.34,126.2897,5.3
1.6580480555555555,5.39,0.44833023542919687,-0.4178858791139594,0.1655,126.2436,5.0
10.117639444444444,5.37,0.45227818381561924,-0.4178858791139594,58.2875,-32.182,5.2
1.557368888888889,5.41,0.433205109234258,-0.43566065563739903,-34.8672,-74.0649,5.4
9.156566666666667,5.29,0.3478505426185234,-0.4178858791139594,-62.3781,-58.3783,5.0
5.689694722222223,5.305,0.3419307922177636,-0.45979065952117454,33.14,-115.6348333,5.25
5.027615277777778,5.335,0.3249358911128985,-0.3557238114956734,0.2466,126.3835,5.3
2.551581111111111,5.345,0.3183725979275085,-0.4178858791139594,-1.3266,-14.9893,5.2
1.4778316666666669,5.255,0.26713500540197466,-0.02346458106310974,10.223,126.3641,5.0
1.9165533333333333,5.195,0.1461544084559695,-0.4178858791139594,33.4017,46.1288,5.3
4.218972777777778,5.1850000000000005,0.14151953143570425,-0.05007709563451652,3.0223,126.5824,5.2
6.9026177777777775,5.195,0.1300640867675238,0.05299674811593214,50.2748,157.2415,5.1
2.1571266666666666,5.175,0.14385563751361363,0.33342115539075573,34.5639,140.2966,5.0
0.2230447222222222,5.195,0.18626444761265545,3.7725921616075553,-15.8711,-177.4115,5.6
4.869365,5.275,0.25303710751148534,-0.4178858791139594,-27.671,-176.3006,5.8
5.988143611111111,5.26,0.2590581230363424,-0.4178858791139594,-4.7382,133.715,5.1
9.024002222222222,5.2299999999999995,0.2710063549890423,-0.4178858791139594,-44.2805,-16.1385,5.0
7.396488055555555,5.2299999999999995,0.2710063549890423,-0.1696348103508365,10.2413,126.1873,5.2
6.980147777777778,5.2299999999999995,0.2710063549890423,-0.4178858791139594,-17.7991,-12.8648,5.0
0.34247694444444443,5.2299999999999995,0.2710063549890423,1.4373440079666107,0.4526,123.6478,5.3
5.934801388888888,5.279999999999999,0.3084008934992119,0.8134394219511303,-5.2457,151.3165,5.7
4.539853611111111,5.3,0.3018461712712483,-0.4178858791139594,36.4075,143.0603,5.3
21.6152225,5.3,0.3018461712712483,-0.0950601892943944,40.1213,142.3654,5.0
19.805975833333335,5.24,0.29514591494905235,-0.4178858791139594,-3.1003,28.2745,5.0
1.308275,5.17,0.2213594362117952,0.07176452891442424,-4.8293,102.9678,5.1
1.5563744444444445,5.16,0.22705848487902766,-0.4178858791139594,24.5004,102.023,5.0
11.681201111111111,5.2299999999999995,0.2750757471437078,-0.4178858791139594,8.9622,-85.4225,5.7
2.9446130555555556,5.27,0.2983286778035283,0.08000646439735991,0.0519,124.2976,5.6
4.618760833333334,5.28,0.28982753492379076,0.5351003236539168,-6.0298,146.2604,5.1
0.5430597222222222,5.27,0.29078437983419425,-0.4313907372546733,23.8653,121.6086,5.2
14.4255075,5.2,0.2581988897471672,-0.46267037191882676,22.622,121.223,5.0
5.624610833333333,5.18,0.25733678754159084,-0.36654755809374556,-33.7397,-72.2014,5.1
2.7006405555555557,5.18,0.25733678754159084,-0.4178858791139594,10.4856,-62.7686,5.0
5.040235,5.18,0.25733678754159084,-0.4178858791139594,-3.7342,131.4836,5.0
13.899625,5.17,0.26267851073128134,1.5471702807874164,1.364,124.4511,5.0
1.7232299999999998,5.209999999999999,0.2643650674519835,0.055280657948552844,14.0489,-91.4442,5.4
4.442055555555555,5.14,0.2065591117977402,-0.4178858791139594,-60.8818,-25.703,5.0
2.0535755555555557,5.09,0.12866839377081493,-0.4178858791139594,-4.9159,68.5238,5.1
17.28317138888889,5.13,0.18287822299128298,-0.4178858791139594,12.8213,48.6009,5.5
7.512191388888889,5.11,0.18529256146251202,0.3467274126764592,18.1195,-68.496,5.0
0.43642166666666665,5.11,0.18529256146251202,-0.4178858791139594,53.4722,-159.6363,5.0
3.604568611111111,5.1,0.1885618083164278,-0.4178858791139594,-39.7307,-104.9369,5.0
0.34190333333333334,5.17,0.2626785107312817,-0.4589962561011326,7.7102,124.967,5.7
0.18704055555555554,5.2,0.25819888974716765,-0.4178858791139594,7.5814,124.9042,5.3
23.438883611111113,5.220000000000001,0.24855135843076911,0.09341202211056855,-4.2753,102.4086,5.2
9.563888611111112,5.21,0.24244128727958214,-0.4178858791139594,-37.2585,78.1064,5.3
1.9072955555555555,5.24,0.23190036174568632,-0.4178858791139594,-31.6206,-177.1656,5.3
2.9767816666666667,5.32,0.3047767853509997,-0.44767600736553415,-3.558,129.5238,5.9
0.21623166666666666,5.279999999999999,0.30477678535100133,-0.4178858791139594,-37.3808,78.2964,5.1
3.8813827777777776,5.33,0.29458068127047643,-0.4178858791139594,38.2061,93.7234,5.5
11.346344722222222,5.33,0.29458068127047643,0.10552667426620894,-6.0246,150.7863,5.0
17.521573888888888,5.38,0.2740640638812578,-0.4178858791139594,-16.986,-172.7772,5.5
0.6424375,5.31,0.27264140062238174,-0.4178858791139594,34.7242,73.2047,5.0
19.718029444444443,5.32,0.2740640638812604,-0.43814316632503025,53.365,-160.2941,5.4
25.93998583333333,5.38,0.30840089349920846,-0.4178858791139594,-16.36,173.101,5.8
6.969776666666666,5.39,0.30713731999438315,1.6288945326242366,16.0504,-92.4142,5.4
2.2498216666666666,5.38,0.31198290551460084,0.040882095960291756,-4.56,102.6323,5.2
13.935850277777778,5.319999999999999,0.2529822128134714,0.9914850884680421,43.5582,142.6172,5.3
0.6837930555555556,5.327999999999999,0.24643232111248964,-0.4178858791139594,-61.912,159.975,5.18
5.2734475,5.428,0.4460393604953591,-0.26893523785608564,-30.2162,-177.8449,6.5
0.31245277777777775,5.468000000000001,0.4206027421054972,-0.4178858791139594,-30.1675,-177.8217,5.4
8.022208611111111,5.428,0.4359612622954246,-0.4178858791139594,0.9402,92.0109,5.1
0.3044675,5.478,0.4092757831422024,1.7035684541081837,18.8865,145.4174,5.5
3.5967141666666667,5.438,0.43639431710323356,-0.4178858791139594,-52.9462,-47.0016,5.0
5.903753055555555,5.448,0.4466368149228653,-0.19565152235721175,-30.2353,-177.6249,5.9
4.016318611111111,5.428,0.45345096513049304,-0.4178858791139594,-33.2343,-109.5199,5.2
6.983772777777777,5.458,0.44656217683294097,-0.4275180205819686,36.4391,27.0416,5.5
26.547715,5.478,0.44316538172058534,-0.4178858791139594,-58.1435,-63.7638,5.5
2.1203963888888886,5.55,0.44783429475147407,-0.01979046524541548,-12.7067,-76.721,5.9
2.755721388888889,5.45,0.2990726407487682,-0.4178858791139594,-22.734,171.6692,5.5
1.7303652777777776,5.409999999999999,0.33149493041204603,-0.4178858791139594,-29.8968,60.6525,5.0
19.024047222222226,5.470000000000001,0.3233505150074024,2.8292381003076885,-5.9581,128.2804,5.7
1.6493058333333335,5.44,0.333999334663339,-0.4580032518260801,21.6775,145.6299,5.2
2.886215,5.45,0.32058973436118493,-0.4178858791139594,-18.203,120.3066,5.1
2.1716680555555556,5.369999999999999,0.2945806812704747,-0.4178858791139594,-55.039,-127.1075,5.1
5.7085622222222225,5.390000000000001,0.2884826203122486,-0.20935498135293618,-6.5391,154.9971,5.4
7.5418827777777775,5.36,0.2913569784454946,1.3050758385296188,-34.7774,178.9596,5.2
0.7059911111111111,5.32,0.2973961069759405,-0.3563196140607049,34.9509,69.0848,5.1
19.398058055555556,5.27,0.22135943621179074,-0.4867010753750971,39.1868,40.1667,5.4
6.44888,5.26,0.2118699810942811,-0.4178858791139594,-35.9079,-102.3539,5.4
2.154288888888889,5.26,0.2118699810942811,-0.4178858791139594,-30.3291,-177.7729,5.0
1.552225,5.220000000000001,0.1475729574745352,-0.4178858791139594,-28.3304,-176.5486,5.3
1.74636,5.2,0.16329931618555663,-0.1348796607239993,-10.438,161.0673,5.0
0.25794666666666666,5.21,0.15951314818674947,-0.09088957133917391,-10.3525,161.0987,5.2
0.012445833333333333,5.21,0.15951314818674947,-0.110054553847687,-10.3493,161.1532,5.1
11.37387,5.23,0.1946506842754265,-0.4178858791139594,11.8056,-44.2342,5.6
4.853978611111112,5.220000000000001,0.19888578520235858,-0.4178858791139594,-28.3544,-176.5157,5.1
0.9373433333333334,5.21,0.20789954839351057,-0.4178858791139594,-28.2083,-176.5396,5.0
7.421833333333333,5.17,0.20575065816015714,-0.03051491141598244,8.9437,126.2703,5.0
8.700521111111112,5.14,0.18973665961011674,-0.11700558377305448,-2.8938,101.0849,5.1
6.321272222222222,5.15,0.18408935028646803,0.331534447268156,-8.3453,110.6583,5.1
3.6857625,5.119999999999999,0.18135294011648864,-0.4178858791139594,-10.4538,124.0128,5.0
2.4078130555555557,5.159999999999999,0.19550504398154805,-0.4178858791139594,-33.2886,-109.6464,5.4
4.860369444444445,5.15,0.19578900207452513,-0.38164122307454346,26.8158,143.0191,5.1
8.94852888888889,5.14,0.20110804171999125,-0.4178858791139594,-41.6808,-16.3114,5.0
9.0766575,5.109999999999999,0.1370320319406517,0.6668719909533825,-15.2006,167.4735,5.3
2.6937152777777778,5.1,0.14142135623733154,-0.022074375078036248,31.7709,131.7087,5.0
33.20085777777778,5.13,0.14944341180975124,-0.4178858791139594,-28.3361,-113.1267,5.3
10.095789444444444,5.13,0.14944341180975124,-0.4178858791139594,16.5264,-97.9648,5.0
13.882044722222222,5.140000000000001,0.15055453054183393,-0.4178858791139594,-0.8201,80.6503,5.2
15.885484444444444,5.13,0.1567021236472599,1.6283980304867103,-4.422,151.706,5.0
2.247231388888889,5.13,0.1567021236472599,1.7619571054812702,-37.6982,176.4424,5.0
8.397026666666667,5.12,0.13984117975604088,-0.4178858791139594,46.4348,154.3484,5.3
2.6045219444444445,5.220000000000001,0.3392802839999909,5.43647012488551,-21.8116,-179.416,6.1
15.7248325,5.3,0.3741657386773961,-0.4178858791139594,-43.4115,92.1043,5.8
1.1942680555555556,5.28,0.3794733192202081,0.03988909168523925,-4.1986,102.4166,5.1
3.020476388888889,5.2829999999999995,0.3771250897690781,-0.4178858791139594,-56.257,-143.224,5.03
0.8908833333333332,5.313,0.39032892112507866,-0.4178858791139594,14.2788,56.7673,5.6
0.1320236111111111,5.3229999999999995,0.38262398135913034,-0.4178858791139594,14.2759,56.7423,5.1
7.820876111111111,5.393,0.41984256308499435,-0.2788652806066106,-28.7349,-71.5121,5.9
0.4606161111111111,5.492999999999999,0.43466589979482195,-0.29872536610766043,-28.7361,-71.4818,6.0
1.2611158333333332,5.552999999999999,0.3990001392369529,-0.4178858791139594,21.0719,-106.3127,5.6
13.564912222222222,5.523,0.43019504620320187,-0.4178858791139594,-2.8884,127.9268,5.0
1.9652533333333333,5.433,0.38815947467217227,-0.1696348103508365,-55.8503,-27.4883,5.2
11.924676111111111,5.4030000000000005,0.36769703712582547,-0.4178858791139594,-43.2854,92.2034,5.5
17.52274333333333,5.409999999999999,0.36190852128373163,-0.2498695557750778,20.220333333333,-155.63,5.17
22.57289861111111,5.406999999999999,0.3655148575791559,-0.4178858791139594,12.3566,144.5229,5.0
3.105702777777778,5.367,0.3639307015841833,0.002154929233244525,-10.0888,161.1204,5.2
1.8516613888888889,5.3870000000000005,0.35295734712410903,-0.4178858791139594,25.9603,90.3499,5.3
3.395625,5.3870000000000005,0.35295734712410903,4.759340509727217,-23.2892,179.6689,5.9
4.7638380555555555,5.297,0.2880605646194745,-0.43675296033995675,23.857,121.6521,5.1
1.0973744444444444,5.247,0.2726026819791483,0.6416496823670492,-2.9897,139.5758,5.1
5.891704444444444,5.257,0.26424105156719235,-0.4178858791139594,-55.8803,-26.4976,5.1
0.25135416666666666,5.237,0.27632710085452933,-0.4178858791139594,-52.9942,21.7156,5.0
3.542054166666667,5.197,0.26263832334389436,-0.4471795052280079,23.8585,121.6394,5.1
0.9249913888888889,5.18,0.26997942308422745,-0.4178858791139594,-57.9528,-24.6902,5.0
8.0314175,5.18,0.26997942308422745,-0.4178858791139594,-55.9174,-26.4823,5.0
2.9998294444444444,5.18,0.26997942308422745,-0.2782694780415791,5.3333,126.4682,5.2
0.35567,5.17,0.2668749186833146,-0.1382558752591778,-18.4745,-71.3229,5.2
0.07229583333333332,5.13,0.14944341180974635,-0.4178858791139594,-54.7639,144.0643,5.5
0.7079741666666667,5.140000000000001,0.15055453054182932,-0.4178858791139594,31.9596,143.6793,5.2
2.0995875,5.14,0.15055453054182932,-0.4178858791139594,34.6768,97.9158,5.1
7.136323333333333,5.16,0.15776212754933466,-0.1696348103508365,13.0686,-90.0914,5.3
0.11558222222222223,5.2,0.16329931618555465,-0.31779104818866827,-28.7463,-71.6015,5.4
2.187673888888889,5.29,0.29608557321603574,-0.4432074881277979,38.5075,-119.4998333,6.0
0.0072944444444444445,5.293,0.2929561969532904,-0.4437039902653242,38.5126667,-119.5021667,5.03
0.23523666666666665,5.293,0.2929561969532904,-0.4178858791139594,-56.1952,-143.5924,5.0
2.2854947222222224,5.323,0.2976967136757385,-0.4178858791139594,-56.1954,-143.2207,5.5
3.7337705555555556,5.323,0.2976967136757385,0.5505911903447357,-20.3222,-68.7174,5.2
4.699958888888888,5.273000000000001,0.3065235173142001,-0.4178858791139594,-15.9816,-173.0954,5.0
1.8911502777777778,5.273,0.3065235173142001,-0.24291852584971038,-6.3174,150.1171,5.2
1.8363641666666666,5.323,0.3158076066918682,0.6707447076260872,0.1413,123.6629,5.6
2.5973691666666667,5.303,0.32366134564799093,0.07633234857966571,-12.7395,-73.8848,5.1
3.8580436111111114,5.263,0.33486481517837396,0.48038578809852445,-25.6777,-176.9521,5.0
0.4210625,5.193,0.21561539833695334,-0.32782039136669844,37.2826,143.7541,5.3
1.7959827777777777,5.1899999999999995,0.21832697191751133,-0.4178858791139594,-53.2047,-51.511,5.0
2.5404600000000004,5.3,0.34960294939005265,-0.07698751148843905,2.9494,126.4984,6.1
0.12021305555555556,5.3,0.34960294939005265,-0.09446438672936289,2.9677,126.5601,5.5
0.11795416666666667,5.279999999999999,0.36147844564602805,-0.00807301479979608,2.9189,126.5451,5.0
1.274876388888889,5.35,0.3689323936863121,-0.4005083043005408,38.9152,70.5612,5.7
0.44071055555555555,5.37,0.365300485141267,-0.3449000648976013,1.8228,96.9785,5.4
21.447688888888887,5.319999999999999,0.3645392830531302,-0.4403277757301457,52.2294,177.3201,5.1
2.059130277777778,5.35,0.35668224265054627,-0.5062632595936312,52.0793,177.1523,5.4
0.0006977777777777777,5.39,0.33482997343593895,-0.4178858791139594,52.1033,177.1565,5.4
14.883472777777778,5.36,0.3565264521898928,0.06233098830142554,51.7722,-175.9319,5.0
30.36615611111111,5.38,0.33928028399998683,0.4046195619120194,11.6151,-86.4789,5.2
1.0618016666666665,5.33,0.24517567397911305,-0.0762924084959023,46.1726,151.6172,5.6
1.9770875,5.3,0.2403700850309359,-0.37270418459907106,52.4951,160.5061,5.2
8.7158125,5.3,0.2403700850309359,-0.4178858791139594,29.8693,50.8679,5.0
0.24945694444444444,5.2700000000000005,0.2002775851440021,-0.4178858791139594,-23.3165,172.3016,5.4
11.420843333333334,5.25,0.19578900207451755,-0.4178858791139594,23.902,121.6227,5.2
3.2666013888888887,5.26,0.18973665961010802,-0.4178858791139594,-18.2582,-174.0338,5.2
0.6285083333333333,5.22,0.19888578520235672,-0.4178858791139594,-4.974,-11.5847,5.0
6.651371111111112,5.220000000000001,0.19888578520235672,-0.4178858791139594,12.0005,143.8578,5.4
6.187575277777778,5.220000000000001,0.19888578520235672,-0.4178858791139594,30.9335,103.4915,5.0
8.30230888888889,5.2,0.21081851067789822,5.723746261658197,-22.1756,179.2825,5.0
28.428281666666667,5.180000000000001,0.1751190071541909,-0.4026929137056563,33.2825,139.5273,5.4
5.239986666666667,5.16,0.18378731669454473,-0.01244223361002709,-5.5771,146.0306,5.0
0.4604816666666666,5.2,0.1885618083164199,-0.4178858791139594,-17.6004,-173.0537,5.4
5.909956111111112,5.180000000000001,0.1751190071541909,-0.4178858791139594,-29.3403,-176.2031,5.2
7.545595,5.16,0.18378731669454473,-0.4178858791139594,14.151,128.1657,5.0
1.4014652777777776,5.21,0.25144029554195335,0.4460278401817083,-56.0702,-27.7968,5.7
2.506327777777778,5.26,0.25473297566057496,5.07342776192632,-20.6001,-178.4064,5.5
8.436560555555555,5.24,0.2503331114069192,0.11476161402419711,33.6171,131.825,5.2
9.103000833333333,5.35,0.3535533905932756,-0.47677103262457216,6.8258,-82.6774,6.1
0.5855269444444444,5.4,0.3333333333333346,-0.4178858791139594,28.4397,-43.6856,5.5
2.2574266666666665,5.368,0.34835486376841673,-0.4178858791139594,-55.327,-124.883,5.08
0.3808127777777778,5.378,0.33789544734034865,0.1869530248205132,6.4617,126.2332,5.1
0.4494747222222222,5.378,0.33789544734034865,1.6230358074014266,-19.225,-175.3456,5.4
0.4702266666666667,5.378,0.33789544734034865,-0.4178858791139594,-23.1429,172.3893,5.2
5.690571944444445,5.39,0.3248589437484125,-0.2102486852004834,40.3235,-124.4255,5.12
7.801841944444445,5.36,0.30637667448203015,-0.4278159218644843,29.7049,51.1282,5.4
1.2307291666666667,5.3100000000000005,0.3214204584514072,-0.4178858791139594,-25.1593,-129.5761,5.0
9.1260875,5.32,0.3191655787622911,1.0640737009743793,0.0033,123.2252,5.3
14.446744722222222,5.3,0.26683328128253014,-0.4410228787226825,-3.2497,146.9405,5.9
4.333876388888889,5.25,0.27198856185100884,-0.4178858791139594,-3.1694,146.6803,5.0
0.8019822222222223,5.322,0.3140346760753969,-0.4178858791139594,-3.2738,146.6141,5.8
2.5242430555555555,5.351999999999999,0.30466010204452304,-0.21988082666849257,-5.0253,152.1893,5.4
21.410461666666667,5.332,0.30770837564883746,0.3534798417468162,5.6101,126.7376,5.2
0.884805,5.322,0.3140346760753969,-0.4178858791139594,-17.3305,-172.1982,5.1
2.5763244444444444,5.33,0.30930028559099054,-0.4178858791139594,29.3258,70.0487,5.2
2.410622777777778,5.33,0.30930028559099054,-0.4178858791139594,-35.4664,-15.8251,5.4
12.115528611111111,5.430000000000001,0.34976182372199255,-0.43407184879731503,-3.2314,146.7999,6.0
3.300367777777778,5.42,0.3552776691859807,-0.39037966069500546,-2.9186,119.3918,5.2
3.519612222222222,5.5,0.5249338582674543,-0.4178858791139594,7.3926,-82.779,6.7
4.220540555555556,5.5200000000000005,0.5072803301265815,-0.1696348103508365,11.492,-86.912,5.2
0.7072938888888889,5.44,0.5211099265563423,-0.4178858791139594,1.4265,66.8971,5.0
0.23502722222222222,5.45,0.5212165257037303,-0.1696348103508365,-14.8789,166.9445,5.5
10.446406666666666,5.4399999999999995,0.5274677451960671,-0.4178858791139594,7.5293,-82.8316,5.1
15.231754444444444,5.4799999999999995,0.5138093031466056,-0.4178858791139594,79.6804,3.3718,5.5
2.173294444444444,5.51,0.5043147165543888,0.045449915625533154,-4.6772,153.023,5.5
13.140375277777778,5.47,0.5292552419306887,-0.4178858791139594,-47.4692,-12.4348,5.0
1.4078319444444443,5.54,0.6415259585983684,0.5751183959385322,13.7047,120.7259,6.7
0.13926555555555556,5.6,0.6342099196813477,0.6801782482390858,13.7977,120.7434,5.8
2.276057777777778,5.4799999999999995,0.5028805910838967,-0.4178858791139594,-26.6338,-175.6664,5.5
13.626639166666665,5.569999999999999,0.5271516754112505,-0.4178858791139594,-29.9271,-176.8643,6.1
0.26499083333333334,5.6,0.49888765156985804,0.0264835339720306,2.8784,126.5971,5.3
0.20727305555555556,5.56,0.5232377832092951,-0.4178858791139594,-7.8978,156.4065,5.1
14.318944722222222,5.590000000000001,0.5021066730398137,-0.4290075269945473,23.8842,-108.662,5.4
0.3790447222222222,5.540000000000001,0.5358275012642696,-0.4178858791139594,-15.1807,-173.827,5.0
1.3307763888888888,5.49,0.5626327003965872,1.5274094957138717,15.9776,-92.2645,5.0
1.8694519444444444,5.5,0.5537749241945386,-0.4178858791139594,-29.521,-177.0222,5.1
3.0550888888888887,5.4,0.37416573867739567,-0.4178858791139594,-29.7537,-176.6802,5.7
5.84321,5.37,0.3497618237219934,-0.4178858791139594,-29.8819,-176.6719,5.5
0.03735222222222222,5.380000000000001,0.35527766918598125,-0.4178858791139594,-29.825,-176.7447,5.6
10.10703138888889,5.29,0.25144029554195263,0.03770448228012378,41.4815,142.0615,5.2
1.5962380555555558,5.34,0.2988868236194682,-0.42036838980159064,-0.6732,121.9049,5.8
3.8879944444444448,5.37,0.28693785622210044,-0.4178858791139594,-65.4366,-179.5004,5.4
4.396556944444444,5.459999999999999,0.4115013163202931,-0.4079558363634345,-0.7679,121.9083,6.3
4.037921388888889,5.459999999999999,0.4115013163202931,0.8660686485289124,53.1195,158.6161,5.0
42.914028611111114,5.4799999999999995,0.3910100879630719,-0.4178858791139594,-41.9859,-15.955,5.2
10.008525,5.49,0.3813717929323623,3.0206893245378086,-30.7686,-179.68,5.2
3.424879722222222,5.5,0.38873012632302006,-0.2887953233571355,-8.3422,-79.9674,5.8
4.477934444444444,5.49,0.3900142447541003,-0.4178858791139594,-53.9249,158.706,5.4
1.2485255555555557,5.75,0.9442810316143511,-0.1696348103508365,55.3635,-157.8876,8.2
0.06077333333333333,5.779999999999999,0.929516003089778,-0.3344735200095501,55.1016,-158.2373,5.5
0.02124388888888889,5.709999999999999,0.9538809615926329,-0.1696348103508365,55.2218,-157.7952,5.1
0.03828333333333333,5.74,0.9477458637325826,-0.1696348103508365,55.8758,-156.9924,5.7
0.006870277777777778,5.7,0.9297550453987554,-0.5092422724187887,55.3726,-157.205,5.9
0.08964,5.7299999999999995,0.9092732140439279,-0.1696348103508365,55.1526,-157.6035,5.3
0.06212555555555555,5.75,0.8984554647962352,-0.4883891826426863,55.2549,-156.7677,5.4
2.1151008333333334,5.779999999999999,0.8829244336609742,-0.4178858791139594,22.8638,95.9967,5.5
1.0213741666666667,5.7299999999999995,0.8957306142659914,-0.4178858791139594,-13.2907,-112.1144,5.3
1.3373205555555556,5.7,0.9128709291752755,1.6396189787948032,-19.1292,169.2781,5.1
5.136878055555555,5.409999999999999,0.25144029554195113,-0.15672575477515413,55.1678,-156.9458,5.3
4.356188333333334,5.359999999999999,0.2796823595120441,-0.23020807112903852,55.3622,-156.8545,5.0
0.03581972222222222,5.390000000000001,0.2643650674519813,-0.3106414174082903,55.2152,-156.7591,5.4
0.38680722222222225,5.33,0.25407785333546484,-0.4178858791139594,-35.0701,-111.6844,5.1
2.2218327777777778,5.24,0.17763883459299948,0.43947401196636193,38.7404,73.1143,5.0
4.7170580555555555,5.26,0.19550504398154397,-0.08622245124642722,55.3344,-156.9608,5.5
13.301118888888888,5.34,0.35652645218989487,-0.17956485310136142,-4.9149,-80.6156,6.2
5.482445277777778,5.319999999999999,0.35213633723318377,-0.4178858791139594,-16.7312,-173.6202,5.3
0.008798888888888889,5.29,0.36651512019742954,-0.4178858791139594,-26.8266,-114.2904,5.0
6.771415277777778,5.279999999999999,0.37357135269658803,1.1487769656363567,43.3488,141.6214,5.0
2.6532222222222224,5.25,0.38369548110738233,-0.4178858791139594,-15.3304,166.429,5.0
7.567812777777778,5.3,0.3800584750330496,-0.4178858791139594,27.5909,-111.497,5.5
5.664434166666666,5.279999999999999,0.37947331922020944,-0.4178858791139594,30.4525,-109.12,5.2
7.2039275,5.33,0.3860051813123787,-0.41659497355639113,36.3958,27.0112,5.6
6.150072499999999,5.35,0.37193189340702615,-0.4178858791139594,62.6943,-25.2607,5.2
2.407236388888889,5.3,0.3829708431025387,1.2223585824177463,-38.3331,175.8785,5.0
12.379733333333334,5.24,0.2503331114069211,-0.20369485698513695,-30.4588,-177.8049,5.6
2.014051388888889,5.220000000000001,0.2529822128134773,-0.4178858791139594,-47.1003,-11.1408,5.1
0.007770833333333334,5.25,0.2415229457698306,-0.229215066853986,44.1569,148.3143,5.3
1.539196111111111,5.35,0.3205897343611924,-0.4178858791139594,-4.499,133.958,6.0
10.051315277777778,5.36,0.3098386676965966,0.6990453294650832,1.841,127.3842,5.1
7.740575277777777,5.39,0.33813212407775617,-0.31858545160871027,-3.2114,100.1976,5.8
0.20288027777777778,5.39,0.33813212407775617,-0.4178858791139594,-3.1615,100.4063,5.2
2.837044166666667,5.359999999999999,0.33065591380366294,-0.4178858791139594,9.0127,94.1198,5.3
1.8481616666666665,5.37,0.3267686915507355,-0.4178858791139594,8.8628,94.0564,5.3
0.008459722222222221,5.4799999999999995,0.37058512292499574,-0.4178858791139594,8.8809,94.0192,6.1
0.020914722222222223,5.5,0.3829708431025361,-0.4178858791139594,9.0017,94.158,5.8
2.9852305555555554,5.54,0.35652645218989193,-0.4178858791139594,-52.7494,18.4678,5.5
1.7959094444444446,5.51,0.39001424475410074,-0.4178858791139594,-52.6216,18.6466,5.0
1.8858536111111113,5.46,0.35023801430836665,4.244467793112499,-25.4645,179.8264,5.5
0.08966666666666667,5.45,0.36285901761795547,-0.3484748802877903,36.1948,141.9343,5.0
1.5343588888888888,5.39,0.3478505426185241,-0.4178858791139594,-1.5189,148.0996,5.2
0.6156797222222222,5.39,0.3478505426185241,-0.4178858791139594,36.3902,27.0435,5.2
7.104010000000001,5.36,0.36878177829171815,0.29727579977884505,-9.1652,119.2526,5.0
0.8173891666666667,5.409999999999999,0.3928528138289642,-0.24907515235503583,36.0981,142.1045,5.8
0.15983888888888886,5.32,0.31198290551460633,-0.4178858791139594,36.1397,142.1001,5.2
7.954225277777778,5.279999999999999,0.26583202716503057,-0.37816570811185973,36.1778,141.8625,5.4
1.2456975000000001,5.279999999999999,0.26583202716503057,-0.43774596461500925,-20.5487,172.6335,5.5
1.369647222222222,5.32,0.24855135843076825,-0.4178858791139594,-16.3227,67.6057,5.4
10.672008055555555,5.32,0.24855135843076825,-0.4296033295595788,8.7966,94.0775,5.5
3.8851613888888887,5.4,0.26246692913373015,-0.4178858791139594,24.7827,122.3105,5.8
0.09461111111111112,5.390000000000001,0.2726414006223837,-0.4178858791139594,24.7534,122.2717,5.1
7.161302777777777,5.41,0.26436506745198096,4.853278714147183,-7.5981,122.8179,5.4
6.235905833333333,5.4399999999999995,0.2270584848790213,4.819119367085376,-23.1147,-179.3874,5.3
1.428903611111111,5.37,0.21108186931983927,-0.31590434006606855,8.814,94.0044,5.1
1.640816111111111,5.35,0.23687784005920334,0.648302811009901,-6.8174,130.041,5.0
10.586009166666667,5.3100000000000005,0.26012817353502793,-0.4178858791139594,-56.5491,-147.5777,5.0
7.190765833333334,5.29,0.25144029554195446,-0.4178858791139594,24.7518,122.2411,5.3
0.1334413888888889,5.26,0.2547329756605777,-0.4178858791139594,8.7641,93.9557,5.1
2.8203211111111113,5.2299999999999995,0.24060109910158928,0.0288667442321566,-6.2037,104.6565,5.2
0.070005,5.17,0.13374935098494298,-0.4449948958228925,23.1108,121.3586,5.2
8.159104444444445,5.25,0.26352313834737195,-0.1696348103508365,-59.6039,-26.1894,5.9
6.295239444444444,5.21,0.2685351208149789,-0.3344735200095501,36.2724,27.0356,5.0
13.195948333333332,5.21,0.2685351208149789,0.056174361796100115,-10.0594,161.1333,5.3
3.6592399999999996,5.220000000000001,0.2658320271650328,0.8422365459276525,-21.8429,-68.388,5.2
4.754650555555555,5.220000000000001,0.2658320271650328,-0.1696348103508365,-16.7723,-173.3498,5.0
1.5531058333333332,5.2299999999999995,0.2584139659108651,-0.4178858791139594,2.2217,-101.3891,5.1
14.015028611111111,5.220000000000001,0.25733678754159167,-0.30537849475051215,51.6248,175.8439,5.2
7.479106666666667,5.26,0.2674987019698583,-0.4178858791139594,-59.7858,159.5461,5.5
3.5808661111111113,5.24,0.2796823595120473,-0.4178858791139594,-56.6269,-6.1419,5.0
7.798966388888888,5.23,0.2830390628713908,-0.4178858791139594,53.3648,170.1518,5.1
3.2101663888888887,5.17,0.1636391694484624,-0.4178858791139594,-56.7451,-6.0622,5.3
0.40045694444444446,5.17,0.1636391694484624,-0.4178858791139594,-56.7335,-5.9846,5.0
7.7465225,5.14,0.16465452046972892,-0.35622031363319967,-14.7133,-76.1086,5.0
0.7857422222222222,5.119999999999999,0.16865480854233006,-0.4178858791139594,-56.7145,-6.3016,5.0
14.30336111111111,5.119999999999999,0.16865480854233006,-0.1696348103508365,44.1574,148.3205,5.0
3.2744405555555556,5.130000000000001,0.17029386365927995,-0.4178858791139594,13.3056,49.625,5.2
3.552403611111111,5.11,0.17288403306521566,-0.4178858791139594,28.2033,-43.7074,5.0
2.3923075000000003,5.08,0.11352924243953605,-0.4178858791139594,-23.3531,171.5416,5.2
6.980239166666667,5.08,0.11352924243953605,-0.4178858791139594,-20.7503,172.7658,5.0
10.702393333333333,5.119999999999999,0.17511900715419856,-0.4178858791139594,15.9053,147.2583,5.5
2.7227033333333335,5.3,0.6531972647421834,0.030356250644735322,6.4748,126.7151,7.1
8.666147500000001,5.32,0.64601341575337,-0.1696348103508365,6.1544,127.2935,5.2
1.3469166666666665,5.37,0.637791327769342,4.6747365454927445,-18.3626,-177.89,5.5
8.618296666666666,5.37,0.637791327769342,-0.4178858791139594,28.3366,57.4719,5.0
3.3059869444444443,5.38,0.6321040701937918,-0.1696348103508365,6.1397,127.1673,5.1
0.1835711111111111,5.43,0.6360468186820507,-0.4178858791139594,6.2918,127.3033,5.7
2.656670277777778,5.68,0.889194391945128,-0.0481903875119168,-57.5674,-25.0316,7.5
0.04021305555555556,5.970000000000001,1.1499275339486958,-0.29088063233474576,-58.3753,-25.2637,8.1
0.02847111111111111,6.140000000000001,1.115745889030689,-0.1696348103508365,-59.9811,-26.4306,6.7
0.07300916666666668,6.2,1.0934146311237785,-0.1696348103508365,-60.3568,-26.7611,6.1
0.009975,6.07,1.050978380156105,-0.1696348103508365,-60.2917,-26.5403,5.8
0.08504944444444444,6.109999999999999,1.021382505343721,-0.1696348103508365,-59.472,-25.6646,5.6
0.017042222222222222,6.119999999999999,1.0152175464730013,-0.4178858791139594,-60.4338,-25.1764,5.6
0.029136111111111113,6.209999999999999,0.9421606374003637,-0.27658137077398987,-57.0187,-25.1895,5.9
0.055331111111111116,6.21,0.9421606374003637,-0.1696348103508365,-59.9031,-26.6262,5.1
0.04640194444444445,6.14,1.0079682534683292,-0.16834390479326825,-59.2311,-25.0138,5.0
0.07323805555555556,5.91,0.9218941852994221,-0.3535392020905579,-56.8175,-25.2691,5.2
0.039294722222222224,5.6,0.5497474167490211,-0.4178858791139594,-59.5507,-24.7278,5.0
0.08655777777777778,5.52,0.4131182235954582,-0.2667506284509702,-57.0189,-25.2005,5.9
0.08661916666666666,5.44,0.36270588023294664,-0.16447118812056352,-59.844,-26.2904,5.3
0.2693527777777778,5.42,0.3457680661304002,-0.024358284910656947,-59.792,-26.5078,5.6
0.060409166666666674,5.359999999999999,0.36270588023294775,-0.08989656706412141,-57.0113,-25.4868,5.0
0.07349972222222222,5.32,0.35527766918598264,-0.45045641933568115,-56.9333,-25.2195,5.2
0.03504666666666667,5.2299999999999995,0.3020301677353198,-0.32196166614388877,-59.1247,-25.0121,5.0
0.07288194444444444,5.32,0.38239014399200255,-0.1696348103508365,-59.8436,-26.4514,6.0
0.018565833333333333,5.41,0.4040077006966867,-0.11571467821548621,-59.8719,-26.4529,5.9
0.08657444444444444,5.4,0.41096093353126684,-0.002710791714512633,-60.2144,-26.8915,5.1
0.14810916666666665,5.4399999999999995,0.3864367132317198,-0.4178858791139594,-60.4395,-27.2743,5.4
0.08799027777777778,5.35,0.37193189340702565,-0.17360682745104644,-59.1345,-25.2206,5.0
0.03882416666666667,5.4,0.3972125095937679,-0.07351199652575531,-58.542,-25.1767,5.8
0.1366652777777778,5.35,0.4006938426723791,-0.1696348103508365,-59.6025,-26.0611,5.1
0.00873361111111111,5.390000000000001,0.38137179293236395,-0.1696348103508365,-59.8686,-26.2367,5.4
0.030855555555555556,5.39,0.38137179293236395,0.024696126276936115,5.9682,127.1991,5.2
0.016281666666666667,5.41,0.3634709219609079,-0.18403337233909767,-58.5939,-25.1358,5.2
0.07708194444444444,5.3100000000000005,0.3178049716414174,-0.1696348103508365,-56.8358,-25.1387,5.0
0.09825055555555555,5.220000000000001,0.25298221281347605,0.013177276686327177,6.0938,127.1584,5.0
0.00018250000000000002,5.21,0.260128173535028,-0.06765327130294557,-59.8384,-26.3058,5.0
0.043636944444444443,5.18,0.25298221281347677,-0.1696348103508365,-58.5986,-24.9874,5.1
0.023223888888888888,5.1899999999999995,0.24698178070457577,-0.1696348103508365,-58.5516,-24.833,5.1
0.011209166666666668,5.13,0.12516655570347204,0.01039686471618026,-58.5852,-24.9445,5.2
0.050062777777777775,5.140000000000001,0.1264911064067495,-0.1696348103508365,-59.7934,-26.428,5.2
0.029265555555555555,5.14,0.1264911064067495,0.055181357521047615,-59.5628,-25.8811,5.4
0.06423000000000001,5.12,0.131656117720891,-0.4178858791139594,54.2899,87.0463,5.0
0.04371638888888889,5.1,0.13333333333334807,-0.18621798174421314,-59.8633,-26.357,5.0
0.08887138888888889,5.109999999999999,0.12866839377080688,-0.03518203150872914,-59.8685,-26.4889,5.1
0.23070416666666665,5.14,0.1349897115421242,-0.043026765281643814,6.0066,127.1512,5.3
0.0546825,5.2,0.1885618083164214,0.15527618844633875,-59.8347,-26.7242,5.6
0.0894511111111111,5.2,0.1885618083164214,-0.4286103252845263,-58.4247,-25.175,5.1
0.021903333333333334,5.2,0.1885618083164214,-0.1696348103508365,-58.6867,-25.4152,5.1
0.0033283333333333333,5.1899999999999995,0.19119507199600858,0.4390768102563409,1.2821,128.1885,5.1
0.10005333333333334,5.2,0.19436506316151853,-0.1696348103508365,-60.1536,-26.5747,5.3
0.4737486111111111,5.17,0.1828782229912787,-0.1696348103508365,-57.9491,-25.1607,5.1
0.14319,5.1899999999999995,0.17288403306520886,-0.4178858791139594,-60.5852,-26.5229,5.2
0.08607277777777779,5.1899999999999995,0.17288403306520886,-0.4178858791139594,-60.6805,-25.8018,5.0
0.10836305555555556,5.239999999999999,0.21186998109428312,-0.1696348103508365,-57.9852,-25.1572,5.6
0.07627277777777777,5.22,0.21499353995463535,-0.1696348103508365,-59.8374,-26.4778,5.1
0.027410555555555556,5.159999999999999,0.17763883459299998,-0.34192105207244383,-57.9038,-25.2623,5.0
0.04441555555555555,5.15,0.18408935028646448,-0.4178858791139594,-56.7512,-25.2144,5.0
0.07836472222222222,5.14,0.18973665961011282,-0.4178858791139594,-57.0241,-24.8076,5.0
0.4297486111111111,5.13,0.19465068427542914,-0.4178858791139594,-57.9996,-24.0442,5.0
0.3372677777777778,5.11,0.1852925614625084,-0.1696348103508365,-59.8806,-26.2393,5.1
0.17496833333333334,5.12,0.18737959096741333,-0.4178858791139594,-50.2951,114.0387,5.2
0.08412472222222223,5.119999999999999,0.18737959096741333,-0.08671895338395344,-58.7598,-25.2652,5.2
0.011462777777777777,5.17,0.21628170930011928,-0.15732155734018557,-58.764,-25.1447,5.5
0.14186944444444444,5.11,0.15951314818675166,-0.31173372211084804,-58.6755,-25.2857,5.0
0.2873913888888889,5.15,0.20138409955991884,-0.4178858791139594,-58.3743,-24.3235,5.5
0.23438499999999998,5.15,0.20138409955991884,-0.4178858791139594,-59.2148,-25.1632,5.0
0.03292111111111111,5.16,0.19550504398154506,-0.24887655150002533,-58.4807,-25.1422,5.1
0.6681347222222221,5.17,0.18885620632287994,-0.4178858791139594,-59.9137,-25.0876,5.1
0.6729383333333333,5.17,0.18885620632287994,-0.2190864232484506,-58.6247,-24.9949,5.0
0.34891444444444447,5.1899999999999995,0.19119507199600833,-0.4178858791139594,-58.3675,-24.2368,5.3
0.7673469444444445,5.19,0.19119507199600833,-0.4178858791139594,-57.7794,-23.8247,5.2
0.002835,5.18,0.19321835661586798,-0.4178858791139594,-57.7938,-23.6938,5.1
0.8767027777777778,5.13,0.1636391694484601,-0.4178858791139594,-57.2459,-24.7501,5.0
0.19921722222222224,5.14,0.15776212754933552,-0.4178858791139594,-58.7992,-24.653,5.1
0.08116388888888888,5.17,0.24060109910158842,-0.1696348103508365,-58.0187,-25.3567,5.8
0.16831277777777778,5.18,0.2347575581554606,-0.1696348103508365,-57.205,-24.9856,5.1
0.17679083333333334,5.18,0.2347575581554606,-0.4178858791139594,-57.7268,-23.7093,5.1
0.2945419444444445,5.209999999999999,0.24244128727958186,-0.3732999871641025,34.5936,97.4227,5.4
0.5251294444444444,5.24,0.23190036174568662,-0.4178858791139594,-57.8591,-23.9061,5.3
0.5299941666666667,5.26,0.2458545188611482,-0.3065700998805751,-57.8316,-24.8916,5.5
0.27402805555555554,5.24,0.25905812303634423,-0.15066842869733393,-59.4016,-25.2324,5.0
0.044458055555555556,5.24,0.25905812303634423,-0.16943620949582597,-57.337,-25.3961,5.1
0.5021783333333334,5.3,0.26666666666666966,-0.4178858791139594,-59.4755,-24.4092,5.6
0.3397055555555556,5.29,0.27668674625929823,-0.4178858791139594,-58.2526,-23.8716,5.0
0.5003977777777778,5.22,0.2149935399546347,-0.3656538542461984,-58.7805,-24.7722,5.1
0.06705194444444444,5.2299999999999995,0.2110818693198406,-0.4178858791139594,-57.6891,-24.0371,5.2
0.08863638888888889,5.220000000000001,0.22010098692292884,-0.165861394105637,-58.661,-25.2944,5.0
1.1845422222222222,5.1899999999999995,0.21317702607093414,0.009900362578653971,-58.3213,-25.0233,5.1
0.13696,5.18,0.2097617696340385,-0.4178858791139594,-59.2654,-24.8439,5.2
0.22077722222222224,5.13,0.18287822299128081,-0.09674829656198358,-57.3224,-25.425,5.0
0.2488572222222222,5.13,0.18287822299128081,-0.1696348103508365,-57.0807,-25.5211,5.0
1.1650469444444445,5.130000000000001,0.18287822299128081,-0.4178858791139594,-57.802,-23.8787,5.1
0.38599388888888886,5.18,0.3326659986633291,-0.4178858791139594,-60.5354,-27.2495,6.1
0.03494166666666667,5.21,0.3281259920619969,0.027079336537062116,-58.3775,-25.0766,5.3
1.150446388888889,5.27,0.3591656999213624,-0.32851549435923516,-57.2655,-25.5067,5.7
1.4453252777777779,5.290000000000001,0.3604010112206828,-0.010952727197448367,-59.8007,-26.4788,5.4
1.6581747222222223,5.290000000000001,0.3604010112206828,-0.4178858791139594,-58.4573,-23.6371,5.0
0.27859388888888886,5.37,0.4001388647846043,0.6843488661943063,13.7016,120.7817,5.9
0.7363533333333333,5.36,0.40606512887576274,-0.13219854918135754,-57.0112,-25.1704,5.1
2.31617,5.39,0.3871548642195903,0.002055628805739296,-60.0258,-26.9868,5.3
0.440485,5.39,0.3871548642195903,-0.059609936675020445,-57.4749,-25.2557,5.0
0.14685416666666665,5.43,0.3743141876967945,-0.33645952855965505,-27.4662,-177.0281,5.5
0.2827822222222222,5.33,0.3020301677353168,-0.12445311583594816,-1.5106,-80.9299,5.1
0.6619788888888888,5.3,0.3197221015541841,-0.1696348103508365,-56.5885,-25.7043,5.0
0.35500638888888886,5.28,0.29739610697594293,-0.4178858791139594,-57.8169,-23.9874,5.5
0.12152527777777777,5.25,0.2990726407487768,-0.22345564205868157,-57.9175,-23.9053,5.1
0.06136972222222223,5.3,0.2943920288775979,-0.4178858791139594,-17.8959,-13.4078,5.5
0.15962444444444446,5.24,0.20655911179773498,-0.4178858791139594,-57.9252,-24.0394,5.3
0.2260686111111111,5.2299999999999995,0.2162817093001172,-0.4178858791139594,-26.4394,-175.7162,5.0
0.18114416666666666,5.220000000000001,0.21499353995463438,-0.4178858791139594,-60.5196,-24.756,5.2
1.0216633333333334,5.220000000000001,0.21499353995463438,-0.4178858791139594,-58.2421,-23.5228,5.0
1.691926388888889,5.18,0.19321835661586767,-0.4178858791139594,-60.4711,-26.8929,5.1
0.7324922222222223,5.18,0.19321835661586767,-0.1696348103508365,-59.7976,-26.4957,5.1
0.11524222222222223,5.18,0.19321835661586767,-0.1696348103508365,-58.4202,-24.9677,5.0
0.36312638888888893,5.13,0.16363916944845974,-0.4178858791139594,-58.1245,-24.065,5.0
0.7055958333333333,5.130000000000001,0.16363916944845974,-0.22554095103629176,6.0483,127.116,5.1
1.6184258333333332,5.109999999999999,0.11972189997380402,-0.4178858791139594,-58.815,-24.8274,5.3
0.31543472222222224,5.09,0.09944289260119797,-0.4178858791139594,-60.3784,-26.9414,5.1
0.13110833333333333,5.119999999999999,0.1135292424395271,-0.1696348103508365,-58.4617,-24.9585,5.3
0.041140555555555555,5.130000000000001,0.1251665557034727,-0.1696348103508365,-57.78,-25.3286,5.3
1.6781358333333332,5.159999999999999,0.12649110640674868,0.18486771584290304,-59.7692,-26.4143,5.3
1.8787505555555557,5.15,0.13540064007727917,-0.03389112595116087,-59.3199,-25.5221,5.0
2.712626388888889,5.2,0.19436506316151722,-0.4178858791139594,-22.421,-174.5517,5.6
0.11862166666666667,5.24,0.18973665961010866,-0.4178858791139594,-55.9152,-26.2428,5.4
0.04692361111111112,5.29,0.18529256146250142,-0.3980257936129096,-60.3486,-27.11,5.5
0.5003711111111111,5.3,0.1763834207376433,-0.1696348103508365,-59.9156,-26.7804,5.2
1.459116388888889,5.46,0.5358275012642691,-0.3112372199733218,55.1767,-157.6441,6.9
0.18215722222222222,5.49,0.5216427044549842,-0.4178858791139594,28.106,-43.8668,5.4
0.34145583333333335,5.680000000000001,0.7435649863252606,-0.4178858791139594,18.4335,-73.4822,7.2
0.34018805555555554,5.659999999999999,0.7574812062208369,-0.3925642701001209,18.4639,-73.7332,5.1
2.0005644444444446,5.64,0.7705697747626586,-0.16139287486790083,-60.1965,-26.764,5.1
2.959455555555556,5.64,0.7705697747626586,-0.4178858791139594,-51.5666,139.5976,5.0
0.40034166666666665,5.6,0.7831560082980469,-0.4296033295595788,18.586,-73.6203,5.2
0.01266388888888889,5.57,0.7972870666621054,0.2086005180166576,-59.6931,-26.333,5.1
0.8603961111111111,5.54,0.8058122196475626,-0.2799575853091683,-58.5366,-25.5646,5.2
1.4188994444444443,5.54,0.8058122196475626,-0.4261278145968951,-59.1065,-25.0524,5.2
1.223398611111111,5.4,0.6497862896539309,-0.3621783392835146,-56.5221,-25.6845,5.5
0.25262,5.37,0.6566751268490552,-0.3967348880553413,-56.5814,-25.8026,5.1
0.7401005555555555,5.15,0.1433720877840559,-0.3540357042280842,-58.0512,-25.2369,5.0
1.201221388888889,5.140000000000001,0.15055453054182824,-0.1696348103508365,-59.1592,-25.1197,5.0
2.132300277777778,5.130000000000001,0.15670212364725414,-0.1696348103508365,-59.9544,-26.4467,5.0
0.6037216666666667,5.14,0.15055453054182824,-0.38054891837198573,18.608,-73.574,5.1
0.7143627777777778,5.2,0.25819888974716637,-0.43456835093484125,18.3977,-74.0899,5.8
2.321469444444445,5.2299999999999995,0.2626785107312783,0.4404670162414143,-3.6911,-77.0504,5.4
0.15256666666666666,5.220000000000001,0.26583202716502974,-0.014328941732626803,-58.6137,-25.1106,5.1
1.9191344444444445,5.2,0.2748737083745156,-0.4178858791139594,-58.8098,-24.6965,5.0
2.7866155555555556,5.1899999999999995,0.26436506745198335,-0.21551160785826162,-57.8167,-25.4491,5.4
0.16079194444444445,5.2,0.2624669291337322,-0.4309935355446523,37.4907,70.1356,5.2
0.7571616666666667,5.2,0.2624669291337322,-0.04411906998420155,-57.8242,-25.3739,5.0
0.2662466666666667,5.209999999999999,0.2558211180580036,-0.4178858791139594,-58.0285,-23.9844,5.1
1.0342730555555555,5.209999999999999,0.2558211180580036,-0.4178858791139594,-56.4224,-25.3806,5.0
3.836765833333333,5.24,0.25905812303634357,-0.4178858791139594,-60.3554,-28.1377,5.4
0.7590302777777778,5.16,0.17763883459299887,-0.4178858791139594,-58.5995,-25.0511,5.0
1.674433611111111,5.13,0.15670212364725356,-0.13646846756408323,-59.8943,-27.0506,5.1
2.626796666666667,5.14,0.1577621275493341,0.1631209222192535,-59.5243,-26.3778,5.2
0.8707866666666666,5.16,0.15055453054182696,-0.3214651640063625,-58.5083,-25.1484,5.2
0.9365997222222222,5.12,0.1316561177208907,-0.4178858791139594,56.487,117.7281,5.0
6.323056666666667,5.17,0.22632326929024635,-0.35433360551059995,-56.9021,-25.6708,5.7
2.9982947222222225,5.2,0.22110831935703298,-0.1696348103508365,-59.6759,-26.2505,5.3
1.6195969444444445,5.21,0.21832697191751035,-0.1696348103508365,-59.849,-26.7014,5.2
0.7872919444444445,5.4,0.5656854249492385,-0.35135459268544245,-58.3686,-23.3552,6.9
0.6976905555555556,5.359999999999999,0.5796550698475784,-0.4178858791139594,-58.7041,-23.6966,5.0
1.343094722222222,5.359999999999999,0.5796550698475784,-0.4178858791139594,-4.3859,82.2709,5.0
0.9190355555555555,5.35,0.585472269008344,-0.4178858791139594,-57.7969,-23.8344,5.0
0.46370861111111117,5.34,0.5891613625409531,-0.018797460970363042,-57.773,-25.3865,5.1
1.9852222222222222,5.319999999999999,0.5977736472389317,1.0689394219221362,-16.053,167.876,5.0
2.6994005555555556,5.33,0.5926400443964477,-0.4178858791139594,-60.1219,-26.7757,5.1
1.5578794444444444,5.3100000000000005,0.5820461990063841,-0.4178858791139594,-60.2481,-24.9283,5.5
2.780491666666667,5.33,0.585092585266071,-0.10548673418244553,-59.5397,-26.3018,5.5
3.5571944444444443,5.37,0.5888784066153033,-0.4178858791139594,-58.0337,-23.8983,5.6
14.233326944444444,5.26,0.30623157540949275,1.0418304052132032,-23.0367,-177.0395,5.8
0.4768975,5.369999999999999,0.3888730155490639,-0.19326831209708584,-58.0256,-25.4158,6.1
1.7853936111111113,5.390000000000001,0.3725288952252936,0.03323596304238754,-59.6875,-26.3224,5.2
0.4275230555555556,5.44,0.34705106892854204,-0.10508953247242454,-59.6315,-26.1833,5.5
0.22565083333333333,5.45,0.3374742788552749,-0.18224596464400317,-59.6045,-26.1565,5.2
1.4661269444444445,5.45,0.3374742788552749,-0.4178858791139594,-59.4084,-25.3058,5.0
2.317475,5.45,0.3374742788552749,-0.4178858791139594,-56.6773,-25.6404,5.1
0.2095963888888889,5.41,0.3541813722437193,-0.1461006090320925,-59.0602,-25.5205,5.1
2.4930894444444442,5.4399999999999995,0.37475918193480406,-0.20935498135293618,-59.6295,-26.3869,5.8
6.919929166666666,5.39,0.3842742076521226,-0.12763072951611615,29.6565,141.4379,5.1
0.4325663888888889,5.5,0.6073622386096185,0.40630766917960864,-14.8818,167.0585,6.9
9.29774888888889,5.4,0.579271573232759,-0.3667461589487561,-55.3813,-28.3224,5.1
1.0171736111111112,5.3999999999999995,0.579271573232759,-0.1696348103508365,-59.8592,-26.3374,5.2
0.5585086111111112,5.37,0.5812821078348185,-0.4178858791139594,-58.474,-23.2697,5.2
0.6397741666666666,5.35,0.5911382616989409,-0.35463150679311567,-56.4811,-25.1752,5.0
0.15080916666666666,5.45,0.6096447052723954,-0.2391451096045109,-59.6344,-26.3481,6.0
0.3997872222222222,5.47,0.6000925854492037,-0.27419816051386386,-57.4407,-25.2039,5.3
1.2774116666666666,5.4799999999999995,0.5940445175985445,-0.4178858791139594,-58.6981,-23.2994,5.2
5.887485,5.41,0.5933895104491744,-0.24550033696484688,-58.3277,-24.9927,5.1
0.10207583333333334,5.42,0.5884065110297657,-0.4178858791139594,46.1603,153.4055,5.2
2.974899722222222,5.26,0.275680975041808,-0.02445758533816225,-57.9646,-25.7605,5.3
1.9181038888888888,5.26,0.275680975041808,-0.21014938477297815,-59.8016,-23.4287,5.1
1.4129997222222221,5.25,0.27988092706244827,-0.4178858791139594,-20.6759,-173.1026,5.1
4.6570800000000006,5.25,0.27988092706244827,-0.04987849477950598,-59.6155,-26.4506,5.2
0.1074275,5.25,0.27988092706244827,-0.4178858791139594,-60.3605,-26.5449,5.0
1.3274758333333332,5.17,0.09486832980506951,-0.4178858791139594,-33.1627,-176.7663,5.2
2.8624947222222223,5.140000000000001,0.09660917830794975,-0.4178858791139594,-22.3101,-174.6164,5.0
0.68295,5.13,0.09486832980507272,-0.4178858791139594,-58.4777,-23.4571,5.1
3.721912777777778,5.119999999999999,0.10327955589888473,-0.4178858791139594,-56.9022,-25.1055,5.0
2.0668475,5.12,0.10327955589888473,-0.4178858791139594,-58.5821,-23.2222,5.2
0.12825999999999999,5.109999999999999,0.08755950357711607,-0.1696348103508365,-57.9592,-25.3496,5.2
0.33019444444444446,5.11,0.08755950357711607,0.2571584270667244,-59.7176,-26.6228,5.1
11.438432222222222,5.12,0.09189365834729091,-0.4178858791139594,-57.0932,-24.9862,5.2
0.8207941666666666,5.13,0.105934990547157,-0.141929991076872,-58.6694,-23.299,5.3
3.0382522222222224,5.13,0.105934990547157,-0.3088540097131958,-57.1855,-25.0797,5.0
3.4450141666666667,5.109999999999999,0.11005049346148081,-0.1696348103508365,-58.0179,-25.4754,5.0
23.49564277777778,5.13,0.105934990547157,-0.4178858791139594,36.0387,142.4909,5.2
2.8245216666666666,5.28,0.4756282395129876,-0.44767600736553415,-60.1401,-24.221,6.6
1.657575,5.3100000000000005,0.4653553003411015,0.048428928450690675,37.582,141.7748,5.3
1.2234816666666666,5.3,0.46904157598234447,-0.4178858791139594,-57.4355,-24.7827,5.1
4.836144444444444,5.279999999999999,0.47795862210493295,1.0569240701940013,-8.3395,-74.3802,5.0
6.896938055555555,5.34,0.490351347958222,-0.3086554088581853,-58.2755,-25.0622,5.7
3.9681616666666666,5.319999999999999,0.5006662228138301,0.21982146632475072,-59.7182,-26.3798,5.0
2.2207730555555556,5.5,0.7527726527090802,-0.4576060501160591,-60.2845,-24.8743,7.1
0.9602430555555556,5.5,0.7527726527090802,-0.4178858791139594,-60.34,-24.7869,5.0
2.426715,5.51,0.7460265112953791,-0.4178858791139594,-58.3013,-23.5723,5.1
2.151581944444444,5.5,0.7512951779723089,-0.4178858791139594,-60.4704,-24.8562,5.1
2.955610555555556,5.359999999999999,0.6467010300148152,-0.4178858791139594,-60.4237,-24.9236,5.2
8.431032777777778,5.33,0.6566751268490555,-0.4178858791139594,-60.4963,-24.8246,5.0
10.466248055555557,5.319999999999999,0.6613118276073204,-0.4178858791139594,23.133,144.6872,5.0
4.684365833333334,5.42,0.6828046735503663,-0.1696348103508365,48.8647,154.9113,6.0
1.466997222222222,5.36,0.6818276093624323,-0.4178858791139594,14.4654,83.0456,5.1
0.2216936111111111,5.380000000000001,0.6729701991090611,0.05150724170335342,-59.0234,-25.6342,5.2
7.470558611111111,5.21,0.30349812373573853,-0.4178858791139594,12.7427,145.0883,5.4
1.4882322222222224,5.25,0.2990726407487761,-0.4178858791139594,13.2729,-91.8658,5.4
1.2720361111111111,5.24,0.3062315754094929,-0.4178858791139594,12.6962,145.144,5.0
1.2603924999999998,5.2299999999999995,0.3128720008068654,-0.4178858791139594,-60.5455,-24.8989,5.0
0.8232858333333334,5.220000000000001,0.31552425509865006,-0.4178858791139594,27.4276,129.4211,5.1
3.814196388888889,5.220000000000001,0.31552425509865006,-0.4178858791139594,-59.8275,-25.5161,5.0
1.0272213888888888,5.23,0.30930028559099165,0.44374393034908755,-27.4895,-69.2363,5.1
0.17516333333333334,5.14,0.15055453054182782,-0.4178858791139594,-58.478,-23.7243,5.1
5.3172194444444445,5.17,0.17029386365927315,-0.17956485310136142,-29.6668,-177.6284,5.4
4.3367088888888885,5.159999999999999,0.17126976771554453,-0.1193887940331804,29.6692,141.4309,5.1
9.2248725,5.119999999999999,0.1549193338483086,0.05220234469589017,-59.3685,-25.8156,5.0
1.5424702777777777,5.1,0.12472191289248044,-0.4399305740201247,15.476,-88.3355,5.2
0.3708444444444444,5.13,0.13374935098493923,-0.42086489193911686,-57.1377,-25.3982,5.3
2.1963344444444446,5.16,0.13498971154212247,-0.4178858791139594,38.9098,95.5261,5.3
0.8627583333333333,5.15,0.1433720877840554,-0.1696348103508365,-57.148,-25.3857,5.0
1.7374080555555556,5.22,0.21499353995463366,-0.43774596461500925,-0.8389,121.5296,5.7
1.1007419444444444,5.29,0.2766867462592979,-0.2192850241034611,-58.7992,-25.4366,5.8
0.08831472222222223,5.290000000000001,0.2766867462592979,-0.1696348103508365,-58.7574,-25.1965,5.1
1.838961388888889,5.25,0.28771127502720467,-0.1696348103508365,-58.8559,-25.2188,5.0
0.00955611111111111,5.28,0.2859681411936991,-0.1696348103508365,-58.7817,-25.3614,5.4
7.154388333333333,5.290000000000001,0.2766867462592979,-0.4178858791139594,-57.1048,-25.0414,5.1
7.872886666666667,5.3,0.2748737083745133,-0.1696348103508365,-57.1064,-25.5379,5.3
0.5136933333333333,5.2700000000000005,0.2907843798341949,-0.2541394741578036,36.4405,141.2803,5.0
13.555896944444445,5.3,0.3091206165165258,0.02400102328439937,5.671,125.0293,5.6
3.4193569444444445,5.3,0.3091206165165258,-0.4178858791139594,-60.3613,-26.3126,5.0
4.329353333333334,5.25,0.2758824226207844,-0.4178858791139594,-57.3839,-23.9233,5.2
3.9887277777777776,5.18,0.19888578520235733,-0.09466298758437341,-60.0733,-27.2655,5.1
0.036866666666666666,5.19,0.19692073983656555,-0.1696348103508365,-59.653,-26.2262,5.2
2.2196416666666665,5.220000000000001,0.18737959096740872,-0.1696348103508365,-59.6483,-26.279,5.3
3.9104627777777776,5.1899999999999995,0.1791957340762153,-0.17122361719092044,-58.7747,-25.4486,5.1
7.068900833333334,5.209999999999999,0.17919573407621475,-0.4178858791139594,35.4853,-3.5403,5.3
1.1099519444444446,5.24,0.2170509412813342,-0.2192850241034611,-3.5358,140.0996,5.6
0.5062094444444445,5.27,0.2002775851440019,1.3849133822438395,-22.2946,-67.5593,5.3
7.2066622222222225,5.22,0.1686548085423204,-0.009066019074848585,-59.4157,-25.855,5.1
7.851624999999999,5.249999999999999,0.15092308563563037,-0.4178858791139594,-52.3044,13.6767,5.3
4.823588888888889,5.25,0.15092308563563037,-0.4178858791139594,-18.6623,-173.0403,5.2
6.0440797222222225,5.24,0.16465452046971935,-0.2656583237484125,-56.8476,-25.3725,5.0
4.601023888888889,5.22,0.18135294011647893,0.6895124884245792,17.954,-95.0042,5.0
4.055355277777778,5.24,0.2011080417199834,-0.4178858791139594,-58.1032,-23.5197,5.5
0.17943666666666666,5.24,0.2011080417199834,-0.4178858791139594,-59.2435,-23.6678,5.1
15.039332222222221,5.220000000000001,0.2043961295567509,0.15616989229388603,-59.5234,-26.4246,5.1
4.104066388888889,5.159999999999999,0.16465452046972182,-0.4178858791139594,-60.2052,-27.628,5.0
2.1863825,5.14,0.15776212754933305,-0.4178858791139594,-13.5669,167.6778,5.1
5.825770555555556,5.2700000000000005,0.42700507413066574,-0.3583056226108099,-29.9211,-177.3798,6.4
2.528488611111111,5.25,0.43011626335213393,-0.4286103252845263,55.927,113.3758,5.1
0.9010213888888889,5.25,0.43011626335213393,0.003843036500833778,-58.0127,-25.6665,5.2
3.771330277777778,5.279999999999999,0.42110964526276917,4.948110622414695,-18.0858,-178.2538,5.3
0.9926077777777778,5.29,0.4148627617792575,-0.4178858791139594,39.0422,30.1894,5.1
2.3753244444444443,5.279999999999999,0.4104198392432394,-0.4178858791139594,-13.6866,167.5421,5.4
0.957576388888889,5.33,0.41646661864361467,-0.37061887562146084,-57.0178,-25.1343,5.6
0.08752694444444444,5.32,0.423739962188554,-0.1696348103508365,-57.0569,-25.5832,5.0
7.911971944444444,5.32,0.423739962188554,-0.4178858791139594,29.7511,-42.6528,5.0
0.26799694444444444,5.34,0.4168666186896946,-0.4178858791139594,-61.1851,-39.0952,5.3
7.888146111111111,5.220000000000001,0.18737959096740858,0.5631030442103971,-22.3369,171.5936,5.2
0.6290047222222221,5.25,0.1900292375165283,-0.4178858791139594,-42.8145,-82.599,5.4
1.1594030555555555,5.2700000000000005,0.19465068427542395,-0.22971156899151227,-18.6186,-174.1377,5.4
0.6687358333333333,5.3,0.22110831935703038,-0.24907515235503583,-59.0792,-25.5667,5.6
1.0185947222222222,5.3,0.22110831935703038,-0.08691755423896397,-59.0255,-25.604,5.1
3.7978002777777777,5.33,0.25407785333546296,-0.4178858791139594,-1.242,-24.1484,5.7
4.759844444444444,5.33,0.25407785333546296,-0.2391451096045109,-27.7317,-71.1083,5.6
4.263963333333334,5.37,0.2263232692902421,-0.4178858791139594,-1.5144,-15.5139,5.4
5.975050833333333,5.37,0.2263232692902421,-0.4178858791139594,37.6012,70.3436,5.0
15.602747777777777,5.37,0.2263232692902421,3.8665303660275208,50.4567,150.5391,5.3
2.9009791666666667,5.37,0.2263232692902421,-0.4178858791139594,-30.0746,-176.9655,5.2
0.7656649999999999,5.380000000000001,0.2299758441421404,-0.17042921377087847,-58.815,-25.7275,5.5
5.001494444444445,5.340000000000001,0.259058123036342,-0.4255320120318636,-14.3499,-76.4832,5.0
0.27687055555555556,5.32,0.24404006956964483,-0.4178858791139594,-24.2993,-115.9595,5.4
2.445901111111111,5.37,0.24517567397911313,-0.45224382703077565,-59.9254,-26.7534,5.6
2.411938055555556,5.38,0.26161889160464996,5.291888702437868,49.4861,147.0217,5.8
3.270259444444444,5.32,0.27406406388126237,-0.4178858791139594,28.1266,104.9834,5.0
18.38546361111111,5.29,0.28067379246694824,-0.4178858791139594,-17.247,167.7695,5.1
8.322518333333333,5.3,0.27080128015453514,-0.07251899225070281,-59.0945,-25.6733,5.1
2.508837222222222,5.3100000000000005,0.27264140062238346,0.08487218534511713,-6.398,154.9238,5.4
4.3246786111111115,5.31,0.27264140062238346,-0.43049703340712603,12.2646,144.3402,5.2
6.1033574999999995,5.29,0.26436506745198135,1.7784409764471418,-32.0943,-179.7767,5.3
0.28733,5.34,0.2503331114069174,-0.3210679622963415,-56.7669,-25.6617,5.5
3.260606944444444,5.35,0.25495097567964187,-0.4178858791139594,20.3395,-109.2259,5.5
1.2807111111111111,5.35,0.25495097567964187,-0.24907515235503583,-58.7253,-25.1796,5.6
0.4991480555555556,5.2700000000000005,0.22135943621179122,-0.4178858791139594,-59.2899,-25.2582,5.0
7.378867222222222,5.36,0.27568097504180683,-0.4178858791139594,-22.0113,-174.5918,5.9
10.672699444444445,5.369999999999999,0.2668749186833102,-0.4178858791139594,-28.3753,-12.6837,5.2
3.2538472222222223,5.39,0.25144029554195013,-0.4178858791139594,53.1609,99.0977,5.3
0.5394230555555556,5.409999999999999,0.2601281735350239,-0.2391451096045109,-58.7813,-25.2241,5.6
5.678068611111111,5.41,0.2601281735350239,-0.24440803226228913,23.8395,122.2045,5.2
3.516676111111111,5.39,0.2766867462592969,-0.4178858791139594,86.0617,32.9475,5.1
8.358695555555556,5.34,0.29888682361946756,-0.1672516000907105,-58.5202,-25.2634,5.0
7.950627222222223,5.39,0.36347092196090747,-0.4178858791139594,-19.3855,-176.0683,6.0
15.964012777777778,5.529999999999999,0.6272515001532032,-0.31858545160871027,16.9465,-99.753,7.0
1.2673180555555557,5.54,0.6186005711819753,-0.4178858791139594,13.2713,142.6199,5.1
2.2707069444444445,5.49,0.6063552314169199,-0.1696348103508365,38.1145,73.2166,5.4
11.28974111111111,5.5200000000000005,0.5977736472389301,-0.4178858791139594,-38.1626,-93.8805,5.5
4.6685711111111114,5.51,0.6026792034094274,-0.4178858791139594,-38.2361,-93.5593,5.2
1.9370755555555554,5.48,0.6051629716218783,-0.4178858791139594,-38.1899,-93.8455,5.3
0.5825230555555556,5.5,0.5981452814975452,-0.4178858791139594,-38.2036,-93.7086,5.4
2.463283888888889,5.49,0.6063552314169199,-0.3549294080756314,-3.9562,134.9263,5.0
1.5116205555555555,5.5200000000000005,0.5865151319446068,-0.08195253286370151,-58.7042,-25.1291,5.3
0.11774,5.42,0.5808040403899873,-0.1696348103508365,-58.8107,-25.3526,5.0
0.2920888888888889,5.26,0.17763883459299695,-0.4178858791139594,29.3592,142.1808,5.4
0.41997694444444444,5.26,0.17763883459299695,-0.4178858791139594,-58.6382,-24.9997,5.1
0.37823666666666667,5.3,0.24494897427832193,-0.4178858791139594,-19.2383,-176.3956,5.8
1.7178508333333333,5.26,0.2412928142780568,-0.4178858791139594,-38.2199,-93.6865,5.1
0.5891813888888888,5.24,0.25473297566057634,5.306088663571118,-21.7418,-179.3574,5.0
5.680238888888889,5.22,0.25733678754158995,-0.4178858791139594,-59.3497,-25.3085,5.1
6.407330833333333,5.1899999999999995,0.25144029554195524,-0.4140131624412547,53.4698,-163.5246,5.1
4.416565555555556,5.1899999999999995,0.25144029554195524,-0.4178858791139594,36.8193,78.7332,5.0
17.3143825,5.209999999999999,0.2685351208149772,-0.4178858791139594,-60.5492,-26.5738,5.5
0.6336705555555555,5.239999999999999,0.2590581230363448,-0.4483711103580709,-14.6987,167.8085,5.3
1.7215483333333332,5.2,0.26246692913373354,-0.1676488018007315,-57.9837,-25.3422,5.0
0.6833888888888888,5.19,0.2685351208149777,0.07305543447199243,-4.696,153.2794,5.0
7.17857,5.13,0.16363916944846135,-0.4178858791139594,14.1061,92.9896,5.2
1.6058558333333333,5.119999999999999,0.16865480854232726,-0.4178858791139594,-6.3793,151.0825,5.0
4.235809722222222,5.14,0.16465452046972612,0.27394019931511154,-56.0136,-27.881,5.2
0.2045736111111111,5.180000000000001,0.19888578520236022,-0.10926015042764503,-59.6064,-26.3833,5.5
17.156097777777777,5.2,0.20000000000000887,3.0377689980687115,47.1933,146.771,5.3
0.42126,5.24,0.19550504398154356,-0.09247837817925787,-12.5686,166.198,5.4
6.077290277777777,5.1899999999999995,0.18529256146250722,0.3469260135314696,-0.5281,99.7137,5.0
2.9212869444444443,5.18,0.18135294011648312,1.3445974086767083,-15.4257,-174.2996,5.2
13.801411111111111,5.1899999999999995,0.17288403306520989,-0.1696348103508365,-59.8213,-26.4165,5.1
0.8062122222222222,5.2,0.16329931618555615,-0.04143795844155986,-59.8361,-26.3224,5.1
1.4744494444444445,5.1899999999999995,0.16633299933167314,-0.4178858791139594,37.289,58.8939,5.1
1.261698611111111,5.3100000000000005,0.34785054261852494,1.5184724572383994,-23.7629,-67.0129,6.2
8.887427222222222,5.3,0.35276684147528214,-0.15344884066748085,-59.9651,-26.4933,5.1
8.576938888888888,5.33,0.38311588035185873,3.1569295110750106,32.4784,137.8572,5.8
1.19874,5.3,0.39721250959376914,-0.1696348103508365,-58.7226,-25.2346,5.0
20.2649075,5.29,0.39567101935264104,-0.29872536610766043,2.9309,95.3897,5.3
2.739899166666667,5.29,0.39567101935264104,-0.22911576642648074,-58.5712,-25.0634,5.0
0.7677516666666666,5.279999999999999,0.39944405810520983,0.5752176963660375,-10.582,165.9432,5.1
1.090608888888889,5.279999999999999,0.39944405810520983,-0.05673022427736823,1.1565,122.1166,5.1
2.6965108333333334,5.3,0.3944053188733107,-0.046204378961811794,-58.3803,-25.5212,5.3
1.1911519444444445,5.3100000000000005,0.39001424475410296,-0.4178858791139594,-58.966,-23.6262,5.2
3.4231441666666664,5.1899999999999995,0.24244128727958336,-0.24669194209490986,-59.8284,-26.2166,5.0
1.4714947222222223,5.2,0.24037008503094,-0.4178858791139594,-1.3508,-15.9254,5.2
0.7699280555555555,5.15,0.12692955176441495,-0.4178858791139594,-57.9165,-23.5685,5.3
2.3543955555555556,5.16,0.11737877907774412,-0.4178858791139594,-28.1797,-177.6935,5.1
7.5109699999999995,5.17,0.13374935098494078,-0.4178858791139594,-28.2103,-177.7521,5.4
0.31091250000000004,5.21,0.13703203194064273,-0.4464844022354712,29.1944,105.365,5.4
1.9690611111111112,5.2,0.14907119849999828,0.43192717947596293,15.4701,-93.1281,5.0
1.5747347222222223,5.1899999999999995,0.15951314818675053,-0.3118330225383533,-28.0051,-177.5114,5.0
1.2415425,5.19,0.15951314818675053,-0.4178858791139594,-56.4791,-36.4742,5.3
3.632909166666667,5.18,0.1619327706865604,-0.1696348103508365,-59.6415,-26.1047,5.1
12.88842111111111,5.24,0.19550504398154375,-0.15176073339989168,55.071,-156.4993,5.6
5.220021666666667,5.23,0.20027758514400554,-0.18949489585188634,54.942,-156.3037,5.1
0.9976791666666667,5.2,0.2108185106779006,-0.4178858791139594,-11.4296,162.1218,5.0
10.394492222222222,5.27,0.27908580918579795,-0.43774596461500925,-13.4556,167.4164,5.8
0.3247508333333334,5.24,0.27968235951204595,-0.4178858791139594,-13.4396,167.4275,5.1
6.042636388888889,5.24,0.27968235951204595,-0.4178858791139594,-28.2012,-177.7178,5.4
1.904076388888889,5.2700000000000005,0.26687491868331303,-0.4178858791139594,-11.1776,162.0741,5.3
0.852898888888889,5.2700000000000005,0.26687491868331303,0.3600336699621626,48.2461,153.8981,5.0
5.333032222222222,5.25,0.2718251071716737,0.14465104270327717,-15.7739,-173.7133,5.1
13.797079722222222,5.24,0.27968235951204595,0.09430572595811576,13.342,-89.527,5.0
6.053216666666668,5.21,0.2514402955419551,-0.31580503963856327,-9.7611,148.5974,5.3
3.5331319444444444,5.22,0.24855135843077003,1.3938504207193116,-20.0636,-175.7483,5.2
4.080533333333333,5.2299999999999995,0.24060109910158786,-0.4178858791139594,-13.409,167.446,5.1
3.9100025,5.16,0.13498971154212688,-0.4178858791139594,36.2633,137.7364,5.1
11.092236666666668,5.15,0.1433720877840597,0.27771361556031093,25.2256,94.8803,5.0
2.7468494444444445,5.11,0.11972189997380825,0.07166522848691895,14.2802,-91.294,5.0
5.564936111111111,5.089999999999999,0.09944289260120324,-0.4178858791139594,-56.3705,-143.9652,5.1
9.4881325,5.1,0.09428090415823488,-0.42235439835169564,-36.7567,-73.9774,5.1
4.9370013888888895,5.12,0.11352924243953147,3.5588976416162597,-31.8046,179.6373,5.3
0.4430233333333333,5.2,0.23570226039552333,-0.37816570811185973,-20.9798,-174.2712,5.8
0.5481813888888889,5.209999999999999,0.2424412872795827,-0.1696348103508365,-59.7885,-26.5933,5.4
1.2946058333333335,5.3,0.37118429085533705,-0.1696348103508365,46.3926,152.4879,6.1
13.821970555555556,5.33,0.3653004851412678,-0.4178858791139594,-27.0657,-113.1303,5.4
0.08629055555555556,5.34,0.35962943891363275,-0.4178858791139594,29.6532,142.3847,5.2
2.9099333333333335,5.4799999999999995,0.46856755708814707,-0.33050150290934016,-36.7771,-73.9329,6.4
5.16315,5.4799999999999995,0.46856755708814707,-0.4178858791139594,-26.0833,70.7185,5.0
4.859510277777778,5.5600000000000005,0.46475800154488667,-0.3980257936129096,-37.492,146.3534,5.9
2.1541683333333332,5.57,0.45472824607426177,-0.38243562649458546,7.3988,-82.737,5.2
8.532893055555556,5.6899999999999995,0.5279941077112245,-0.3086554088581853,12.1396,-87.8647,6.5
2.106406388888889,5.65,0.533853912601561,-0.18115365994144536,1.8112,126.5903,5.4
0.39483277777777775,5.630000000000001,0.5478239782184662,-0.13309225302890482,12.0971,-87.6463,5.2
0.4968625,5.58,0.522387680644256,-0.23408078780174318,12.0976,-87.6738,5.6
4.0743519444444445,5.57,0.5271516754112476,-0.4178858791139594,56.4138,117.757,5.3
0.5254408333333334,5.5600000000000005,0.5358275012642668,-0.4178858791139594,-29.8221,-177.37,5.1
0.1828297222222222,5.42,0.4709328803319818,-0.23537169335931146,-55.9138,-26.9463,5.0
2.1335144444444443,5.42,0.4709328803319818,-0.1696348103508365,-59.4588,-25.9888,5.0
0.09046694444444443,5.33,0.4547282460742658,2.982855861658309,-27.5559,-178.8099,5.0
20.82869777777778,5.33,0.4547282460742658,-0.4178858791139594,23.0838,-108.0246,5.2
0.011614166666666667,5.25,0.2505549396395516,-0.4178858791139594,23.045,-107.953,5.7
13.807759444444445,5.24,0.24585451886114718,-0.16188937700542705,2.1052,126.691,5.3
0.43667638888888893,5.27,0.2584139659108598,-0.3384455371097601,51.1338,-179.0224,5.5
4.833085555555556,5.319999999999999,0.3583914681524169,-0.3384455371097601,51.0829,-179.0153,6.1
3.1964194444444445,5.33,0.35916569992135977,-0.4178858791139594,8.6251,94.1834,5.4
13.614626944444444,5.319999999999999,0.36757463338907315,-0.20290045356509498,30.3557,94.7747,5.0
0.673448888888889,5.4,0.3771236166328239,-0.44767600736553415,-53.4197,23.5583,5.8
16.996303333333334,5.4,0.3771236166328239,-0.06397915548525139,24.2953,121.7428,5.0
6.031802777777778,5.42,0.3583914681524143,-0.1696348103508365,-58.7564,-25.6003,5.2
12.814365277777776,5.470000000000001,0.35916569992135616,0.3070072416743595,13.8941,120.5097,5.7
12.47543861111111,5.41,0.3665151201974237,-0.4178858791139594,38.0372,73.2259,5.1
0.6124044444444444,5.48,0.4077035960378811,-0.4576060501160591,35.244,25.2697,6.0
22.513103333333333,5.46,0.41150131632028975,-0.4178858791139594,35.0817,25.2018,5.3
1.6173108333333335,5.35,0.36590830666833524,-0.37111537775898706,0.5238,126.4454,5.0
23.184117777777775,5.32,0.37357135269658404,0.0023535300882550547,-59.0922,-25.6077,5.1
3.014396111111111,5.430000000000001,0.4270050741306614,3.0973492545718613,38.8893,135.4527,6.1
27.513545555555556,5.359999999999999,0.41686661868969216,1.1744957763602164,-13.8009,167.1423,5.1
12.04942861111111,5.38,0.4022160834399551,-0.1696348103508365,51.9831,-171.1001,5.2
3.6435097222222224,5.36,0.41686661868969216,-0.2029997539926002,30.3214,94.8247,5.0
7.438604444444444,5.29,0.4121757985239906,-0.4178858791139594,-8.1806,118.081,5.0
4.471831111111111,5.31,0.4067486256208428,-0.4178858791139594,-60.5294,-26.3595,5.3
9.172665833333333,5.22,0.32930904093942776,-0.4178858791139594,-7.2224,154.9125,5.1
1.3791802777777777,5.2299999999999995,0.33349995835415536,-0.4178858791139594,-7.1126,154.8024,5.4
2.1212655555555555,5.3100000000000005,0.3665151201974257,-0.32186236571638344,-14.6065,-173.3041,5.8
2.0800461111111113,5.529999999999999,0.7180993431738144,4.715946222907423,-21.1265,174.8958,7.3
6.387827777777778,5.51,0.7030884249746475,5.331608873439968,-9.5901,-71.1603,5.9
7.8515075,5.6,0.7023769168568462,-0.4178858791139594,-9.1778,67.2614,6.0
1.2631044444444446,5.62,0.6924994985958842,-0.4305963338346313,12.8716,120.9142,5.4
7.828587222222223,5.65,0.6687467549246257,-0.10429512905238257,-33.5866,-179.3026,5.3
20.838535833333335,5.7,0.6324555320336714,-0.3880957508623847,32.335,49.7618,5.5
1.2440277777777777,5.790000000000001,0.6332456079594971,-0.4178858791139594,-60.4157,-27.5186,6.2
0.3097991666666667,5.79,0.6332456079594971,-0.4178858791139594,-46.9621,33.7378,5.1
2.35882,5.82,0.6196773353931808,-0.24182622114715263,-29.979,-177.5029,5.7
7.908771944444445,5.75,0.6603870918719603,-0.30299528449038615,-3.6624,129.5662,5.1
0.3833761111111111,5.529999999999999,0.40290610982377795,-0.4178858791139594,-60.3668,-27.1059,5.1
17.13657611111111,5.45,0.4006938426723745,-0.4178858791139594,36.8392,66.6469,5.1
9.508320555555555,5.390000000000001,0.351030229784019,-0.438838269317567,25.7174,125.0222,5.4
0.2599325,5.42,0.3645392830531264,0.02896604465966183,40.0529,142.141,5.7
0.29427277777777777,5.4,0.3771236166328238,-0.4178858791139594,25.6166,125.0749,5.1
14.15312111111111,5.39,0.3754996671103704,-0.2742974609413691,31.1971,131.4859,5.4
7.690841666666667,5.31,0.2469817807045701,-0.1696348103508365,-15.4221,-173.2742,5.4
6.1134025,5.390000000000001,0.2960855732160311,-0.4278159218644843,30.1933,67.9948,5.9
1.6166386111111113,5.32,0.2973961069759398,-0.4178858791139594,-25.248,-64.6292,5.0
14.054378333333334,5.4,0.3366501646120676,0.09847634391333625,35.5736,140.0705,5.9
4.247382777777777,5.42,0.32249030993193967,-0.4178858791139594,-55.7393,-26.4704,5.3
0.3108063888888889,5.44,0.3062315754094864,1.0730107394498514,13.9389,120.6866,5.3
0.21935,5.45,0.30641293851416734,0.5751183959385322,22.3124,94.7676,5.5
1.7493127777777777,5.46,0.31692971530678893,-0.4178858791139594,-58.7606,158.6067,5.8
3.945856944444444,5.45,0.3308238873546504,-0.4178858791139594,-32.0527,55.736,5.0
3.0407830555555555,5.41,0.3604010112206783,-0.4178858791139594,-58.0767,-23.3588,5.0
6.8778508333333335,5.390000000000001,0.3665151201974242,0.08993650714788481,4.4134,95.433,5.2
11.575843611111111,5.31,0.32812599206199283,-0.31421623279847927,-56.5862,-25.6598,5.1
1.2689822222222222,5.31,0.32812599206199283,-0.4178858791139594,-60.1841,-24.3033,5.0
0.34770666666666666,5.2299999999999995,0.25841396591086047,-0.4178858791139594,32.3379,49.7282,5.1
5.522958333333333,5.2700000000000005,0.2983286778035275,-0.3765769012717758,-15.5828,-71.8421,5.7
0.7362405555555556,5.24,0.30983866769659574,0.00572974462343349,40.0765,142.2057,5.0
1.7911527777777776,5.25,0.3205897343611911,3.9265078242406917,50.0419,149.8754,5.6
3.3295861111111114,5.18,0.2573367875415888,0.12161334352205928,-4.5024,153.4012,5.1
0.3215836111111111,5.37,0.5926400443964457,4.795386564911622,-21.1889,174.5221,6.9
9.055486666666667,5.42,0.5788878225624625,0.019036001909136912,-4.6376,152.9931,5.5
4.313595833333333,5.47,0.5793674711844493,-0.4178858791139594,-11.6953,-71.6539,5.7
21.465529722222225,5.581,0.6063085023319357,-0.169039007785805,18.820333333333,-155.52716666667,6.21
11.363496388888889,5.771,0.6951970144418632,-0.004796100692122874,56.2954,-156.581,6.9
3.403036666666667,5.831,0.6556159105926368,-0.15116493083486016,0.8073,126.2042,5.7
2.886940555555556,5.761,0.7065479460022451,-0.4178858791139594,0.8928,126.129,5.0
2.0441891666666665,5.761,0.7065479460022451,-0.3880957508623847,0.8504,126.0913,5.0
5.658992222222222,5.781000000000001,0.7043113263638712,0.17791668591753557,48.2975,153.7509,5.8
0.33919388888888885,5.771,0.7156729544825409,0.17602997779493587,6.114,126.9141,5.0
5.3572475,5.581,0.6296815773777121,0.9916836893230524,6.8198,-72.9919,5.0
1.2063777777777778,5.571000000000001,0.631901011938487,4.641173000995971,-21.3891,174.4475,5.4
3.331786666666667,5.641,0.6843723807661654,-0.31858545160871027,35.1691,26.2152,6.4
9.333475277777778,5.5200000000000005,0.6795423296438374,0.5433422591368525,-5.8371,149.0988,5.0
8.17243,5.33,0.49001133773731254,-0.3556245110681682,9.562,-84.7757,5.0
3.5200247222222223,5.2700000000000005,0.4762119042797841,-0.4178858791139594,-4.1376,152.8995,5.1
1.4974299999999998,5.3100000000000005,0.4677368680976277,-0.4178858791139594,-50.3221,-72.25,5.4
2.9384694444444444,5.3100000000000005,0.4677368680976277,0.3910154033438002,-7.0998,130.0563,5.0
16.921454444444443,5.26,0.4351245032554867,-0.4178858791139594,-36.3191,52.4308,5.3
2.0807852777777778,5.32,0.436653943835008,0.6346986524416818,-15.0476,167.4701,5.6
9.409445555555555,5.37,0.4243949942107116,-0.110054553847687,1.2369,126.1559,5.5
11.47488,5.47,0.5355163655555026,-0.18949489585188634,-8.8783,158.4642,6.4
20.54126972222222,5.33,0.4398231968012192,0.07255893233446621,-4.9203,102.9791,5.0
14.110786388888888,5.33,0.4398231968012192,-0.4178858791139594,-58.8487,-24.7486,5.0
5.056165277777778,5.369999999999999,0.4243949942107116,-0.4178858791139594,18.7014,-81.7053,5.4
4.479653055555556,5.359999999999999,0.4325634186002211,-0.4178858791139594,15.4943,-49.9874,5.0
3.578208611111111,5.33,0.43982319680121923,-0.4178858791139594,-29.9081,-177.5184,5.1
0.019544166666666665,5.34,0.43256341860022157,-0.27270865410128514,29.4559,130.6225,5.1
9.55260638888889,5.3100000000000005,0.44584501542327215,-0.08453434397883797,49.2442,155.9686,5.0
5.566009444444444,5.26,0.43767060165786387,-0.1696348103508365,49.1472,155.9331,5.1
4.343611388888889,5.21,0.43576242252962893,4.606318550941628,28.6965,138.2018,5.0
9.450011944444444,5.1899999999999995,0.37549966711037486,0.40630766917960864,-13.69,167.0396,6.2
0.9611008333333334,5.220000000000001,0.37058512292499707,1.1995194840915389,53.9814,158.6338,5.3
13.984857777777776,5.2299999999999995,0.3653004851412685,-0.4178858791139594,-45.6841,-77.0496,5.1
7.1487919444444445,5.28,0.4211096452627679,-0.08165463158118574,34.576,28.3953,5.9
4.936773055555556,5.34,0.4195235392680605,-0.4178858791139594,-21.1577,-175.6644,5.6
2.131301388888889,5.36,0.4115013163202919,-0.13617056628156757,41.5122,142.8248,5.3
17.569221388888888,5.35,0.4196559437338054,-0.4178858791139594,-2.3088,139.2914,5.0
0.4620761111111111,5.369999999999999,0.4056544780420339,1.5752723017714017,-11.9366,166.799,5.2
25.536818611111112,5.47,0.45227818381561735,4.3187445128864255,-25.316,179.604,6.1
0.4347072222222222,5.52,0.42110964526276334,2.817123448152048,32.1131,138.1614,5.5
13.359027222222222,5.46,0.3502380143083622,1.7091292780484777,-39.02,174.9757,5.6
9.492614722222223,5.47,0.34657049948186425,-0.4178858791139594,4.4561,147.2747,5.4
14.531268055555556,5.46,0.3596294389136285,0.22816270223519167,-17.0399,-173.9677,5.0
1.0543022222222223,5.369999999999999,0.3497618237219902,-0.4178858791139594,51.4199,91.8033,5.0
1.5208513888888888,5.33,0.3433495141818154,0.5979574942647395,-56.2517,-27.9011,5.2
2.5961730555555556,5.31,0.3510302297840206,0.02588773140699908,51.5739,178.8422,5.1
0.09963,5.319999999999999,0.34253953543107,-0.4178858791139594,24.0023,121.7414,5.1
4.744528333333333,5.3,0.35590260840104393,0.021022010459241923,-57.4857,-25.7171,5.0
15.129707777777776,5.2,0.22110831935702976,-0.4178858791139594,8.5647,127.0163,5.1
6.051413055555556,5.2700000000000005,0.3802046232695709,0.16798664316701065,24.5108,121.8314,6.2
24.171998333333335,5.21,0.36953424138441743,-0.4178858791139594,-5.3705,152.5058,5.0
1.5029522222222222,5.18,0.36453928305313066,-0.4178858791139594,-9.3066,107.8227,5.1
8.670549444444445,5.1899999999999995,0.36040101122068235,-0.4178858791139594,19.347,144.6251,5.1
6.548261388888889,5.21,0.35418137224372176,-0.16983341120584702,-3.2153,140.9429,5.2
7.725156111111112,5.279999999999999,0.4157990967870056,-0.4178858791139594,-58.337,-14.7931,5.9
2.9271641666666666,5.2700000000000005,0.4217687623436446,-0.27092124640619064,-59.4116,-24.9465,5.0
41.79598277777778,5.2700000000000005,0.4217687623436446,0.7546535688680228,-7.476,128.4376,5.1
3.5180961111111113,5.2700000000000005,0.4217687623436446,-0.4178858791139594,-22.8596,-174.9278,5.0
13.06266638888889,5.2700000000000005,0.4217687623436446,-0.23874790789448994,55.0732,-158.8373,5.1
4.467982222222222,5.15,0.27182510717167174,-0.4178858791139594,9.7975,138.4111,5.0
4.975200277777778,5.159999999999999,0.2674987019698552,1.2435095734763644,5.2665,125.4891,5.1
2.0801258333333337,5.15,0.27182510717167174,-0.03994845202898107,-59.1418,-25.7541,5.0
13.069678611111112,5.1899999999999995,0.2923088169119194,-0.4178858791139594,-29.3877,-176.1219,5.5
0.21537638888888888,5.1899999999999995,0.2923088169119194,0.18129290045271407,-15.0457,-73.9664,5.2
9.896471388888889,5.1,0.1563471919941216,-0.4178858791139594,-41.4579,-83.3608,5.0
2.268254166666667,5.15,0.19578900207451716,3.2626844663681007,-19.6239,-177.6441,5.5
0.9675216666666666,5.209999999999999,0.2601281735350254,-0.4178858791139594,-51.4257,139.1003,5.7
2.138738611111111,5.26,0.26331223544175586,-0.3441056614775593,-7.7093,125.4591,5.5
22.1090625,5.26,0.26331223544175586,0.03988909168523925,-28.185,-177.3475,5.1
7.325368888888889,5.319999999999999,0.2658320271650271,-0.26893523785608564,54.9056,-158.7149,5.6
4.617114722222222,5.33,0.25841396591085924,0.031945057484819274,36.5337,140.5277,5.2
2.766125277777778,5.34,0.24585451886114554,-0.4178858791139594,-21.4749,168.9087,5.1
0.03424555555555556,5.39,0.3212821536005742,-0.29872536610766043,-58.0284,-25.2678,6.0
2.8027027777777778,5.369999999999999,0.34009802508492676,-0.1696348103508365,-58.0153,-25.2169,5.0
0.2826794444444444,5.369999999999999,0.34009802508492676,0.0870567947502326,12.8653,-88.6283,5.0
1.5443555555555557,5.319999999999999,0.3552776691859807,-0.4178858791139594,-57.9919,-24.4554,5.0
12.394593333333333,5.35,0.4006938426723779,-0.43774596461500925,0.2081,96.709,6.0
5.066940833333334,5.3,0.4109609335312663,-0.2106458869105044,18.4296,-62.3396,5.0
4.330593611111111,5.32,0.4049691346263328,-0.4178858791139594,-22.7728,171.6065,5.3
1.8712669444444443,5.26,0.403319558993446,-0.4178858791139594,-58.2639,-29.677,5.0
0.48154499999999995,5.25,0.4062019202317994,-0.4178858791139594,-56.303,-26.1282,5.1
3.7584186111111113,5.24,0.41150131632029385,0.4967703586368906,14.6885,145.6134,5.0
8.151306111111111,5.23,0.391719854544604,0.4162377119301336,-6.8798,130.4969,5.9
0.28162333333333334,5.2700000000000005,0.38600518131237704,-0.4178858791139594,-62.5813,155.4551,5.4
3.9054075000000004,5.3100000000000005,0.37549966711037297,-0.4178858791139594,-12.1397,65.5626,5.4
3.9249019444444446,5.32,0.36757463338907376,0.12598256233229022,0.9206,98.5198,5.1
2.4535733333333334,5.290000000000001,0.3142893217686194,0.4783004791209143,-32.6971,-70.0638,5.7
0.019983055555555553,5.36,0.32041639575194536,-0.1696348103508365,-24.4793,-175.9406,5.7
9.444751666666667,5.33,0.3400980250849267,1.7373305994599682,-18.4933,168.9294,5.0
13.950653333333333,5.4,0.33665016461206976,-0.3384455371097601,-2.9473,129.3394,5.7
6.239695277777777,5.410000000000001,0.3281259920619927,-0.1269356265235794,52.6679,-167.9322,5.2
6.8242183333333335,5.410000000000001,0.3281259920619927,0.17205796069472584,-59.4985,-26.2089,5.0
0.0012977777777777777,5.35,0.27988092706244566,5.0703494486736576,19.0213,145.0577,5.3
0.6406519444444445,5.33,0.28303906287138514,-0.06189384650764115,-6.8088,147.6057,5.2
0.1967236111111111,5.340000000000001,0.28751811537130556,-0.4178858791139594,-48.2716,165.2533,5.5
2.7452119444444447,5.34,0.28751811537130556,0.2039333979239109,-59.5583,-26.2057,5.1
6.448861111111111,5.27,0.27507574714370564,-0.4178858791139594,28.8267,87.4455,5.0
21.521627777777777,5.21,0.23309511649396467,-0.4178858791139594,-6.0799,-81.4722,5.1
4.60822,5.220000000000001,0.22509257354845855,-0.4178858791139594,-1.3117,120.6152,5.1
9.112831666666667,5.18,0.1549193338483026,-0.4178858791139594,-21.245,-174.0383,5.3
1.5752991666666667,5.26,0.30258148581094113,-0.17956485310136142,-0.0451,124.2812,6.0
0.5958105555555556,5.299999999999999,0.2905932629027132,-0.28383030198187303,-58.5787,-23.3634,5.4
12.056593333333332,5.29,0.29230881691191846,1.6584860600208005,-40.3237,173.4511,5.2
0.3801597222222222,5.3100000000000005,0.29230881691191823,-0.4178858791139594,-19.2796,-173.5095,5.4
15.180401111111111,5.279999999999999,0.2859681411936981,-0.011647830189985114,-57.8508,-25.4189,5.2
10.259179166666666,5.3100000000000005,0.2806737924669467,-0.4178858791139594,-0.5846,123.5502,5.4
12.284834722222222,5.3100000000000005,0.2806737924669467,-0.4178858791139594,-56.6547,-25.0301,5.0
0.3388894444444444,5.3100000000000005,0.2806737924669467,-0.4178858791139594,37.8434,32.1713,5.1
9.174443611111112,5.39,0.324722103412202,-0.348375579860285,11.155,-86.6938,5.9
3.508570833333333,5.430000000000001,0.3368151487751769,-0.31242882510338477,11.138,-86.5678,5.7
0.015055277777777777,5.46,0.4005551702879944,-0.31858545160871027,11.2198,-86.5255,6.3
20.414681944444443,5.430000000000001,0.41646661864361284,-0.3082582071481643,-7.5917,105.8256,5.1
8.2010325,5.42,0.42373996218855225,-0.4178858791139594,36.8157,-33.4139,5.1
4.717270277777778,5.54,0.5641118880348306,-0.3980257936129096,23.5935,126.4474,6.6
2.024090833333333,5.619999999999999,0.5672545969648692,-0.4178858791139594,-4.3244,134.1805,6.0
3.5544852777777782,5.58,0.5977736472389295,-0.1696348103508365,-6.6272,155.0011,5.0
9.259618888888888,5.58,0.5977736472389295,-0.1696348103508365,-30.2694,-177.8796,5.0
6.7696475,5.569999999999999,0.6074537019394967,-0.4178858791139594,63.9684,-19.7119,5.0
7.527886666666666,5.4799999999999995,0.6196773353931864,-0.4178858791139594,23.3279,126.3314,5.0
3.6818083333333336,5.49,0.624410833417301,-0.4178858791139594,-26.5421,-13.6766,5.8
2.313785,5.38,0.5593647190240812,0.1151588157342181,-58.0123,-25.5345,5.2
7.852968611111112,5.38,0.5593647190240812,0.3906182016337793,1.2957,98.8933,5.1
26.36029361111111,5.4,0.5517648452415619,-0.4178858791139594,-20.9319,119.8141,5.3
1.047323888888889,5.290000000000001,0.36347092196090797,-0.4178858791139594,-14.7685,-176.1008,5.5
0.03188666666666667,5.24,0.27968235951204345,-0.4178858791139594,-26.4526,-13.6884,5.5
4.869624444444445,5.25,0.2718251071716712,-0.4178858791139594,-57.7824,-23.9218,5.1
5.746377777777777,5.290000000000001,0.26012817353502476,-0.4178858791139594,-26.5824,-13.7152,5.4
3.014012777777778,5.3,0.2494438257849319,-0.1696348103508365,-57.7589,-25.2091,5.1
5.384328055555555,5.309,0.23881420021058924,-0.4178858791139594,-55.736,-125.064,5.09
2.802213888888889,5.229,0.1836935854441717,-0.4178858791139594,-59.7872,-25.5559,5.0
0.12352083333333333,5.309,0.3042823980741886,-0.4278159218644843,27.7158,56.0743,6.0
0.026449166666666666,5.439,0.4485643766506656,-0.4178858791139594,27.7266,56.0716,6.4
0.9433330555555555,5.409000000000001,0.4684833686126618,0.191222943203239,24.5579,121.984,5.0
8.894626666666666,5.369000000000001,0.4768519453433935,-0.4178858791139594,-37.5796,51.1794,5.1
0.3443869444444444,5.34,0.4768181577452318,-0.4178858791139594,-9.5,-109.953,5.21
6.0653355555555555,5.430000000000001,0.5102504831507324,-0.4178858791139594,-37.5124,51.2613,6.0
2.80785,5.42,0.5118810625743275,-0.4178858791139594,-37.4676,51.0088,5.3
0.0259425,5.41,0.5197435264948798,-0.4178858791139594,-37.5498,51.1517,5.0
2.3820599999999996,5.421,0.5133430735006673,-0.4178858791139594,-34.9114,-111.2029,5.2
3.995546944444444,5.441,0.49880858051962196,-0.4178858791139594,27.7069,56.0307,5.2
16.813399999999998,5.340999999999999,0.47390692944688917,0.041775799807838965,-57.7355,-25.7258,5.0
2.1338458333333334,5.231,0.2944844836508587,-0.4178858791139594,-8.9532,88.148,5.3
18.959274722222222,5.231,0.2944844836508587,0.07702745157220246,-3.5754,101.5892,5.0
2.3985647222222224,5.221,0.3010518596890311,-0.4178858791139594,33.5251,121.1837,5.0
1.7423708333333332,5.2299999999999995,0.30203016773531743,0.3577497601295418,-4.5664,153.5438,5.3
13.997692777777779,5.18,0.17511900715418868,5.204305725378237,-26.3074,-63.3253,5.5
2.132055277777778,5.15,0.17795130420052835,-0.1696348103508365,-10.6512,165.216,5.0
10.063269444444444,5.15,0.17795130420052835,-0.043721868274180564,51.3731,-178.3091,5.0
4.290996944444444,5.25,0.37785946829182343,-0.17956485310136142,-5.3122,153.7074,6.2
1.536243611111111,5.2700000000000005,0.38020462326957205,0.09827774305832572,-4.722,153.2922,5.4
0.042680555555555555,5.290000000000001,0.36953424138441776,-0.4178858791139594,-22.6401,-174.4756,5.2
1.2355186111111112,5.34,0.4033195589934461,-0.24291852584971038,13.5668,-90.7812,5.8
0.058102777777777774,5.34,0.4033195589934461,0.9690431918518555,14.1682,-90.1632,5.0
0.8945472222222222,5.34,0.4033195589934461,-0.4178858791139594,26.518,130.0054,5.0
3.624818888888889,5.33,0.4056544780420362,-0.4178858791139594,5.2177,-82.6194,5.2
15.154938611111112,5.29,0.4067486256208447,-0.4559179428484698,39.8267,41.9223,5.1
6.867332222222222,5.35,0.4034572812303415,0.7637892081985056,-20.489,169.8231,5.6
0.5906016666666667,5.38,0.3852848873813315,-0.2469898433774256,6.8091,127.0083,5.3
0.0914475,5.3,0.2581988897471642,-0.12216920600332738,6.802,127.0055,5.4
14.733779722222224,5.319999999999999,0.2740640638812621,0.7042089516953561,-15.59,167.6088,5.6
1.8036847222222223,5.3,0.29059326290271426,-0.4178858791139594,40.7299,48.7112,5.0
0.904678611111111,5.25,0.23213980461973951,-0.4178858791139594,-22.9274,171.962,5.3
4.404726388888888,5.26,0.22211108331944,-0.4178858791139594,-32.1371,-178.2611,5.1
4.638470833333333,5.26,0.22211108331944,0.42795516237575304,6.6996,126.6968,5.0
6.491820555555556,5.319999999999999,0.2780887148615252,-0.3583056226108099,-29.3368,-176.8479,5.8
20.173149166666665,5.34,0.26749870196985387,-0.03140861526352965,-57.9361,-25.6751,5.3
20.219449166666667,5.279999999999999,0.26997942308422423,-0.4178858791139594,-5.7691,152.0832,5.0
8.34177361111111,5.3,0.2788866755113612,-0.3384455371097601,12.9871,-90.2559,5.5
6.129576111111111,5.3,0.2788866755113612,-0.4178858791139594,82.1308,-17.6567,5.4
8.735881666666666,5.2700000000000005,0.25841396591086085,-0.4178858791139594,-34.0022,55.7965,5.3
0.9662080555555556,5.2700000000000005,0.25841396591086085,-0.4178858791139594,28.2034,59.3097,5.0
6.52388,5.27,0.25841396591086085,-0.4178858791139594,-16.8108,175.2846,5.3
0.18588472222222222,5.3,0.2538591035287999,-0.4178858791139594,-16.6913,175.1765,5.4
1.412819722222222,5.359999999999999,0.24585451886114548,-0.4178858791139594,-16.9602,175.2221,5.6
21.510865555555554,5.279999999999999,0.21499353995463205,0.03532127201999778,-57.9554,-25.7012,5.0
8.66070888888889,5.36,0.33730961708462837,-0.4178858791139594,-10.7451,166.5074,6.1
1.6702424999999999,5.36,0.33730961708462837,-0.38094612008200673,-10.8305,166.5223,5.0
10.023099444444446,5.430000000000001,0.42959929650263134,-0.09019446834663716,22.8232,93.5061,6.2
4.4609161111111115,5.470000000000001,0.4448470398787528,4.576925624400074,-21.457,174.5159,5.8
3.011953333333333,5.5,0.4422166387140528,-0.4079558363634345,28.9223,142.354,5.6
11.31765972222222,5.54,0.40879225911348943,-0.4178858791139594,-15.0126,-173.0635,5.4
0.03675305555555556,5.53,0.41646661864361195,-0.4178858791139594,-15.0405,-173.2964,5.2
3.2208047222222222,5.5,0.4371625682867995,0.5254681821859076,-6.645,-75.8614,5.1
3.9242794444444447,5.470000000000001,0.43982319680121945,-0.21312839759813562,-5.6791,151.4965,5.3
2.030306388888889,5.51,0.40947120370871765,-0.013335937457574297,-6.3068,154.7947,5.4
2.2672169444444443,5.42,0.3614784456460258,0.27701851256777427,4.6874,126.2666,5.2
12.770438333333333,5.45,0.334165627596057,-0.03319602295862413,-7.0384,155.9608,5.3
1.8090077777777778,5.34,0.22211108331943719,-0.4178858791139594,-9.3142,148.1694,5.1
9.930954444444446,5.2700000000000005,0.16363916944845086,0.09500082895065251,-12.0155,-77.4324,5.1
4.328828333333333,5.459999999999999,0.7260241808033057,0.7339990799469309,-4.4667,-76.8126,7.5
22.124491388888888,5.43,0.7349225204816568,-0.4178858791139594,-58.5878,-23.5584,5.1
3.6837922222222224,5.54,0.7777460310981268,-0.4079558363634345,31.196,142.5026,6.3
5.717184444444444,5.57,0.7645623294117719,-0.06775257173045088,-33.1514,-179.3344,5.4
6.539245277777778,5.55,0.7749551958375109,0.06094078231635205,6.7382,126.1243,5.1
3.0758283333333334,5.52,0.7871185143010899,-0.4178858791139594,37.7371,26.0792,5.1
0.6359038888888888,5.499999999999999,0.7986099033807291,-0.4178858791139594,-21.61,169.2609,5.0
2.245776388888889,5.52,0.7955431408094024,-0.3178903486161735,31.217,142.4377,5.5
3.7120830555555555,5.64,0.8154071920757678,-0.4178858791139594,-3.5226,151.1847,6.3
0.021517222222222222,5.739999999999999,0.8030497424748281,-0.4178858791139594,-3.6249,151.3524,6.1
0.24492666666666665,5.489999999999999,0.540473043833928,-0.4178858791139594,-3.5935,150.8998,5.0
0.2890758333333333,5.4799999999999995,0.5493430419854044,-0.4178858791139594,-3.7616,151.4707,5.0
0.07493749999999999,5.35,0.48362060428489756,-0.4178858791139594,-3.6227,151.1093,5.0
1.0073077777777777,5.39,0.504314716554389,-0.4178858791139594,-3.5578,151.4221,5.8
1.6519661111111112,5.43,0.4945255863507526,-0.4499599171981549,31.723,87.9296,5.5
4.565922222222222,5.42,0.5028805910838964,-0.4178858791139594,31.1227,142.3142,5.0
10.196288888888889,5.430000000000001,0.4945255863507526,-0.3614832362909779,-37.9155,-73.6133,5.1
12.319879444444444,5.380000000000001,0.5116422361159976,-0.004001697272080897,36.1875,140.0911,5.0
0.4071344444444444,5.279999999999999,0.39665266081716166,-0.08354133970378545,-10.3911,161.2972,5.3
9.06583111111111,5.19,0.27264140062238296,-0.29991697123772343,50.969,179.6007,5.2
22.024704999999997,5.21,0.26436506745198046,-0.39723139019286763,33.8337,135.0775,5.2
4.193559444444444,5.319999999999999,0.37357135269658487,-0.4178858791139594,-28.4823,-112.0255,6.1
3.8926247222222226,5.42,0.4104198392432372,-0.4473781060830184,-60.4652,-27.1401,6.0
0.11326694444444445,5.39,0.39001424475410057,-0.4178858791139594,-23.3794,-175.0029,5.5
16.02329361111111,5.35,0.3979112128771114,-0.4178858791139594,-7.0937,150.9735,5.1
3.836725,5.356,0.3924623124156856,-0.4178858791139594,-59.762,-29.666,5.06
0.4051191666666667,5.345999999999999,0.4008934466358312,-0.4178858791139594,-59.8319,-28.9821,5.0
3.2518491666666662,5.356,0.3924623124156856,-0.4178858791139594,24.9689,-109.2818,5.1
6.261564722222222,5.396,0.40626209383708106,-0.4178858791139594,-59.7321,-28.0129,5.7
9.34625611111111,5.476,0.4406863333987617,0.962390063209004,4.0932,128.1359,6.0
1.223882222222222,5.476,0.4406863333987617,-0.4178858791139594,51.9366,-167.0658,5.2
0.15983388888888891,5.396,0.383759183748235,-0.3885922529999109,-1.9016,140.5378,5.3
1.0577422222222221,5.306,0.32782786811238596,-0.4178858791139594,29.2845,129.501,5.1
5.511202222222223,5.286,0.3207006219028734,-0.4178858791139594,-21.6612,-173.7688,5.3
1.6557491666666666,5.286,0.3207006219028734,-0.4178858791139594,-15.0842,-173.1111,5.1
2.260378333333333,5.28,0.3259175083088098,-0.4178858791139594,-2.8064,141.321,5.0
6.109803055555556,5.29,0.3178049716414154,-0.4178858791139594,-42.4349,-83.5103,5.1
0.6632311111111111,5.34,0.3238655413730977,-0.4178858791139594,-59.8295,-29.4386,5.6
3.4120552777777777,5.279999999999999,0.30477678535100033,0.4293453683608264,-25.3012,-68.9679,5.1
2.48158,5.18,0.181352940116475,-0.38372653205215373,15.9284,-95.923,5.0
0.09349,5.16,0.18973665961010497,-0.4178858791139594,23.4414,96.1089,5.0
0.5003880555555555,5.18,0.21499353995463,-0.4178858791139594,-27.7999,74.007,5.5
0.9884730555555556,5.17,0.2213594362117884,-0.07897352003854399,-58.8403,-25.2661,5.0
2.4127086111111113,5.2,0.2581988897471629,-0.40865093935597124,-28.8418,-175.8951,5.6
2.184226944444444,5.199999999999999,0.2581988897471629,-0.4178858791139594,-2.7621,-77.1961,5.1
16.085160277777778,5.22,0.24855135843076528,-0.4178858791139594,-48.4132,31.4956,5.2
4.135910833333334,5.25,0.25055493963955056,-0.4178858791139594,-38.6184,78.1479,5.4
0.5091266666666666,5.21,0.21832697191750647,-0.4178858791139594,-38.5907,78.1617,5.2
6.416543055555556,5.26,0.24585451886114582,-0.3413252495074123,-18.5525,-71.0675,5.6
0.027049999999999998,5.26,0.24585451886114582,0.9832431529851062,-27.8819,-66.545,5.0
0.7793219444444445,5.3,0.23094010767585282,1.1358679100606743,-9.9665,161.0827,5.4
4.588016111111111,5.2700000000000005,0.22135943621178902,-0.29942046910019715,-28.3467,-176.3388,5.2
0.8769405555555555,5.35,0.2549509756796414,-0.20935498135293618,-57.4637,-25.7469,5.8
0.5092436111111112,5.31,0.24244128727957806,2.1413840389788277,-7.8284,123.086,5.2
0.8248908333333334,5.3100000000000005,0.24244128727957806,-0.4178858791139594,10.4133,-62.3345,5.1
2.4643977777777777,5.3,0.2494438257849317,-0.4178858791139594,10.4172,-62.3496,5.1
1.7744333333333333,5.3100000000000005,0.2558211180580008,-0.4178858791139594,44.3872,-129.5367,5.5
0.46145305555555555,5.34,0.25905812303634157,-0.4178858791139594,44.3346,-129.5718,5.5
2.316454722222222,5.3,0.2449489742783202,-0.1696348103508365,-59.6909,-26.3981,5.2
0.013688333333333334,5.319999999999999,0.2250925735484577,-0.4178858791139594,44.3897,-129.3562,5.2
0.31465027777777776,5.36,0.2716206504995137,-0.4178858791139594,44.4262,-129.5255,5.8
0.7408152777777778,5.42,0.2973961069759416,-0.4178858791139594,44.2612,-129.3797,5.8
3.9053044444444445,5.38,0.2658320271650275,-0.4178858791139594,44.363,-129.3697,5.4
0.3058822222222222,5.39,0.2601281735350247,-0.4178858791139594,44.4811,-129.669,5.3
0.16209472222222224,5.4,0.24944382578493193,-0.4178858791139594,44.5037,-129.6941,5.2
0.0041466666666666666,5.4399999999999995,0.22705848487902147,-0.4178858791139594,44.3619,-129.5852,5.5
0.12291277777777777,5.4,0.24944382578493193,-0.4178858791139594,44.1907,-129.2843,5.1
1.4559197222222222,5.4,0.24944382578493193,-0.4178858791139594,44.2903,-129.4278,5.5
0.06398638888888888,5.39,0.2601281735350247,0.020624808749220864,37.7511,141.6418,5.1
2.870035,5.38,0.2699794230842235,-0.4178858791139594,44.3152,-129.4198,5.1
0.5984680555555556,5.31,0.2378141197564953,-0.4178858791139594,44.383,-129.427,5.1
2.665825,5.24,0.17126976771553779,-0.4178858791139594,44.3692,-129.3007,5.1
2.1327966666666667,5.2299999999999995,0.1636391694484504,-0.4178858791139594,44.3026,-129.4733,5.3
3.3758827777777776,5.209999999999999,0.16633299933166448,1.984390063093028,-7.8031,123.3878,5.1
1.7985330555555556,5.1899999999999995,0.1791957340762103,0.05379115153597412,-57.2697,-25.5499,5.0
1.5556633333333334,5.14,0.15055453054181828,-0.4178858791139594,44.0476,-129.2784,5.0
1.0521155555555555,5.159999999999999,0.15776212754932523,-0.4178858791139594,-2.9477,-102.4718,5.3
2.6642880555555557,5.209999999999999,0.29608557321603424,-0.44767600736553415,29.4132,129.3846,6.0
11.790368055555554,5.27,0.33015148038438524,-0.17956485310136142,-5.0632,152.2445,5.7
7.272853055555556,5.279999999999999,0.32591750830881017,-0.4178858791139594,44.1432,-129.5955,5.2
1.012481111111111,5.279999999999999,0.32591750830881017,-0.4178858791139594,-23.6291,-175.2664,5.1
1.376635,5.3100000000000005,0.3212821536005749,-0.4178858791139594,44.1627,-129.5187,5.4
11.647376944444444,5.28,0.335989417822779,0.28158633223301566,-58.1683,-26.0734,5.0
2.2803583333333335,5.29,0.3314949304120502,-0.18492707618664486,-31.5014,-178.1747,5.2
5.1896,5.29,0.3314949304120502,0.967950887149298,-0.0345,122.9795,5.0
1.1016213888888888,5.29,0.3314949304120502,0.16014190939409592,-58.9229,-25.9058,5.0
18.8388625,5.27,0.3368151487751783,0.13978532175551986,-56.1595,-27.6318,5.1
0.30968083333333335,5.24,0.27162065049951334,-0.07033438284558734,-29.527,-71.2992,5.7
0.5909055555555556,5.21,0.22827858224352107,-0.3880957508623847,-7.0422,128.6902,5.4
15.29948888888889,5.1899999999999995,0.23781411975649477,-0.4178858791139594,24.1708,126.677,5.0
1.9828233333333332,5.18,0.24404006956964344,-0.1696348103508365,-59.4247,-25.9313,5.0
0.1901861111111111,5.3,0.5120763831912414,-0.4178858791139594,-60.7956,154.1393,6.6
0.7819863888888888,5.33,0.5012207320355205,-0.4178858791139594,-60.7916,153.8235,5.3
9.327467500000001,5.3100000000000005,0.5108815909777928,0.2847639459131837,48.8583,154.3976,5.0
3.1151427777777774,5.340000000000001,0.49933288829530764,-0.4178858791139594,-53.0212,22.1307,5.3
2.419663888888889,5.340000000000001,0.49933288829530764,5.058631998228037,-22.1355,-179.5016,5.0
5.170045,5.33,0.5056349144063012,0.02837024209463031,-9.536,113.6533,5.0
1.2689961111111112,5.33,0.5056349144063012,1.1411308327184524,15.5707,-92.0281,5.7
2.1572763888888886,5.34,0.5081557066709209,0.8073820958733099,13.6205,120.7577,5.5
2.0070905555555556,5.34,0.5081557066709209,-0.2407339164445949,-5.6924,151.9627,5.0
0.5305536111111111,5.37,0.4945255863507534,-0.27221215196375886,-21.8145,170.198,5.3
10.002626666666666,5.25,0.24608038433722498,-0.4178858791139594,-37.1379,-95.1883,5.4
4.776008333333333,5.2299999999999995,0.24966644414765496,-0.4178858791139594,24.807,-109.2209,5.1
0.8143808333333333,5.46,0.6883151732874838,-0.37548459656921807,-7.6033,122.2274,7.3
0.05184277777777777,5.5,0.6896053621859076,-0.4178858791139594,-7.6086,122.2473,5.7
0.032640555555555555,5.58,0.67131711334262,-0.4178858791139594,-7.605,122.2449,5.8
0.35960472222222223,5.59,0.6624030327359464,-0.4178858791139594,-7.3823,121.7602,5.1
0.6146144444444445,5.57,0.6617317348358701,-0.34053084608737033,-28.6861,-71.5555,5.5
1.3792766666666665,5.5200000000000005,0.6860515043833576,-0.4178858791139594,-7.5496,121.7358,5.0
2.7474619444444444,5.58,0.6613118276073208,-0.4178858791139594,-7.6129,122.3166,5.6
4.234731666666667,5.57,0.6667499947923187,-0.4178858791139594,-30.3527,-177.457,5.2
18.47699638888889,5.529999999999999,0.6896859188548567,4.178035807111487,-25.8869,-179.9848,5.0
1.1156044444444444,5.5200000000000005,0.6972963661329548,-0.4178858791139594,32.3102,49.693,5.0
4.8423775000000004,5.29,0.3247221034122043,-0.1696348103508365,10.1759,126.3021,5.0
3.383169166666667,5.220000000000001,0.30110906108363567,-0.1696348103508365,-57.9668,-25.0462,5.0
11.857005555555556,5.2,0.2624669291337309,-0.4178858791139594,-7.0438,128.6847,5.6
6.6232875,5.209999999999999,0.26012817353502615,3.2425264795845354,-6.1953,127.989,5.2
9.616311944444444,5.17,0.2406010991015854,-0.4178858791139594,-40.6075,78.3912,5.1
0.5714086111111111,5.27,0.34657049948187035,-0.36823566536133484,-60.1754,-23.8375,6.0
1.0886280555555556,5.21,0.3348299734359414,-0.4178858791139594,-40.6575,78.1608,5.0
1.8798380555555556,5.2,0.3366501646120725,-0.4178858791139594,4.8966,-82.5966,5.1
19.826925,5.2700000000000005,0.36224607965059363,5.193879180490187,-17.9852,-178.5023,5.7
5.166493611111111,5.279999999999999,0.3552776691859822,-0.4178858791139594,-21.8009,-174.5284,5.1
4.069529444444445,5.279999999999999,0.3552776691859822,0.11337140803912361,36.0912,23.2437,5.0
13.155415555555555,5.3,0.3431876713662362,-0.4178858791139594,-0.6917,131.5239,5.2
1.662753611111111,5.34,0.400555170287997,-0.4178858791139594,-47.1259,33.5085,6.0
0.14195,5.33,0.40565447804203697,-0.4178858791139594,-21.4364,170.133,5.1
3.6697275,5.36,0.3977715704047035,-0.4178858791139594,38.9211,92.619,5.4
3.4219447222222223,5.2700000000000005,0.3334999583541568,-0.4178858791139594,13.7358,92.7495,5.1
4.8280975,5.2700000000000005,0.3334999583541568,-0.1696348103508365,-57.991,-25.2933,5.0
8.315365,5.38,0.4366539438350104,-0.4178858791139594,-16.3139,178.5777,6.2
4.631230833333333,5.359999999999999,0.4247875285886419,-0.4178858791139594,19.5613,101.3109,5.5
6.555337777777778,5.44,0.4452215428550418,-0.4178858791139594,-56.8399,-24.0136,5.9
12.430968333333333,5.45,0.43525216190668836,-0.11164336068777095,42.3918,142.6649,5.1
0.48367777777777776,5.43,0.4522781838156216,-0.4178858791139594,-26.1349,-64.688,5.0
3.598144722222222,5.3950000000000005,0.41529775128481494,-0.35324130080804217,40.2978333,-124.626,5.65
0.0030555555555555557,5.505,0.470490288009341,-0.24867795064501486,40.3901667,-124.298,6.2
5.399821666666667,5.465,0.4966834449067596,1.0533492548038121,-15.8861,167.8991,5.0
1.3448644444444444,5.455,0.5057722368374497,0.1811936000252088,5.381,126.2414,5.0
1.4898833333333332,5.455,0.5057722368374497,-0.4178858791139594,-54.2486,-40.5078,5.0
12.301386944444445,5.345000000000001,0.4412419341409499,-0.4178858791139594,31.2206,142.2798,5.1
0.07184611111111111,5.295,0.4499691347439559,-0.4178858791139594,31.1064,142.3123,5.0
4.359564444444445,5.205,0.403078431849466,-0.4178858791139594,10.2993,94.0416,5.0
1.56145,5.285,0.4558569463719487,0.9842361572601587,60.1237,-153.2742,5.9
7.160146388888888,5.375,0.4814618941884781,-0.1696348103508365,-57.7817,-25.34,5.9
3.4677683333333333,5.33,0.47387293186629414,0.054585554956016094,-4.6188,152.7212,5.2
4.499128333333333,5.24,0.36270588023294825,-0.1696348103508365,-57.7576,-25.453,5.3
9.551557500000001,5.34,0.4221637386396704,-0.4178858791139594,18.8369,-107.0706,6.0
26.306828333333332,5.35,0.41432676315520384,-0.4178858791139594,-54.1122,-136.6627,5.1
9.272224444444445,5.38,0.3966526608171623,-0.4178858791139594,14.858,52.1551,5.3
2.761199722222222,5.4399999999999995,0.39496835316263124,-0.4230495013442323,22.3699,101.6708,5.7
7.844291388888889,5.4399999999999995,0.39496835316263124,-0.4178858791139594,-6.0823,142.4252,5.0
11.769449444444444,5.4799999999999995,0.36453928305312944,-0.4178858791139594,-36.3365,53.3368,5.4
2.995806388888889,5.39,0.3604010112206821,1.7274005567094433,-18.9362,169.2459,5.0
0.3212327777777778,5.36,0.3238655413730988,-0.0903930692016477,-17.0419,-173.49,5.6
0.0025475,5.36,0.3238655413730988,3.5310935219147894,-17.4835,-177.4529,5.2
1.943838888888889,5.37,0.3233505150074095,-0.4178858791139594,-55.8701,-144.2273,5.4
4.760908333333333,5.28,0.24404006956964583,-0.4178858791139594,-8.7804,67.4715,5.1
7.020354444444445,5.3,0.23570226039551984,-0.25483457715034025,2.1321,126.624,5.3
6.065089722222222,5.36,0.30258148581094163,-0.3276217905116879,25.2095,125.6031,5.9
6.578669166666667,5.33,0.2790858091857961,0.5507897911997461,-0.0201,123.4601,5.4
0.2280288888888889,5.34,0.2674987019698548,-0.4178858791139594,35.1452,26.8939,5.1
0.4626122222222222,5.41,0.360401011220682,5.829699817806297,-18.1104,-179.352,6.1
2.277535,5.41,0.360401011220682,0.7102662777731763,-58.8429,-26.6396,5.0
0.9906883333333334,5.41,0.360401011220682,-0.4178858791139594,35.1923,26.9659,5.6
5.212864722222221,5.409999999999999,0.360401011220682,0.6023267130749704,22.7361,143.143,5.2
9.538128055555555,5.37,0.38311588035185806,-0.4178858791139594,-34.8911,-108.113,5.0
1.8338802777777778,5.409999999999999,0.3725288952252953,-0.4042817205457403,-21.4466,-173.8105,5.5
1.9489280555555555,5.4,0.37712361663282706,-0.4178858791139594,35.5592,74.8205,5.2
30.3702475,5.32,0.3425395354310725,-0.4178858791139594,-13.2352,167.8596,5.1
4.128715833333334,5.279999999999999,0.35527766918598197,0.400051742246778,9.8601,93.4354,5.0
3.9422794444444444,5.33,0.362246079650593,-0.4178858791139594,54.622,170.6514,5.6
1.1769669444444444,5.29,0.2806737924669483,0.1235993520721643,34.8334,25.1386,5.7
4.346665277777778,5.29,0.2806737924669483,-0.41014044576854997,54.5209,170.611,5.0
4.492453333333334,5.2299999999999995,0.2710063549890417,-0.4178858791139594,85.1613,92.5292,5.0
2.8103694444444445,5.209999999999999,0.2806737924669489,0.12757136917237433,34.713,25.1184,5.0
1.6455152777777777,5.4399999999999995,0.7074209810603908,1.12613646816516,-7.5482,127.5773,7.3
2.116815,5.390000000000001,0.7202622979011043,1.0485828342835604,-7.5547,127.7579,5.0
0.9582469444444444,5.37,0.7288499312082176,-0.4178858791139594,36.9982,94.6585,5.0
2.8257005555555557,5.369999999999999,0.7288499312082176,5.305989363143612,-21.6778,-179.3371,5.1
4.6392219444444445,5.4399999999999995,0.7229568912920521,-0.110054553847687,-55.8888,-28.0832,5.7
1.8147163888888889,5.409999999999999,0.7218032973047445,-0.3092512114232168,23.9867,122.4994,5.3
6.435743611111111,5.39,0.7156193898373021,-0.10012451109716208,-0.0798,125.2498,5.5
0.1886627777777778,5.39,0.7156193898373021,0.06471419856155154,57.2635,-155.0039,5.0
5.914705277777777,5.4,0.7102425250887515,-0.4178858791139594,-28.7732,-176.3468,5.1
36.81114888888889,5.46,0.6979334575094623,-0.4178858791139594,-36.1658,-100.538,5.6
3.1319091666666665,5.24,0.2674987019698543,-0.1696348103508365,-56.4752,-26.2261,5.1
1.9890788888888888,5.26,0.2547329756605734,1.7856899076550246,36.59,71.1783,5.2
14.038068888888889,5.26,0.2547329756605734,-0.1696348103508365,-59.5901,-25.9704,5.0
3.7420291666666667,5.290000000000001,0.2514402955419509,-0.16288238128047955,27.7998,100.7176,5.4
1.147303611111111,5.2299999999999995,0.21108186931983747,-0.1696348103508365,-59.0495,-25.6703,5.1
4.134755833333333,5.2,0.22110831935702982,-0.09585459271443637,-59.6781,-26.2642,5.0
10.420576944444443,5.15,0.20138409955991307,0.4134572999599866,1.9322,127.3237,5.0
3.4226175000000003,5.25,0.3274480450731438,0.5155381394353827,-13.1864,166.8148,6.0
7.614199999999999,5.36,0.4376706016578643,-0.32851549435923516,24.0079,122.2592,6.2
11.370916388888888,5.38,0.45411696975803884,-0.11998459659821192,27.1965,141.5457,5.8
2.143733055555556,5.369999999999999,0.46200048100023205,-0.28541910882195703,24.026,122.1898,5.0
4.019297777777778,5.44,0.485798312059646,-0.4178858791139594,35.2813,-35.249,5.9
14.131735833333334,5.44,0.485798312059646,-0.4178858791139594,-6.3593,154.5131,5.0
1.0898261111111112,5.4799999999999995,0.4984420171338343,0.6516790255450793,-20.4804,169.7151,5.8
2.3975716666666664,5.57,0.5034326612809753,4.884756949666346,-4.8065,125.0808,6.0
3.8375125,5.58,0.49170903772228813,-0.4178858791139594,76.2296,125.0553,5.1
0.36669666666666667,5.58,0.49170903772228813,0.05845827162872082,-17.88,168.3867,5.0
2.220622222222222,5.49,0.48864893101057605,-0.0902937687741424,36.1445,31.2928,5.1
4.019520277777778,5.39,0.4254409477236541,-0.4258299133143793,56.0178,164.9692,5.2
4.398396388888889,5.33,0.4029061098237831,-0.4178858791139594,-20.1713,168.814,5.2
4.946836111111112,5.33,0.4029061098237831,2.13631971717606,-18.9797,169.6122,5.0
4.810663888888889,5.24,0.35962943891363275,-0.4178858791139594,-32.3207,-174.9087,5.0
1.8809686111111112,5.3100000000000005,0.3754996671103731,-0.4178858791139594,-65.3437,-71.5089,5.7
8.899265277777777,5.2299999999999995,0.34334951418181725,-0.4178858791139594,-5.5193,152.1909,5.0
3.958340277777778,5.15,0.21213203435596686,-0.054744215727263214,-59.6644,-26.394,5.2
4.149820833333333,5.25,0.3659083066683372,-0.348375579860285,11.9367,-87.1371,6.1
12.724105,5.26,0.35962943891363275,-0.4564144449859961,-30.2707,-177.5837,5.1
5.309436111111111,5.3100000000000005,0.369534241384417,0.43450899059109943,-11.8659,-76.5753,5.6
1.9796916666666668,5.32,0.367574633389074,-0.4178858791139594,-33.5773,77.6993,5.3
4.6389675,5.31,0.372528895225295,-0.4178858791139594,11.948,-87.1714,5.1
0.6880319444444445,5.47,0.5334374898294613,-0.3880957508623847,37.8283,101.29,6.6
0.16392916666666665,5.49,0.5173651192984193,-0.4178858791139594,37.811,101.1631,5.2
0.22945416666666665,5.43,0.5250396810400788,-0.4178858791139594,37.7592,101.1086,5.1
1.6916219444444445,5.43,0.5250396810400788,-0.4178858791139594,-4.38,153.4074,5.0
1.9285150000000002,5.42,0.5308274463305178,-0.4178858791139594,-3.5256,68.4857,5.1
5.630314722222223,5.3999999999999995,0.5055250296034378,-0.3880957508623847,-26.6816,-71.138,5.9
4.876204166666667,5.41,0.4998888765404667,-0.1420292915043772,60.3899,-140.5334,5.2
0.30342277777777776,5.36,0.5037636129950026,-0.17380542830605697,-30.3315,-177.554,5.1
1.3127777777777778,5.359999999999999,0.5037636129950026,-0.4178858791139594,1.4233,127.9637,5.3
0.6169472222222223,5.35,0.5104464277037861,0.5538681044524089,5.7328,126.9785,5.0
15.584596666666668,5.26,0.30258148581094046,-0.3880957508623847,-7.2106,152.6649,5.7
7.133725,5.24,0.31340424729448546,0.024696126276936115,-4.7723,153.3744,5.0
12.234031666666667,5.25,0.3100179206289725,-0.4178858791139594,1.4538,127.8761,5.2
0.1279638888888889,5.25,0.3100179206289725,-0.1696348103508365,-32.8951,-179.0365,5.0
0.13771583333333334,5.29,0.3142893217686191,-0.3836272316246484,40.8272,21.3919,5.5
0.2551633333333333,5.24,0.23664319132398615,-0.4178858791139594,1.4713,127.8516,5.4
2.1236236111111113,5.34,0.3835506630304686,-0.44767600736553415,-33.7823,179.574,6.2
0.03492555555555556,5.36,0.37475918193480656,-0.4178858791139594,-33.7522,179.8989,5.3
0.4492336111111111,5.35,0.3778594682918224,-0.4178858791139594,-33.7504,179.5715,5.2
0.8418533333333333,5.37,0.36224607965059225,-0.4178858791139594,-33.8834,179.7103,5.2
5.01053,5.33,0.3433495141818171,-0.4178858791139594,-33.77,179.5102,5.3
2.155469722222222,5.39,0.3314949304120501,-0.43774596461500925,-26.0798,-65.4393,5.6
2.3919319444444445,5.4,0.32659863237109205,-0.2647646199008652,-24.7587,-176.1172,5.3
8.911445,5.4,0.32659863237109205,-0.4178858791139594,-22.693,-174.9208,5.0
0.14713638888888889,5.42,0.33928028399998755,4.4372099229001885,-25.0442,179.8704,5.7
3.3947425,5.459999999999999,0.359629438913633,-0.4178858791139594,28.4777,-43.6423,5.8
0.9958794444444445,5.36,0.2547329756605725,-0.4178858791139594,0.1519,96.7107,5.2
0.6883052777777777,5.49,0.4653553003411015,-0.3086554088581853,35.2267,31.9435,6.6
7.787385277777777,5.470000000000001,0.4831608887776882,-0.4178858791139594,-20.5694,-173.903,5.0
2.678061944444444,5.63,0.6272515001532052,-0.31858545160871027,52.3415,-167.7554,6.8
0.1693111111111111,5.64,0.6221825384170735,-0.3486734811428008,52.3766,-167.9324,5.4
0.8942388888888889,5.74,0.6915361322607987,-0.32851549435923516,52.5791,-168.3275,6.6
0.23700694444444445,5.790000000000001,0.6740425308045007,-0.351155991830432,52.4378,-167.9609,5.8
0.025749722222222222,5.82,0.6408327915038913,-0.36595175552871406,52.2658,-167.9906,5.3
0.5747238888888888,5.75,0.6916164640415495,-0.1696348103508365,-15.6891,-173.102,5.0
12.304568611111112,5.69,0.712507309904024,0.8091695035684044,52.0751,178.0555,5.2
1.2731708333333334,5.68,0.720802022441362,0.004240238210854766,-32.8546,-179.1915,5.1
7.271085833333333,5.529999999999999,0.6617317348358701,-0.4178858791139594,37.6825,101.4046,5.1
0.48116444444444445,5.6,0.6359594676112985,1.4021916566297523,-39.3264,174.519,5.7
2.2057294444444446,5.42,0.49844201713383385,-0.4178858791139594,37.7163,101.4294,5.0
0.24048805555555555,5.4399999999999995,0.5015531433014415,0.27721711342278477,-6.6002,147.3665,5.6
12.4939075,5.279999999999999,0.3084008934992096,-0.13656776799158854,51.14,-179.9169,5.0
4.0201247222222225,5.21,0.2514402955419467,-0.055340018292294735,51.2863,-179.1427,5.1
12.540116944444446,5.2,0.24944382578492785,-0.37300208588158684,-26.8528,-71.1932,5.2
14.767998333333335,5.359999999999999,0.4971027168615269,-0.18949489585188634,-6.86,105.2887,6.6
0.7275997222222222,5.38,0.49396356140913916,-0.17499703343611994,-7.0422,105.2063,5.4
5.327603888888889,5.37,0.50122073203552,-0.4178858791139594,-28.3876,-176.616,5.0
1.067598888888889,5.39,0.49317565047579415,0.5452289672594521,36.5418,71.4945,5.3
0.5051452777777777,5.33,0.48773854562551117,-0.4178858791139594,-7.8364,118.5907,5.1
8.131893055555555,5.359999999999999,0.47422451316743325,-0.15265443724743888,-5.1711,146.281,5.3
3.391142222222222,5.380000000000001,0.4894441291460711,-0.5171863066192086,-20.546,-175.39,5.8
13.168889166666666,5.380000000000001,0.4894441291460711,-0.4178858791139594,-58.0056,-23.8096,5.0
0.9697572222222223,5.4399999999999995,0.4880801391392843,-0.4178858791139594,-55.5113,-128.4388,5.7
5.575136666666666,5.45,0.4836206042848979,0.007417851891022742,-57.9297,-25.6864,5.3
0.46691944444444444,5.3100000000000005,0.26853512081497055,0.8916881588252665,-60.0032,-27.9154,5.2
4.873171666666667,5.3,0.26666666666666594,1.4430041323344098,-13.3101,167.1432,5.3
2.961955555555556,5.319999999999999,0.2485513584307629,0.02678143525454636,24.2173,122.2544,5.2
3.539798333333333,5.34,0.2547329756605707,-0.44767600736553415,40.0413,24.361,5.5
1.0674344444444446,5.4399999999999995,0.3339993346633439,3.246299895829735,-6.4492,154.8224,6.1
10.650458055555555,5.4399999999999995,0.3339993346633439,-0.1696348103508365,15.92,-95.8059,5.3
0.9132908333333334,5.359999999999999,0.3339993346633429,-0.1696348103508365,-7.5134,105.8582,5.0
11.235915555555556,5.39,0.3107338983045719,-0.4039838192632245,34.9289,63.6208,5.3
3.4107683333333334,5.32,0.3119829055146019,-0.4178858791139594,44.7951,95.096,5.0
0.657915,5.29,0.32812599206199133,-0.13577336457154657,-26.7875,-176.4386,5.0
7.252712777777778,5.279999999999999,0.33266599866332286,-0.4178858791139594,29.2819,94.1513,5.1
17.8392675,5.26,0.33730961708462576,-0.4178858791139594,-57.3902,147.8219,5.1
1.2839361111111112,5.279999999999999,0.3392802839999849,-0.4178858791139594,-63.1612,-160.5108,5.4
11.656729722222222,5.26,0.33065591380365844,-0.4178858791139594,-52.4599,12.9763,5.3
8.725474722222222,5.18,0.15491933384829126,-0.4178858791139594,-3.4837,130.9525,5.3
14.604666111111111,5.15,0.1581138830084127,-0.4178858791139594,-31.8107,57.6222,5.0
0.43799249999999995,5.15,0.1581138830084127,-0.4178858791139594,-20.9031,-175.3265,5.0
1.3343133333333335,5.209999999999999,0.284604989415152,-0.43774596461500925,-58.8885,-23.919,5.9
3.866105833333333,5.26,0.2875181153713033,-0.1696348103508365,-2.4732,140.0375,5.5
0.23090916666666667,5.3,0.27487370837451053,-0.4178858791139594,-14.988,167.9446,5.4
2.082856111111111,5.3100000000000005,0.26853512081497105,-0.13597196542655704,-30.5768,-178.0529,5.2
6.100020555555556,5.3,0.27888667551135826,-0.33308331402447666,15.5954,-94.9897,5.0
10.155117500000001,5.27,0.28303906287138286,0.6277476225163142,60.3163,-152.3603,5.1
1.6714286111111112,5.26,0.2836272984824342,-0.4031894158431825,12.9071,144.2017,5.2
3.2300772222222225,5.2700000000000005,0.28693785622209705,0.0682890139517405,23.0871,93.8172,5.4
5.514628055555556,5.28,0.2780887148615222,-0.4178858791139594,-27.8354,-176.9622,5.1
0.42019,5.41,0.40674862562084435,-0.12991463934873684,32.7282,132.0386,6.3
4.585623055555555,5.35,0.36893239368631164,0.5466191732445257,7.5552,126.5369,5.3
0.7140308333333333,5.33,0.36530048514126656,-0.4178858791139594,26.7675,-110.8671,5.3
4.993710833333333,5.39,0.42282121254470995,-0.3086554088581853,3.6724,126.6596,6.0
2.2477541666666667,5.380000000000001,0.42895221179054543,-0.1696348103508365,-59.4152,-25.9128,5.1
0.599905,5.5,0.47609522856952585,-0.229215066853986,53.2402,-166.682,6.2
8.545456666666666,5.49,0.48636977245256285,-0.036075735356276346,2.8577,127.5309,5.0
0.9745705555555556,5.5,0.48074017006186764,-0.4178858791139594,-44.1148,-82.0292,5.3
0.49719638888888884,5.46,0.5059644256269425,-0.4178858791139594,-5.8386,-12.585,5.0
6.505677777777778,5.459999999999999,0.5059644256269425,1.8743651894172122,-18.9623,169.3975,5.1
4.547940277777777,5.39,0.4175324338699143,-0.4178858791139594,38.4613,97.3425,5.6
4.040382777777778,5.369999999999999,0.4270050741306644,-0.4178858791139594,6.986,127.0901,5.1
18.951418888888888,5.34,0.4427188724235737,-0.4178858791139594,36.0702,69.1575,5.0
11.925836944444445,5.27,0.3772709017845574,-0.4178858791139594,18.4578,-73.3389,5.3
0.8389055555555556,5.27,0.3772709017845574,-0.4178858791139594,18.494,-73.2999,5.1
6.317592222222221,5.17,0.18885620632286731,-0.4178858791139594,-37.3147,179.8734,5.2
0.8633441666666667,5.2,0.1825741858350528,-0.4178858791139594,-58.7883,-23.809,5.3
0.45664166666666667,5.17,0.18885620632286731,-0.4178858791139594,-57.1359,-25.0776,5.0
3.659651944444444,5.27,0.3128720008068614,-0.4079558363634345,-55.3696,-28.7839,6.0
0.8328783333333334,5.28,0.3084008934992099,-0.4178858791139594,9.9182,-59.8929,5.2
1.1813569444444445,5.24,0.2875181153713034,0.5327171133937909,-15.8467,-173.7454,5.2
1.5811688888888888,5.26,0.28362729848243473,-0.4178858791139594,27.161,-44.3165,5.3
10.267171944444446,5.29,0.26853512081497105,-0.4178858791139594,-55.3138,-28.7751,5.3
0.7986955555555556,5.26,0.28362729848243473,-0.4178858791139594,-4.4783,72.4395,5.0
10.032258888888888,5.25,0.29154759474226427,-0.4178858791139594,-7.2607,27.9722,5.0
14.502478055555557,5.29,0.31073389830457115,-0.4178858791139594,-63.5219,170.1107,5.6
8.320262777777778,5.26,0.32386554137309603,-0.4178858791139594,-20.603,-175.4085,5.0
1.9037169444444446,5.2700000000000005,0.31640339933558065,-0.4178858791139594,-3.7734,151.8042,5.1
3.422882777777778,5.17,0.19465068427541596,0.014468182243895442,3.1259,127.9629,5.0
0.4160261111111111,5.27,0.38020462326956966,-0.4556200415659541,-19.0992,-176.3135,6.2
9.382734166666667,5.25,0.3894440481849303,-0.3071659024456066,-8.7278,108.0851,5.0
8.472718888888888,5.27,0.3973523485382825,0.3878377896636323,-19.1425,-69.3696,5.5
10.712255277777777,5.34,0.4599516882842765,-0.43774596461500925,5.4966,-82.5844,6.0
2.4881977777777777,5.34,0.4599516882842765,0.8087723018583836,-18.7674,-69.6395,5.0
2.8175547222222224,5.34,0.4599516882842765,-0.4178858791139594,38.618,144.8209,5.0
0.3358711111111111,5.279999999999999,0.461398839279954,0.3517917344792269,-58.9776,-25.7751,5.0
9.900125,5.43,0.5869885480616786,-0.43774596461500925,-29.5642,-176.7217,6.5
0.11287583333333334,5.45,0.5778311941119924,-0.4178858791139594,-29.6368,-176.7946,5.3
0.11700138888888889,5.470000000000001,0.563816360962407,-0.4178858791139594,-29.8116,-176.8695,5.2
0.017441388888888888,5.38,0.5028805910838976,-0.4178858791139594,-29.6062,-176.6645,5.3
0.0560275,5.39,0.4954235000930476,-0.4178858791139594,-29.798,-176.8106,5.1
1.5687269444444445,5.35,0.5016638981097481,-0.4178858791139594,-29.5233,-176.5253,5.1
0.3364736111111111,5.33,0.47621190427978455,-0.4178858791139594,-29.6171,-176.9625,5.8
8.683018333333333,5.34,0.469515116310908,-0.26039540109063425,10.9829,-61.0599,5.1
10.617687222222221,5.37,0.45472824607426704,-0.4178858791139594,15.6262,118.237,5.3
1.6688644444444445,5.37,0.45472824607426704,-0.4178858791139594,-41.1078,80.5102,5.0
9.1700225,5.279999999999999,0.24855135843076392,-0.4178858791139594,-32.0955,-111.7869,5.6
9.246508888888888,5.25,0.2635231383473648,0.06451559770654101,-10.2091,122.2996,5.0
3.7653330555555558,5.2299999999999995,0.27507574714370286,0.20125228638126907,-14.9338,-73.9756,5.0
11.225282777777776,5.2700000000000005,0.31287200080686206,-0.37816570811185973,-29.6348,-177.0354,5.7
0.08501666666666667,5.3,0.3091206165165244,-0.4178858791139594,-29.5983,-176.9102,5.4
0.49539472222222225,5.32,0.3011090610836337,-0.4178858791139594,14.4867,56.401,5.3
0.30012666666666665,5.33,0.31989581637360354,-0.36823566536133484,-29.5676,-176.8028,5.9
0.3940452777777778,5.36,0.3098386676965954,-0.4178858791139594,14.4413,56.3354,5.4
0.06760555555555556,5.35,0.31358146203711484,-0.4178858791139594,14.4513,56.3826,5.2
25.378845555555554,5.39,0.28848262031225347,1.2441053760413958,-7.1036,145.9965,5.4
1.3496755555555557,5.36,0.27968235951204273,-0.47389132022691993,-29.512,-176.8196,5.3
3.985815833333333,5.46,0.31340424729448785,0.6644887806932565,-7.483,128.3132,6.0
8.988995833333332,5.48,0.2859681411937005,-0.4178858791139594,-49.8546,163.2234,5.2
1.1338372222222222,5.470000000000001,0.27908580918579723,-0.4178858791139594,-27.7569,-176.3267,5.6
4.7620063888888895,5.46,0.2836272984824392,-0.4178858791139594,-27.8534,-176.3672,5.3
0.13834944444444444,5.4799999999999995,0.2780887148615272,-0.42175859578666414,-21.1035,-174.2706,5.5
1.2614405555555555,5.4,0.2581988897471642,-0.4178858791139594,14.2636,-93.4649,5.1
6.5133925,5.41,0.26012817353502554,-0.4178858791139594,-27.9248,-175.9728,5.5
1.1661741666666667,5.42,0.25298221281347394,0.14157272945061442,-32.2383,-179.0992,5.3
1.6797749999999998,5.409999999999999,0.2558211180580019,-0.255132478432856,35.0634,31.8203,5.3
2.908036111111111,5.4,0.2624669291337301,-0.4178858791139594,-29.6881,-176.9808,5.2
9.62611361111111,5.3,0.18856180831641395,-0.27529046521642164,-23.2267,-64.9863,5.0
6.082794444444445,5.3,0.18856180831641395,-0.4178858791139594,-9.1111,125.7147,5.2
0.3022336111111111,5.39,0.42018514437751964,0.5751183959385322,-4.4661,-76.9283,6.5
7.0063780555555555,5.37,0.4295992965026326,-0.1696348103508365,-57.9455,-25.83,5.1
0.903143888888889,5.36,0.4273952113286576,-0.2071703719478207,54.2697,-161.5975,5.4
10.28751,5.369999999999999,0.4217687623436451,-0.07182388925816606,-7.2617,105.9667,5.2
2.928810277777778,5.319999999999999,0.43410188256265975,-0.4178858791139594,-20.8613,-175.56,5.0
7.310875,5.42,0.5329165037789707,-0.4178858791139594,-48.033,99.4949,6.3
0.9815555555555555,5.390000000000001,0.5486346689738094,-0.3366581294146656,8.3831,-83.1568,5.0
3.900533333333333,5.37,0.5598610938835147,-0.4178858791139594,29.762,-42.8702,5.0
2.9656019444444444,5.45,0.5582711408148093,1.5879827564920739,36.4307,71.126,5.8
13.262690833333332,5.43,0.5716448003592612,-0.36694475980376656,-47.2449,165.3745,5.0
0.2673663888888889,5.29,0.4357624225296274,0.2206158697447927,-33.135,-179.556,5.1
3.517061111111111,5.3,0.4320493798938581,-0.4178858791139594,52.5866,143.276,5.2
3.391773888888889,5.279999999999999,0.43153472887152744,1.1933628575862134,-21.7105,-176.4618,5.2
6.669980833333334,5.28,0.43153472887152744,0.09450432681312629,62.7471,-148.7049,5.2
16.399579444444445,5.3100000000000005,0.42018514437751886,0.5301353022786544,-22.1743,-68.6576,5.3
3.918281111111111,5.18,0.24404006956964058,-0.4178858791139594,-29.1825,-177.0122,5.0
5.066355833333334,5.209999999999999,0.23781411975649244,-0.4178858791139594,-13.5,174.4075,5.3
1.869273888888889,5.2299999999999995,0.22632326929023935,0.07613374772465518,-59.5982,-26.3878,5.2
0.34402166666666667,5.16,0.1074967699773106,-0.21918572367595582,24.3866,122.0372,5.1
10.187670833333332,5.18,0.09189365834726526,-0.1696348103508365,-59.2502,-25.4771,5.2
2.332045,5.1899999999999995,0.08755950357708885,0.07136732720440325,12.0418,141.6632,5.2
2.986308333333333,5.17,0.10593499054713501,-0.1696348103508365,-30.2682,-177.8746,5.0
0.031445,5.15,0.11785113019775433,-0.4178858791139594,-23.8043,-175.7019,5.0
4.0333375,5.14,0.11737877907772262,-0.4178858791139594,-58.3399,-14.7376,5.1
1.4643388888888889,5.12,0.10327955589885858,-0.4178858791139594,-55.2677,-144.8182,5.1
0.364215,5.14,0.0966091783079247,-0.4178858791139594,-23.6673,-175.6008,5.2
0.487985,5.109999999999999,0.08755950357708372,-0.4178858791139594,-53.2311,9.4643,5.0
3.129623611111111,5.21,0.3573047252229765,-0.4178858791139594,-0.417,-19.8913,6.2
4.6184361111111105,5.26,0.37475918193480623,-0.4178858791139594,26.8395,126.5254,5.6
6.087339722222222,5.25,0.37785946829182193,-0.4178858791139594,26.8044,126.3433,5.1
15.244141388888888,5.2299999999999995,0.3860051813123761,-0.4178858791139594,-23.7443,-175.8408,5.0
0.7016680555555556,5.24,0.38064273129653925,-0.04223236186160184,-6.1172,149.901,5.1
2.5141116666666665,5.24,0.38064273129653925,-0.4178858791139594,-55.5284,-144.6928,5.0
6.410098888888889,5.2299999999999995,0.38600518131237604,-0.4178858791139594,-57.2155,-25.0898,5.0
1.229955,5.22,0.3910100879630716,-0.4178858791139594,-58.3474,-23.035,5.0
3.8852683333333333,5.21,0.3928528138289623,-0.4178858791139594,-34.1858,179.4818,5.1
5.777673333333333,5.26,0.39496835316263096,-0.4178858791139594,-10.3324,-13.1276,5.5
19.94480861111111,5.17,0.22135943621178486,-0.4178858791139594,-10.5177,-13.044,5.3
0.8442824999999999,5.159999999999999,0.20110804171997593,-0.4178858791139594,-3.5114,144.0527,5.5
6.00695638888889,5.17,0.20027758514399566,-0.4178858791139594,-3.5101,144.1014,5.2
3.464396111111111,5.2,0.19436506316150975,-0.4178858791139594,23.9813,122.2835,5.3
7.9658541666666665,5.21,0.19119507199600005,-0.2568205857004453,20.1251,121.3859,5.2
3.8660225,5.21,0.19119507199600005,-0.1841326727666029,-9.8502,160.2303,5.0
2.0556336111111113,5.21,0.19119507199600005,-0.4178858791139594,-3.4958,143.8922,5.0
7.858846111111111,5.21,0.19119507199600005,-0.4178858791139594,-0.4424,-19.7758,5.0
6.3491486111111115,5.25,0.20682789409984967,-0.4178858791139594,-0.4912,-19.9859,5.5
2.0140605555555555,5.2,0.1999999999999997,0.3910154033438002,-5.6589,154.5171,5.0
5.775875,5.220000000000001,0.22010098692292296,-0.23696050019939544,19.1297,121.173,5.5
2.2979475000000003,5.2,0.1999999999999997,0.45844039361986444,-56.1207,-27.8924,5.3
1.4603469444444444,5.25,0.254950975679641,-0.13885167782420924,0.9313,126.2631,5.7
6.437334166666666,5.26,0.2590581230363414,-0.4178858791139594,-21.0579,173.5367,5.4
3.631668888888889,5.2700000000000005,0.2584139659108599,-0.4178858791139594,41.1598,44.01,5.3
2.0639700000000003,5.37,0.3267686915507375,-0.36823566536133484,11.7884,144.2842,6.0
0.3322402777777778,5.4,0.3018461712712536,-0.4178858791139594,11.7324,144.4544,5.3
23.644119166666666,5.470000000000001,0.27908580918580234,-0.4178858791139594,70.7114,-14.3853,5.7
11.577475833333333,5.42,0.315524255098653,-0.05246030589464252,16.7717,-61.339,5.0
10.204712222222222,5.43,0.30203016773532193,0.19291105047082824,-58.4116,-25.561,5.1
11.405271944444443,5.43,0.30203016773532193,-0.20935498135293618,-58.3398,-25.5274,5.5
1.5145652777777778,5.4,0.3299831645537281,0.31048275663704317,-25.0444,-176.8926,5.0
0.031753333333333335,5.45,0.40892813821284923,0.07861625841228641,14.1476,-91.3982,6.2
2.272453611111111,5.41,0.4332051092342642,-0.4178858791139594,-20.7637,-175.4403,5.0
10.873071388888889,5.56,0.6131883886702413,4.795386564911622,-23.7682,179.9981,6.8
1.3569636111111112,5.459999999999999,0.6149977416399407,-0.4178858791139594,7.653,-37.7695,5.0
6.356683055555556,5.49,0.6136412270664033,-0.4178858791139594,-59.1913,-23.7333,5.6
9.369558333333334,5.42,0.6268084945889719,-0.4178858791139594,-24.202,-175.6653,5.0
6.414641388888889,5.430000000000001,0.620125435339948,-0.4178858791139594,-9.3478,107.0103,5.1
1.9978519444444445,5.470000000000001,0.6092800852007453,2.4987662775702195,-29.9622,-179.277,5.5
1.7594422222222224,5.4399999999999995,0.6149977416399404,0.1496160640785396,12.9776,-87.9881,5.2
2.8859011111111115,5.4399999999999995,0.6149977416399404,-0.18125296036895067,-56.6838,-25.4724,5.0
0.4259291666666667,5.33,0.5598610938835161,0.04078279553278646,38.2149,141.689,5.1
0.3265061111111111,5.34,0.5541760650832135,-0.4178858791139594,-25.5472,70.1442,5.1
18.415734166666667,5.17,0.21108186931983508,-0.4178858791139594,-6.2617,142.5975,5.1
0.4736972222222222,5.17,0.21108186931983508,-0.4178858791139594,-62.7474,-61.1769,5.0
0.9034613888888888,5.11,0.15238839267549778,-0.4178858791139594,-50.2876,114.196,5.0
5.749697222222222,5.119999999999999,0.14757295747452315,-0.4178858791139594,-29.5446,-176.943,5.1
6.45894,5.109999999999999,0.15238839267549778,-0.4178858791139594,28.2785,142.9624,5.0
3.507010833333333,5.08,0.07888106377465551,-0.4178858791139594,-23.5455,-175.8284,5.2
2.0274505555555558,5.130000000000001,0.2110818693198339,-0.4178858791139594,-56.6309,-142.9303,5.7
19.004704444444446,5.16,0.21186998109427685,-0.35334060123554745,55.2732,-157.8084,5.3
0.18658194444444445,5.16,0.21186998109427685,-0.21739831598086135,-18.4124,-71.2319,5.1
6.518280277777778,5.2,0.23570226039551787,0.05994777804129954,6.0071,126.6453,5.5
2.733004166666667,5.209999999999999,0.23309511649396353,-0.0026114912870074036,6.0123,126.5855,5.2
2.2085102777777776,5.22,0.2250925735484579,-0.4178858791139594,-26.8656,-176.2072,5.1
0.9110855555555555,5.24,0.21186998109427982,-0.4178858791139594,-8.21,154.4744,5.2
2.2077649999999998,5.24,0.21186998109427982,-0.21640531170580887,53.1517,-166.7921,5.1
0.5612386111111112,5.26,0.19550504398154062,-0.15583205092760685,-41.752,173.6512,5.2
4.2594030555555555,5.2700000000000005,0.19465068427542442,0.8661679489564176,13.6021,120.8739,5.3
3.071423333333333,5.209999999999999,0.12866839377079586,0.4293453683608264,-5.6394,154.4608,5.1
0.7178019444444445,5.1899999999999995,0.12866839377079456,-0.4178858791139594,11.7598,144.4664,5.1
1.4385266666666667,5.25,0.20138409955991388,-0.31858545160871027,-8.2068,120.6211,5.7
0.5153105555555555,5.2299999999999995,0.18287822299127318,-0.4178858791139594,-8.1186,120.6733,5.3
3.2610883333333334,5.26,0.2011080417199829,-0.4178858791139594,-8.0904,120.7908,5.5
1.9054586111111111,5.2700000000000005,0.1946506842754245,-0.4178858791139594,-8.1038,120.6142,5.2
2.594183888888889,5.31,0.21832697191751063,-0.40309011541567724,26.8606,126.4361,5.6
0.11420305555555554,5.3,0.230940107675856,0.4567522863522752,29.5407,140.8144,5.0
2.4139019444444445,5.41,0.38715486421959555,-0.37816570811185973,-69.7739,165.3918,6.3
4.764089166666667,5.389999999999999,0.3984692933938348,-0.08572594910890093,53.2462,-166.6973,5.1
2.046193888888889,5.4799999999999995,0.4263540521418596,1.9752544237625456,-22.6664,-66.2663,6.0
4.521962222222222,5.5600000000000005,0.42216373863967677,1.1014106617163528,-16.1151,-173.9733,5.9
18.68890888888889,5.5,0.44221663871406025,-0.026840795598288177,-4.818,144.5026,5.1
7.400312777777778,5.5200000000000005,0.43665394383501577,-0.013832439595100585,7.8174,-74.2494,5.5
7.062345277777777,5.4799999999999995,0.45655716448704453,-0.4178858791139594,26.8968,126.4522,5.1
7.995074444444445,5.51,0.4458450154232792,-0.4178858791139594,-58.4591,-29.744,5.5
0.32297555555555557,5.48,0.4491968140779536,-0.4178858791139594,-5.5991,151.9238,5.3
2.272018611111111,5.51,0.4228212125447163,-0.2684387357185594,-5.5895,151.9257,5.3
9.838341388888889,5.38,0.34576806613040467,-0.4178858791139594,-30.7078,-177.4512,5.0
9.281418333333333,5.37,0.3560586718193814,-0.4178858791139594,0.2493,100.0017,5.0
0.05992416666666667,5.380000000000001,0.37653389990515074,-0.47746613561710893,0.219,100.1006,6.1
4.815831944444444,5.29,0.3446415206816795,0.39389511574145253,-56.3364,-27.1155,5.0
2.3750838888888888,5.31,0.3381321240777581,-0.4178858791139594,26.7309,126.4724,5.3
4.848976666666666,5.26,0.34383458555274,-0.4178858791139594,-20.8913,-175.3593,5.0
0.11466555555555555,5.279999999999999,0.3392802839999897,-0.24142901943713166,55.0024,165.8986,5.3
8.056587222222221,5.3100000000000005,0.37252889522529775,-0.11998459659821192,-59.6178,-26.343,5.8
1.8259872222222222,5.319999999999999,0.3735713526965884,-0.4178858791139594,-3.5433,143.8151,5.4
0.06750083333333333,5.29,0.3871548642195932,-0.4178858791139594,11.8645,144.3431,5.0
0.12819944444444445,5.29,0.3871548642195932,-0.4178858791139594,11.7319,144.4918,5.0
1.5077297222222223,5.3100000000000005,0.37549966711037586,-0.4178858791139594,30.0963,-42.4488,5.2
2.9720397222222226,5.2,0.26246692913372904,0.13045108157002647,-20.5514,169.4199,5.0
1.8948997222222224,5.22,0.2529822128134732,0.666276188388351,5.7048,126.2848,5.2
34.295114444444444,5.2,0.25385910352879915,-0.4178858791139594,43.8999,148.5834,5.1
4.269885277777778,5.21,0.246981780704572,-0.2469898433774256,-29.8884,-71.7733,5.1
4.4247475000000005,5.25,0.2915475947422685,-0.41858098210649614,-36.9801,-73.993,5.7
4.710335833333333,5.17,0.2263232692902408,-0.14312159620693496,-59.7471,-26.2045,5.0
3.9167552777777774,5.1899999999999995,0.25582111805800045,-0.4178858791139594,22.4712,-45.0312,5.6
1.704690277777778,5.2,0.24944382578493177,-0.12375801284341141,44.0361,148.4635,5.1
10.488830277777778,5.21,0.24244128727957856,-0.4178858791139594,43.9146,148.6452,5.1
4.1393369444444446,5.1899999999999995,0.2514402955419501,-0.24510313525482588,-3.7491,142.7969,5.0
2.434458333333333,5.22,0.24404006956964486,-0.4178858791139594,-21.3177,-174.1576,5.3
1.554731111111111,5.2299999999999995,0.24517567397911405,-0.4178858791139594,-29.5685,-176.7815,5.3
0.17807305555555555,5.3,0.2981423969999767,-0.4178858791139594,-27.1718,-175.8414,5.8
4.68749,5.31,0.2923088169119218,-0.10459303033489832,4.0892,95.9931,5.2
0.11269305555555556,5.27,0.25841396591086185,-0.4178858791139594,-29.4776,-176.8609,5.3
6.871544444444445,5.28,0.24855135843076825,-0.4178858791139594,-29.5675,-176.9925,5.1
1.5427205555555554,5.25,0.2223610677354433,-0.11819718890311744,16.2753,-96.3774,5.3
2.9253394444444445,5.26,0.21705094128133431,-0.13845447611418826,52.346,174.0425,5.2
6.164006111111111,5.29,0.21317702607093267,-0.4178858791139594,-0.4706,-19.7894,5.4
2.718631388888889,5.29,0.21317702607093267,-0.4178858791139594,-23.3739,171.9019,5.0
2.570035277777778,5.279999999999999,0.21499353995463377,0.3883342918011585,35.5378,69.7845,5.2
0.2646647222222222,5.25,0.23213980461973951,-0.1696348103508365,-18.4009,-173.557,5.0
0.9285147222222222,5.17,0.14181364924121964,-0.1696348103508365,-58.4565,-24.9676,5.0
1.7012305555555556,5.31,0.4748099034818537,-0.2788652806066106,-30.0751,-177.7264,6.6
2.1813361111111114,5.3,0.4760952285695261,-0.1737061278785517,-30.1272,-177.8194,5.2
3.038085,5.3,0.4760952285695261,-0.04729668366436953,-29.9863,-177.9131,5.1
2.039851666666667,5.3100000000000005,0.47714428286071864,-0.4178858791139594,0.1599,-16.9871,5.4
2.7717069444444444,5.34,0.47888759989514934,-0.1386530769691988,-4.9697,152.2405,5.5
0.5225272222222223,5.3,0.4898979485566384,-0.4178858791139594,-0.6131,131.3754,5.0
2.094591388888889,5.3,0.4898979485566384,-0.4178858791139594,-42.5893,-83.2103,5.0
6.100055277777778,5.279999999999999,0.4984420171338355,-0.16933690906832075,10.0015,-78.5589,5.0
5.8819308333333336,5.29,0.49317565047579626,-0.14490900390202943,-30.0828,-177.7964,5.1
1.1770533333333333,5.36,0.49710271686153035,0.5739267908084692,18.2008,-95.4044,5.7
1.9057675,5.21,0.24244128727957828,-0.4178858791139594,-5.2808,68.6677,5.1
2.7150288888888885,5.2,0.24494897427832,1.0953533356385325,-16.98,-70.1608,5.1
7.680456666666667,5.2,0.24494897427832,-0.4178858791139594,-27.2597,-176.0063,5.1
1.9108280555555555,5.159999999999999,0.2412928142780522,-0.4178858791139594,-27.024,-176.0441,5.0
2.911922222222222,5.15,0.22730302828309804,1.0300136543400786,-5.2864,150.7853,5.4
9.195551666666665,5.15,0.22730302828309804,0.20264249236634257,-57.4565,-25.7965,5.0
5.500551111111111,5.159999999999999,0.2221110833194366,-0.4178858791139594,39.606,143.6959,5.1
0.1217138888888889,5.17,0.21628170930011242,-0.4178858791139594,-64.6439,175.7806,5.1
2.5513005555555557,5.2299999999999995,0.27100635498904085,2.124205065020419,-22.4383,-66.0638,5.7
3.881708333333333,5.16,0.2221110833194366,-0.4178858791139594,-58.4263,-23.3404,5.0
2.707313888888889,5.16,0.2221110833194366,0.8365764215598535,-10.5746,-74.1367,5.1
4.2867766666666665,5.2,0.24494897427832,-0.10012451109716208,4.6517,95.0249,5.5
1.5117322222222223,5.19,0.2514402955419499,0.9618935610714776,2.6827,99.0301,5.0
8.595523333333333,5.19,0.2514402955419499,-0.4178858791139594,-21.6359,-174.0706,5.0
3.0739725,5.15,0.24608038433722376,-0.4178858791139594,28.0941,130.0114,5.0
1.33106,5.15,0.24608038433722376,0.2267724962501182,-22.5541,-176.2459,5.0
0.9319324999999999,5.19,0.2685351208149727,0.4224936388629642,16.9112,-95.2004,5.5
3.462656111111111,5.1899999999999995,0.2685351208149727,2.2893416759616487,-30.9317,-179.4902,5.1
2.6336741666666668,5.17,0.23118054512533046,0.5271562894534969,-28.5436,-68.7112,5.5
10.6566975,5.27,0.3400980250849286,-0.31858545160871027,-58.7315,-24.9167,6.0
5.719058888888889,5.279999999999999,0.33598941782278063,-0.4178858791139594,-13.891,66.1701,5.2
3.610741388888889,5.34,0.422163738639672,5.260410466918704,-20.3752,-178.4045,6.1
12.348178611111111,5.38,0.4049691346263363,-0.4178858791139594,-35.8655,-102.8485,5.4
0.3008372222222222,5.409999999999999,0.3842742076521281,0.43719010213374115,2.7042,125.7943,5.3
4.004080277777778,5.43,0.36530048514127234,-0.1696348103508365,-30.1619,-177.9178,5.2
1.2029269444444446,5.4399999999999995,0.3533962208186352,-0.1696348103508365,-59.0811,-25.7858,5.1
4.74182,5.4,0.3681787005729141,0.09102881185044255,-58.9875,-25.7219,5.1
13.07379361111111,5.44,0.3533962208186352,-0.4178858791139594,-54.139,145.7713,5.5
1.891438888888889,5.390000000000001,0.37844711945293763,-0.4178858791139594,-30.4845,-177.2167,5.0
6.686966666666667,5.3,0.31972210155418496,-0.11531747650546521,2.585,128.4029,5.1
0.29634666666666665,5.29,0.32472210341220487,-0.4178858791139594,-38.4073,-93.0037,5.1
0.6275083333333333,5.1899999999999995,0.15951314818674092,0.2963820959312979,-37.7499,177.3329,5.1
9.624980277777777,5.17,0.1418136492412191,-0.19316901166958053,23.2665,121.4329,5.2
3.9297355555555558,5.15,0.1354006400772664,-0.4178858791139594,6.0616,-100.6845,5.1
0.20383194444444444,5.17,0.1567021236472435,-0.4178858791139594,-60.6099,-25.9874,5.4
11.944000833333332,5.17,0.1567021236472435,-0.040345653739002056,3.9185,95.9105,5.1
15.124072222222223,5.17,0.1567021236472435,-0.29058273105223,14.4225,-93.0114,5.1
11.551145833333333,5.130000000000001,0.10593499054713718,-0.4178858791139594,45.1543,153.4905,5.1
9.887060277777778,5.139999999999999,0.09660917830792952,-0.43665365991245153,0.5475,126.2999,5.1
12.509248333333334,5.16,0.1074967699773153,-0.09704619784449935,-7.3172,106.0704,5.3
6.356463611111111,5.15,0.11785113019775846,-0.1696348103508365,55.8895,163.0294,5.0
6.4543175,5.17,0.12516655570345894,-0.4178858791139594,-27.0762,-175.9686,5.3
2.050758055555556,5.17,0.12516655570345894,-0.4178858791139594,-57.7109,-23.9529,5.2
3.6469380555555557,5.1899999999999995,0.1286683937707947,-0.022570877215562467,15.1816,-93.8586,5.3
20.475036666666664,5.17,0.10593499054713994,-0.4178858791139594,-29.9761,-13.9333,5.2
0.5937758333333333,5.3,0.4000000000000032,-0.4079558363634345,14.096,119.3811,6.4
0.05910805555555555,5.46,0.5872724145478775,-0.2391451096045109,-0.6294,98.6259,6.7
0.2667072222222222,5.459999999999999,0.5872724145478775,-0.4178858791139594,14.0839,119.4375,5.1
0.0321775,5.45,0.5948856099191625,-0.4178858791139594,14.0971,119.3799,5.0
0.19044055555555556,5.4799999999999995,0.5940445175985504,-0.22732835873138627,-0.6087,98.5291,5.6
3.476952777777778,5.49,0.5858517066820134,0.18198800344525076,-5.4604,151.3229,5.1
13.080338333333334,5.49,0.5858517066820134,-0.2680415340085384,-0.5434,98.5566,5.3
0.4771311111111111,5.49,0.5858517066820134,-0.4178858791139594,14.1448,119.334,5.2
0.7017074999999999,5.46,0.6040603354706333,-0.4178858791139594,14.1312,119.5165,5.0
16.707426666666667,5.4399999999999995,0.616801786998424,-0.4178858791139594,14.128,119.3606,5.0
1.0009025,5.32,0.5181162460726813,-0.4178858791139594,-26.8669,-176.0883,5.2
3.1189475,5.17,0.1828782229912696,-0.08274693628374348,-0.5284,98.5948,5.2
2.091681388888889,5.16,0.1897366596101025,-0.1793662522463509,0.4166,125.8515,5.0
1.5604027777777778,5.19,0.1852925614624984,-0.4178858791139594,-58.5907,-24.9749,5.3
2.402718888888889,5.13,0.12516655570345495,-0.4184816816789909,14.0082,119.4751,5.0
5.894705555555555,5.14,0.1264911064067336,-0.4178858791139594,14.1384,119.2961,5.2
0.4933027777777778,5.15,0.14337208778404317,1.3503568334720126,-20.0087,-175.7836,5.4
2.349342777777778,5.16,0.15055453054181625,-0.018797460970363042,-7.6341,107.0324,5.3
3.108986388888889,5.21,0.17288403306520203,-0.3948481799327416,-15.6703,-71.8843,5.5
7.4797472222222225,5.220000000000001,0.16193277068655193,-0.4178858791139594,35.5965,74.9251,5.1
0.9844902777777778,5.3,0.29439202887759985,0.05061353785580614,37.6468,141.6735,6.0
0.03431777777777778,5.51,0.6935416353759934,-0.110054553847687,37.7132,141.5793,7.3
0.12022027777777777,5.54,0.6752777206453713,-0.029919108850950924,37.8532,142.1402,5.3
0.03721305555555556,5.51,0.6935416353759934,0.1455447465508243,37.8632,141.765,5.0
0.008976944444444444,5.529999999999999,0.679950978625181,0.06431699685153056,37.8641,141.7954,5.2
0.04437111111111111,5.529999999999999,0.679950978625181,0.08268757594000159,37.7798,141.9317,5.2
1.0556055555555555,5.540000000000001,0.6785605679999779,0.029065345087167058,37.8061,141.8531,5.5
7.3881322222222225,5.6,0.6815016100087027,-0.29872536610766043,27.0219,54.5843,5.9
1.1711619444444445,5.55,0.7074995092263767,-0.4178858791139594,38.944,97.586,5.0
4.671277777777777,5.55,0.7074995092263767,1.354229550144717,25.7978,123.9564,5.1
6.4547469444444445,5.5200000000000005,0.692499498595893,-0.4278159218644843,26.8146,126.3749,5.7
2.128147222222222,5.3,0.30550504633039477,-0.4178858791139594,35.9998,77.9099,5.1
5.495590555555555,5.28,0.3119829055146071,-0.4178858791139594,-26.8978,-175.9506,5.1
3.2454155555555553,5.33,0.302030167735321,-0.4178858791139594,-11.455,-12.9752,5.5
4.449843888888889,5.33,0.302030167735321,-0.4178858791139594,-49.3443,121.2306,5.2
9.161551666666668,5.33,0.302030167735321,-0.20707107152031543,-3.5677,142.1721,5.2
2.381056111111111,5.29,0.3034981237357395,-0.2233563416311763,40.1122,141.977,5.1
1.5415391666666667,5.209999999999999,0.2183269719175077,-0.0016184870119548978,37.7666,141.7811,5.1
3.1083969444444444,5.3,0.29439202887760063,1.130604987402896,25.6706,123.998,5.9
0.5470616666666667,5.290000000000001,0.30349812373573953,-0.4178858791139594,25.0077,-45.5408,5.0
8.821680277777778,5.220000000000001,0.278088714861526,-0.25920379596057125,-1.8744,133.3083,5.0
1.2975466666666666,5.21,0.28460498941515683,-0.4178858791139594,24.954,-45.4851,5.0
4.253658888888889,5.22,0.2820559440174188,-0.4178858791139594,36.847,5.1868,5.2
5.170205555555556,5.18,0.26583202716502696,-0.4178858791139594,-27.358,-175.565,5.1
6.244136111111111,5.29,0.4433458644845564,-0.3086554088581853,-25.2976,-176.2998,6.3
3.148201111111111,5.27,0.45227818381562274,-0.4178858791139594,-25.3492,-176.2902,5.0
16.10146277777778,5.29,0.4483302354292013,-0.4178858791139594,10.9423,124.8614,5.3
1.52288,5.380000000000001,0.49396356140914366,-0.08026442559611226,-28.659,-177.3532,6.0
6.288315277777778,5.29,0.4701063709417296,-0.4178858791139594,-23.4445,-175.15,5.0
4.791539444444445,5.35,0.4672615256292107,-0.4178858791139594,-58.2546,-23.4895,5.6
0.2896477777777778,5.369999999999999,0.45472824607427054,-0.4178858791139594,61.5527,2.3926,5.2
10.494441944444445,5.38,0.44671641514003085,-0.1696348103508365,-57.7872,-25.2191,5.1
0.43708555555555556,5.36,0.45995168828428057,-0.4178858791139594,-56.776,-25.4104,5.0
24.105840555555556,5.5200000000000005,0.6124631508189851,-0.4178858791139594,10.7447,-43.382,6.7
0.5299463888888889,5.390000000000001,0.5646040894093691,-0.22991016984652274,22.0792,121.4593,5.0
0.5785438888888889,5.5600000000000005,0.6785605679999783,-0.2788652806066106,23.3839,121.6118,6.7
0.02961916666666667,5.619999999999999,0.6795423296438476,-0.3517517943954635,23.42,121.4901,5.9
0.4570502777777778,5.529999999999999,0.6832113712298603,-0.4001111025905198,23.4597,121.5099,5.1
0.233445,5.529999999999999,0.6832113712298603,-0.01979046524541548,-56.976,-25.3384,5.0
0.21613805555555554,5.470000000000001,0.7024560089033699,-0.2552317788603613,23.3464,121.6155,5.0
0.9541213888888889,5.5,0.6960204339273754,-0.2788652806066106,23.5048,121.542,5.5
0.9150716666666666,5.57,0.6864562784491314,-0.3384455371097601,23.4084,121.5099,5.8
5.4091466666666665,5.58,0.6779052703406022,-0.4178858791139594,-14.1366,-14.2107,5.1
8.269386944444445,5.43,0.5578729445153515,-0.1737061278785517,-0.7656,133.5126,5.2
1.7803130555555557,5.45,0.5441609239104896,-0.4178858791139594,-22.9295,172.4228,5.2
0.09004916666666667,5.29,0.3281259920619971,-0.4178858791139594,19.3607,122.3017,5.1
6.141315277777778,5.23,0.24966644414765699,-0.4178858791139594,26.8391,126.3884,5.3
1.4885566666666668,5.2299999999999995,0.24966644414765699,-0.4178858791139594,18.7993,-74.1065,5.1
1.113909722222222,5.2700000000000005,0.24060109910158667,-0.4178858791139594,-23.4763,-175.323,5.4
1.1578658333333334,5.37,0.3128720008068691,0.6247686096911568,-15.0687,167.4522,6.0
0.9409930555555555,5.33,0.3198958163736081,-0.4178858791139594,26.8022,126.3877,5.1
0.3753586111111111,5.25,0.28771127502720517,-0.4178858791139594,-23.6597,-175.3329,5.0
1.3741769444444445,5.26,0.28362729848243967,-0.3179896490436787,23.4504,121.501,5.2
17.3938525,5.27,0.28303906287138847,-0.4178858791139594,-33.7217,-178.7567,5.3
3.840061111111111,5.25,0.2953340857778263,-0.4178858791139594,52.2004,143.6664,5.0
3.0651227777777774,5.2700000000000005,0.2907843798341964,0.7275445521590896,-15.584,-71.6312,5.3
1.0076975,5.27,0.2907843798341964,0.47412986116569383,-6.2232,146.8765,5.3
1.1905066666666666,5.28,0.28596814119370123,-0.11571467821548621,37.5778,141.3624,5.2
0.011023888888888889,5.25,0.2877112750272051,0.18943553550814443,24.8602,124.6037,5.1
5.760926944444444,5.18,0.12292725943057554,-0.4178858791139594,-33.8715,-178.5531,5.3
7.441350555555556,5.24,0.20110804171998323,-0.4178858791139594,38.5365,97.2898,5.7
0.12745333333333334,5.24,0.20110804171998323,-0.4178858791139594,38.5795,97.3056,5.0
2.3564974999999997,5.220000000000001,0.21499353995463188,-0.4178858791139594,38.5665,97.2553,5.0
0.10405444444444445,5.19,0.2233582075700151,0.0555785592310686,-6.1158,147.5932,5.0
2.7277730555555557,5.19,0.2233582075700151,-0.173408226596036,-5.7821,151.4414,5.0
0.11458027777777777,5.17,0.22135943621178802,-0.4178858791139594,-49.9383,106.3721,5.1
16.107526944444444,5.15,0.21730674684008885,-0.4178858791139594,20.73,122.1407,5.1
1.758918888888889,5.17,0.23118054512533082,-0.4178858791139594,26.8169,126.5017,5.4
7.6109205555555555,5.159999999999999,0.23664319132398562,0.03303736218737701,42.3727,142.9779,5.0
1.5870091666666668,5.21,0.3107338983045733,-0.3898831585574791,-13.8073,66.1762,5.8
0.3602827777777778,5.15,0.259272486435068,-0.4178858791139594,44.1229,-129.4385,5.1
3.2639894444444444,5.23,0.32335051500740986,-0.32851549435923516,0.9038,-79.6109,5.8
1.415203888888889,5.249999999999999,0.3135814620371161,-0.168244604365763,0.8462,-79.6219,5.2
14.400046944444444,5.2700000000000005,0.30203016773531827,-0.30061207423026015,0.9583,-79.552,5.2
11.033688055555556,5.28,0.2936362072739407,-0.1696348103508365,-58.6997,-25.412,5.1
11.408868333333333,5.3100000000000005,0.2884826203122558,-0.4178858791139594,17.1736,-84.6312,5.4
3.625191666666667,5.32,0.2820559440174212,-0.06755397087544035,-30.1038,-177.8024,5.2
8.851605555555555,5.3,0.28284271247462384,-0.4178858791139594,-22.0552,170.084,5.2
9.249453611111113,5.3,0.28284271247462384,-0.4178858791139594,14.1022,119.2926,5.0
0.7647044444444445,5.27,0.23593784492249,-0.4178858791139594,15.2452,-104.3584,5.5
0.3932227777777778,5.3,0.23094010767585627,-0.4178858791139594,26.8519,126.4075,5.4
11.637142777777777,5.220000000000001,0.16865480854231796,-0.4178858791139594,-23.4476,-175.1353,5.0
0.7910211111111111,5.220000000000001,0.16865480854231796,-0.1696348103508365,-58.095,-25.4204,5.2
1.7036924999999998,5.2,0.1825741858350586,-0.07420709951829206,-6.0266,104.4366,5.0
8.272380277777778,5.220000000000001,0.18135294011647665,-0.2911785336172615,13.9532,-91.936,5.3
4.933134722222222,5.37,0.5638163609624084,-0.4178858791139594,-22.666,170.3659,6.9
2.336468888888889,5.35,0.5739725119240886,-0.2951505507174714,-28.7032,-71.4619,5.0
0.6228519444444444,5.340000000000001,0.5777350411544909,-0.4178858791139594,-22.482,170.2814,5.1
0.2877283333333333,5.35,0.572033410057687,-0.0004268818818919332,-11.1596,-77.9946,5.1
2.9166491666666667,5.37,0.5812821078348214,-0.4178858791139594,-22.4028,170.1737,5.7
2.6204797222222225,5.529999999999999,0.777531707106252,-0.4178858791139594,-22.586,170.3744,7.0
0.028493611111111112,5.56,0.7604092465391445,-0.03299742210361367,-18.1603,-173.8272,5.3
0.27376944444444445,5.6,0.7498147919468048,-0.4178858791139594,-22.4628,170.3834,5.6
0.12738805555555555,5.62,0.7345444544447693,-0.4178858791139594,-22.3661,170.1769,5.2
0.043596944444444445,5.65,0.7261006970264049,-0.4178858791139594,-22.3751,170.3502,5.6
1.1600516666666665,5.47,0.5926400443964513,-0.4178858791139594,-22.5452,170.1161,5.1
2.905817222222222,5.4799999999999995,0.5846176338238384,-0.4178858791139594,-22.6538,170.7397,5.1
5.119417777777778,5.470000000000001,0.5926400443964513,-0.06576656318034586,-58.0413,-25.2563,5.0
0.10593472222222222,5.49,0.5820461990063879,-0.4178858791139594,-22.6847,170.7293,5.3
0.015070833333333334,5.43,0.5888784066153068,-0.4178858791139594,-22.6247,170.8025,5.1
0.39443361111111114,5.26,0.20655911179773317,-0.4178858791139594,-22.2017,170.2686,5.3
2.4175825,5.2299999999999995,0.22135943621178927,0.6026246143574863,46.1482,150.9375,5.0
1.51951,5.3100000000000005,0.4228212125447121,-0.31858545160871027,-22.6577,170.8084,6.4
2.1507233333333335,5.299999999999999,0.42687494916219304,-0.4178858791139594,-22.6296,170.7582,5.1
1.3091744444444444,5.26,0.41419265512024417,-0.4178858791139594,-4.8078,139.4267,5.2
2.240347777777778,5.26,0.41419265512024417,-0.23269058181666974,30.6765,141.688,5.1
0.05336027777777778,5.25,0.4196559437338079,-0.4178858791139594,9.7245,126.7231,5.0
5.638480277777777,5.279999999999999,0.41041983924323977,-0.33328191487948716,-7.2524,106.0683,5.3
1.232783611111111,5.25,0.4196559437338079,-0.4178858791139594,-60.6626,-25.1929,5.0
2.9982647222222223,5.25,0.4196559437338079,0.5508890916272514,-31.4148,-67.9928,5.1
1.6207377777777778,5.2700000000000005,0.4270050741306659,-0.3583056226108099,-22.6,170.2659,5.5
1.5556433333333333,5.33,0.427005074130667,-0.4178858791139594,-56.9443,-142.3429,5.6
13.607571388888887,5.249999999999999,0.23687784005920193,-0.2945547481524399,-22.8857,170.517,5.6
6.514318888888889,5.29,0.24244128727958061,-0.36466084997114584,-22.6591,170.5385,5.5
7.984040555555555,5.33,0.2584139659108632,-0.4278159218644843,-22.688,170.5432,5.6
3.337386388888889,5.34,0.2503331114069207,-0.4178858791139594,-16.9547,-174.396,5.2
2.7926772222222223,5.35,0.23687784005920517,-0.11988529617070669,5.421,126.8353,5.1
4.396655,5.33,0.24966644414765946,0.6410538798020177,-31.4759,-67.0754,5.1
3.7274805555555557,5.33,0.24966644414765946,-0.4178858791139594,26.7944,126.4482,5.0
1.4108538888888889,5.38,0.2485513584307707,-0.347978378150264,9.2559,126.6946,5.6
0.9527305555555555,5.369999999999999,0.24517567397911777,-0.4178858791139594,9.2618,126.6961,5.4
4.126443888888889,5.35,0.2321398046197424,-0.3384455371097601,9.1938,126.632,5.4
3.246966111111111,5.3,0.22607766610418156,-0.4178858791139594,-22.8769,170.1053,5.1
1.0949933333333333,5.25,0.23213980461973976,-0.4178858791139594,-41.1106,-90.2646,5.0
0.9485969444444444,5.2,0.20000000000000376,-0.4178858791139594,-57.4739,-25.3688,5.1
6.497886944444445,5.18,0.2097617696340333,-0.4178858791139594,10.6074,140.7858,5.0
7.201602777777778,5.21,0.21832697191750794,-0.18125296036895067,37.3748,141.6836,5.4
3.741875277777778,5.24,0.22211108331944024,-0.24341502798723663,47.6461,154.1382,5.4
1.8897038888888888,5.340000000000001,0.3098386676965983,-0.20935498135293618,-17.4723,167.8625,6.0
9.61962138888889,5.37,0.3497618237219962,-0.15970476760031158,1.9361,126.8713,5.9
18.672080833333332,5.340000000000001,0.35962943891363575,-0.14083768637431426,-25.5675,-176.5609,5.1
1.040975,5.369999999999999,0.3772709017845622,-0.06646166617288261,-57.9973,-25.4741,5.7
5.754691666666666,5.36,0.38643671323172263,-0.4178858791139594,26.6962,126.4189,5.0
2.2921566666666666,5.41,0.36651512019743077,-0.4178858791139594,7.423,94.3078,5.5
9.970215277777779,5.45,0.35039660069381656,-0.3933586735201629,-26.9954,-176.3672,5.5
12.046027222222222,5.46,0.3373096170846334,0.3447414041263541,-13.3209,-75.2539,5.1
6.718743611111111,5.430000000000001,0.35605867181938117,-0.4178858791139594,8.9684,-40.486,5.1
13.372476944444445,5.46,0.3657564459825446,-0.4178858791139594,21.7031,121.0439,5.7
12.933447777777777,5.359999999999999,0.33730961708463203,0.057862469063689304,-3.2917,138.9904,5.0
2.0505377777777776,5.27,0.29458068127048015,-0.4178858791139594,-54.4501,-118.8743,5.0
4.738842777777777,5.29,0.28848262031225524,-0.35840492303831517,21.7038,120.9994,5.3
18.71180361111111,5.25,0.2505549396395528,-0.4178858791139594,38.1155,38.6617,5.3
1.781618888888889,5.33,0.28693785622210294,-0.4178858791139594,-36.6237,78.8408,5.8
0.6686183333333333,5.35,0.3064129385141756,-0.29872536610766043,51.1489,178.7349,5.7
3.0987572222222224,5.3100000000000005,0.31073389830457554,-0.4178858791139594,-22.8616,171.6343,5.1
1.2907166666666667,5.43,0.42959929650263545,-0.348375579860285,-16.3146,166.8601,6.3
0.4926936111111111,5.45,0.4169998667732315,-0.11879299146814895,-3.1605,139.8304,5.3
1.1843941666666669,5.41,0.4094712037087226,-0.4178858791139594,31.6624,-40.8415,5.3
0.6067674999999999,5.41,0.4094712037087226,-0.4178858791139594,31.5948,-40.9254,5.0
2.378654444444445,5.45,0.38369548110738305,-0.4555207411384488,7.3666,94.4408,5.4
1.5281097222222222,5.42,0.40770359603788864,-0.4177865786864542,-11.7384,-75.1421,5.0
6.653000555555556,5.39,0.4280446497997909,-0.2545366758678245,36.1963,141.499,5.0
1.0027641666666667,5.32,0.41041983924324044,-0.4178858791139594,7.2942,94.4884,5.1
0.5442038888888889,5.26,0.3921450978627429,-0.4178858791139594,-48.8397,123.8134,5.1
2.306547222222222,5.27,0.3888730155490667,-0.43446905050733603,7.3212,94.4315,5.2
0.7174061111111111,5.15,0.14337208778404906,-0.4178858791139594,7.3744,94.48,5.1
9.397458055555557,5.15,0.14337208778404906,-0.4178858791139594,31.0381,-41.3908,5.3
14.102173055555555,5.15,0.14337208778404906,-0.4178858791139594,21.6724,121.0639,5.3
5.467292222222222,5.15,0.14337208778404906,-0.4178858791139594,21.685,121.0944,5.0
0.0012527777777777778,5.16,0.16465452046971776,-0.4178858791139594,-16.7729,-177.1805,5.5
3.2054508333333334,5.17,0.15670212364724753,0.7637892081985056,-24.7829,-177.2615,5.1
13.282364166666666,5.17,0.15670212364724753,0.5929924728894771,-55.8582,-28.1365,5.0
8.856591388888889,5.159999999999999,0.16465452046971776,-0.4178858791139594,-20.0674,14.953,5.0
4.771310277777778,5.209999999999999,0.21317702607093125,-0.43774596461500925,26.8566,126.4128,5.6
1.157701111111111,5.2299999999999995,0.22135943621179172,-0.348375579860285,-13.7488,166.7471,5.4
0.4821580555555556,5.33,0.3465704994818723,0.962390063209004,-4.4297,152.0242,6.1
8.21849138888889,5.340000000000001,0.34705106892854815,-0.4178858791139594,-35.8531,-102.115,5.4
7.982903611111111,5.34,0.34705106892854815,-0.4178858791139594,-27.7678,63.9486,5.3
11.842497222222221,5.39,0.3281259920619985,-0.43774596461500925,-25.2026,-175.3693,5.5
2.3943966666666667,5.34,0.3470510689285483,-0.4178858791139594,-55.4201,-1.8131,5.0
1.591826111111111,5.33,0.3560586718193804,-0.4178858791139594,-22.4022,170.6734,5.0
14.392324722222222,5.34,0.3470510689285483,-0.36783846365131384,38.5167,97.3084,5.1
5.464570833333334,5.37,0.3267686915507384,-0.4178858791139594,-5.8717,151.6651,5.3
7.475996666666666,5.34,0.316929715306798,-0.4178858791139594,-17.5429,168.667,5.3
2.346769166666667,5.3,0.3333333333333381,0.16192931708919048,-22.7782,-69.9475,5.0
0.030523333333333333,5.2,0.1825741858350615,0.096788236645747,-55.939,-27.7965,5.1
6.139068333333333,5.159999999999999,0.17763883459299484,0.09251831826302127,12.6827,-88.1598,5.0
18.281214166666665,5.13,0.17669811040931863,-0.4067642312333715,-33.9914,-72.3654,5.0
4.784276388888889,5.109999999999999,0.1370320319406346,-0.4178858791139594,-22.4404,170.6689,5.3
4.219925833333334,5.109999999999999,0.1370320319406346,-0.4178858791139594,-29.0843,-176.4371,5.0
0.01582,5.109999999999999,0.1370320319406346,-0.4178858791139594,-28.8827,-176.5101,5.0
0.0112325,5.1,0.14142135623731383,-0.4178858791139594,-28.9657,-176.7537,5.0
3.6174283333333332,5.11,0.1595131481867429,-0.33357981616200294,-1.3714,136.9275,5.4
1.9516577777777777,5.19,0.3510302297840234,1.4291020724836752,-15.7044,167.8457,6.1
2.292981388888889,5.2,0.3464101615137785,-0.036969439203823624,-9.9577,117.9017,5.1
17.013649722222222,5.1899999999999995,0.3510302297840234,-0.3238483742664885,1.8361,127.7496,5.0
8.560703888888888,5.220000000000001,0.3457680661304017,-0.4178858791139594,21.6409,121.1047,5.3
10.292982777777777,5.220000000000001,0.3457680661304017,-0.4178858791139594,-8.8714,157.8972,5.0
1.3298211111111111,5.220000000000001,0.3457680661304017,0.42368524399302726,36.9242,140.3142,5.3
0.2929361111111111,5.2700000000000005,0.3465704994818714,-0.402990814988172,-11.267,162.8021,5.5
0.7885747222222222,5.3,0.3333333333333378,-0.04521137468675929,-10.9376,166.0064,5.3
1.0370786111111112,5.41,0.3984692933938345,-0.32851549435923516,7.2852,126.9533,6.1
3.023954722222222,5.39,0.4040077006966897,-0.4178858791139594,7.0845,127.0372,5.2
0.15281722222222224,5.369999999999999,0.3683295625749722,-0.3384455371097601,-21.501,-173.8111,5.9
2.557475,5.4,0.3559026084010493,-0.4178858791139594,-61.6873,154.5792,5.4
5.616036111111111,5.4,0.3559026084010493,-0.34291405634749633,17.8597,-101.864,5.0
5.131261388888889,5.369999999999999,0.3772709017845625,0.14256573372566686,6.4097,127.0596,5.0
3.4664599999999997,5.38,0.36757463338907775,-0.4210634927941274,3.6598,126.6402,5.1
1.4110422222222223,5.36,0.3777124126457459,-0.4178858791139594,38.9236,70.5883,5.1
6.474405833333334,5.4,0.4136557881997001,-0.4178858791139594,-22.8364,170.8458,5.9
2.8571619444444445,5.380000000000001,0.4237399621885566,-0.4178858791139594,-35.4899,53.4736,5.1
1.0521819444444445,5.3,0.33993463423952325,-0.042828164426633286,6.3986,127.0528,5.3
0.24780000000000002,5.29,0.3446415206816796,-0.4178858791139594,-60.3549,-46.6637,5.1
1.717565,5.25,0.2838231060987772,-0.4178858791139594,-60.2854,-46.6583,5.5
0.2247586111111111,5.279999999999999,0.3155242550986503,0.4984584659044799,-22.928,-68.2444,5.7
3.9575572222222224,5.29,0.3071373199943896,-0.4178858791139594,-19.3953,-172.9871,5.1
3.9573655555555556,5.37,0.32676869155073834,-0.4178858791139594,-61.1837,153.8899,5.8
2.728813055555556,5.46,0.3657564459825456,-0.32851549435923516,6.9686,126.9241,6.0
0.08433833333333333,5.47,0.3560586718193827,-0.09952870853213057,4.0869,126.6063,5.2
8.166583333333334,5.43,0.3233505150074143,-0.4178858791139594,-42.9535,-15.9587,5.5
0.12227527777777777,5.47,0.3020301677353229,-0.4178858791139594,-42.8557,-16.0022,5.5
1.3777724999999998,5.6,0.4594682917363482,-0.24907515235503583,11.5537,-86.9604,6.6
4.9359125,5.59,0.472463990397394,-0.31153512125583754,46.085,152.871,5.0
7.895312777777778,5.55,0.4972144630058826,-0.4178858791139594,83.0129,-27.9353,5.1
8.915591666666668,5.499999999999999,0.5055250296034418,1.5923519753023048,56.2588,-161.6009,5.2
0.7968466666666667,5.5200000000000005,0.49170903772229285,-0.15037052741481818,-30.0613,-177.8211,5.3
14.873505277777777,5.51,0.486369772452566,-0.4178858791139594,43.0742,18.1803,5.7
21.242562222222222,5.4399999999999995,0.4575295983139643,-0.4178858791139594,8.0963,147.5371,5.3
3.007335555555555,5.45,0.45276925690687564,-0.4178858791139594,50.4725,-129.6895,5.3
0.7159358333333333,5.42,0.45898438608156433,-0.4178858791139594,11.2962,-87.0699,5.2
0.0729925,5.41,0.4581363212941019,-0.4178858791139594,11.4804,-86.981,5.4
0.019741111111111112,5.2700000000000005,0.1888562063228747,-0.4178858791139594,11.3342,-87.0789,5.2
1.7189466666666666,5.279999999999999,0.17511900715418754,0.069679219936814,-5.2733,145.538,5.1
1.676688611111111,5.33,0.1888562063228772,-0.1696348103508365,46.0624,152.8465,5.6
6.686014722222222,5.33,0.1888562063228772,-0.15533554879008066,41.7585,143.7955,5.2
2.126154722222222,5.33,0.1888562063228772,-0.4178858791139594,23.4521,123.2332,5.3
4.355270833333334,5.26,0.16465452046971704,0.3732406268203607,-35.2297,-71.2986,5.0
9.090541111111111,5.24,0.17126976771553815,0.0602456793238153,-3.7975,140.3996,5.1
5.7550422222222215,5.2299999999999995,0.17029386365926666,-0.4178858791139594,46.0565,152.7757,5.2
10.927019999999999,5.25,0.1779513042005252,-0.3960397850628046,54.3627,-156.075,5.4
24.53173472222222,5.220000000000001,0.17511900715418482,0.22697109710512864,-58.0796,-25.3492,5.1
2.0827255555555557,5.22,0.17511900715418482,0.7248634406164479,-4.0434,142.6934,5.2
0.9196680555555555,5.21,0.18529256146249898,-0.1696348103508365,-26.7771,-176.5411,5.0
5.398369722222222,5.15,0.1354006400772654,0.2314396163428649,-33.0256,-179.455,5.0
7.993237499999999,5.17,0.15670212364724254,-0.4178858791139594,-60.2183,-24.8702,5.4
13.70648277777778,5.180000000000001,0.16865480854231438,-0.4178858791139594,-19.2727,167.5566,5.4
4.405083055555556,5.220000000000001,0.16865480854231588,0.002154929233244525,56.3385,-156.4799,5.4
8.146096111111111,5.21,0.17919573407620998,0.06382049471400426,9.9835,126.1778,5.0
1.645913611111111,5.300000000000001,0.33333333333333587,-0.4178858791139594,-3.9148,146.6901,6.1
19.204314166666666,5.319999999999999,0.3457680661304012,-0.4178858791139594,-4.4742,-104.9646,5.6
18.856190555555553,5.31,0.35418137224372237,0.07285683361698198,-58.9696,-25.7161,5.0
33.427682777777775,5.34,0.3565264521898947,-0.1696348103508365,-7.0256,155.6883,5.5
2.4190266666666664,5.34,0.3565264521898947,0.38456087555595914,22.6784,94.2561,5.0
4.911609722222222,5.35,0.34721111093333096,-0.4178858791139594,-20.0319,-173.9312,5.1
1.7912269444444446,5.36,0.3502380143083687,0.019036001909136912,23.6503,142.7068,5.5
5.277512222222223,5.35,0.3503966006938139,-0.4178858791139594,31.3688,138.7451,5.3
2.795441388888889,5.369999999999999,0.359165699921363,-0.4178858791139594,-57.0699,-25.1521,5.6
0.140505,5.38,0.34896672875473456,-0.4178858791139594,-57.0387,-25.1709,5.1
0.9600252777777778,5.279999999999999,0.248551358430766,-0.23904580917700566,31.6372,131.7001,5.1
5.4365733333333335,5.26,0.22705848487902103,1.68023285364445,-30.0075,-178.6212,5.4
3.8912894444444444,5.3,0.21081851067789603,4.558555045311603,-23.6781,-179.9295,5.4
29.24262472222222,5.25,0.2173067468400904,-0.4178858791139594,-19.322,-173.3229,5.0
7.675908333333333,5.2700000000000005,0.20027758514400043,-0.4178858791139594,-63.0658,-162.1729,5.2
0.9493736111111111,5.26,0.21186998109427854,0.11644972129178636,-7.1926,155.1742,5.0
5.660045833333333,5.2299999999999995,0.1946506842754206,-0.31441483365348977,-32.2228,-71.8275,5.2
0.8125808333333334,5.21,0.19692073983655986,-0.4325823423847363,-32.223,-72.0297,5.1
7.462765,5.16,0.14298407059684695,-0.40457962182825596,6.5927,127.0537,5.1
1.4166963888888888,5.21,0.19692073983655986,-0.3203728593038047,6.4879,127.0565,5.6
2.410209722222222,5.2,0.20548046676563295,0.5591310271101871,37.4966,71.7198,5.0
8.259104722222222,5.26,0.3238655413730981,-0.3384455371097601,6.5295,127.1315,6.0
1.3465966666666667,5.220000000000001,0.3293090409394265,0.1295573777224792,36.1599,139.7938,5.0
0.9243413888888888,5.2299999999999995,0.3233505150074082,0.009801062151148742,6.5556,126.9838,5.1
3.473088888888889,5.2299999999999995,0.3233505150074082,1.4194699310156658,-5.4647,147.2531,5.2
5.333750833333333,5.26,0.31340424729448585,1.2968339030466833,18.7428,145.6617,5.3
0.47905444444444445,5.26,0.31340424729448585,-0.4178858791139594,6.5441,127.0545,5.2
0.3520986111111111,5.3100000000000005,0.32472210341220403,-0.3384455371097601,-17.3758,167.6793,5.6
0.8275311111111111,5.3100000000000005,0.32472210341220403,-0.231201075404091,-33.0949,-73.0122,5.1
2.949012777777778,5.279999999999999,0.3084008934992121,-0.2504653583401093,6.5821,126.9217,5.3
0.7609597222222222,5.29,0.29981475762358717,-0.4178858791139594,28.4676,64.35,5.1
5.5543875,5.2,0.16996731711976013,-0.4178858791139594,26.9552,66.2726,5.1
2.3340538888888887,5.2,0.16996731711976013,0.06938131865429824,-14.9922,166.9158,5.0
4.662871944444444,5.23,0.1766981104093161,-0.4178858791139594,26.8334,126.5084,5.4
3.688691388888889,5.25,0.18408935028645687,4.518536973026987,-25.1682,179.6145,5.4
18.858259166666663,5.2700000000000005,0.20027758514400043,-0.4178858791139594,26.7906,126.4642,5.5
4.527056944444444,5.2700000000000005,0.20027758514400043,0.35735255841952074,-10.158,161.2237,5.2
0.5444558333333334,5.27,0.20027758514400043,1.8003863709258017,18.7961,145.5103,5.6
1.2537327777777778,5.27,0.20027758514400043,-0.4178858791139594,54.1305,163.2361,5.1
6.203633888888889,5.24,0.21705094128133123,-0.33357981616200294,8.7136,-83.1561,5.0
1.7840808333333333,5.24,0.21705094128133123,-0.4178858791139594,3.7289,126.9366,5.1
0.10269472222222223,5.2299999999999995,0.22632326929024071,-0.4178858791139594,3.8111,126.9625,5.0
0.16851416666666666,5.25,0.21213203435596645,-0.4178858791139594,3.6971,126.9085,5.2
9.807827777777778,5.209999999999999,0.21832697191750483,-0.3301043011993191,3.6504,126.9739,5.0
1.2585086111111112,5.220000000000001,0.2299758441421388,-0.26893523785608564,18.9755,-64.3585,5.5
4.314954444444444,5.17,0.2162817093001103,-0.4178858791139594,-22.9163,170.074,5.0
3.3692188888888888,5.159999999999999,0.2170509412813282,-0.4178858791139594,70.5011,-14.8532,5.1
0.6273027777777778,5.16,0.2170509412813282,-0.12713422737858984,1.8437,127.2017,5.6
1.6932072222222223,5.1899999999999995,0.228278582243519,-0.4178858791139594,70.4322,-15.1917,5.4
6.829668611111111,5.3100000000000005,0.38137179293236445,-0.3086554088581853,24.0406,122.4888,6.2
1.3805891666666668,5.3,0.3887301263230222,-0.2700275425586434,23.9823,122.5575,5.0
0.7875688888888889,5.33,0.3743141876967973,2.749400556593468,34.534,136.895,5.3
7.697191388888888,5.38,0.38815804341359395,-0.4178858791139594,-35.7328,-103.5458,5.7
6.302652222222222,5.51,0.4581363212941029,-0.4178858791139594,-3.3591,146.3506,6.3
1.4897544444444444,5.49,0.46296148147911576,-0.4178858791139594,-3.4609,146.0804,5.3
1.5705247222222223,5.51,0.4433458644845581,-0.4178858791139594,-33.1654,-179.1219,5.2
1.205792777777778,5.5200000000000005,0.43410188256266424,-0.4178858791139594,-56.3542,-45.3729,5.2
0.8507902777777777,5.470000000000001,0.4522781838156242,-0.1696348103508365,-59.6585,-26.3215,5.1
0.05412722222222222,5.430000000000001,0.47621190427978716,2.9321133432031266,-5.8751,128.29,5.0
4.978971111111111,5.35,0.3922867431979968,5.130029005604312,-27.1007,-63.3928,5.4
4.601339444444444,5.43,0.3945461527713457,-0.37816570811185973,-17.2457,167.632,5.8
9.805781944444446,5.58,0.5808040403899913,1.6674230984962732,-23.496,-66.6519,6.8
0.2051311111111111,5.55,0.5816642788871759,-0.10538743375494031,-55.4173,-28.1297,5.4
14.832461666666667,5.42,0.5391351098441559,0.9076755276536118,-6.4811,130.1454,5.0
0.19071638888888887,5.409999999999999,0.5425249610233032,0.709372573925629,-15.2228,167.4988,5.2
1.0170466666666667,5.4,0.5477225575051691,0.09390852424809477,-21.6971,-70.2299,5.1
0.9815647222222221,5.38,0.5593647190240835,-0.31332252895093204,3.746,126.6456,5.0
1.388245,5.38,0.5593647190240835,0.025490529696978095,-30.4163,-178.0726,5.1
4.691619722222222,5.39,0.5526702854726745,-0.4178858791139594,-6.9066,155.1886,5.1
8.954160555555555,5.359999999999999,0.560158707669336,0.7614059979383796,-0.0355,123.3797,5.1
3.092467222222222,5.3100000000000005,0.5384133067531773,-0.21660391256081937,38.0642,66.9903,5.3
10.92917361111111,5.13,0.13374935098492519,0.1697740508621052,4.014,-76.4472,5.0
0.5385922222222222,5.13,0.13374935098492519,0.006424847615970237,-12.3781,-76.8699,5.4
5.45667888888889,5.18,0.168654808542315,-0.4178858791139594,-56.3268,-27.6218,5.5
23.03585111111111,5.17,0.17029386365926508,0.3819790644408226,-3.0804,139.7286,5.1
9.959672222222222,5.18,0.168654808542315,-0.4178858791139594,-28.6691,-176.6664,5.2
10.093808333333333,5.2,0.15634719199411662,-0.1696348103508365,43.8297,147.7402,5.2
12.688617222222222,5.24,0.17763883459299304,-0.29872536610766043,11.921,142.2807,5.5
18.26695611111111,5.27,0.17669811040931854,0.4141524029525234,50.6505,156.1912,5.4
13.541867499999999,5.34,0.23190036174568593,-0.2887953233571355,-5.2399,102.0088,5.8
6.765934722222223,5.36,0.23664319132398973,-0.4178858791139594,-56.4633,177.7725,5.5
2.199437777777778,5.36,0.23664319132398973,-0.4178858791139594,-5.6189,-11.5449,5.0
2.1425127777777777,5.37,0.24060109910158636,-0.4178858791139594,33.3852,141.6529,5.5
1.2515705555555556,5.34,0.241292814278056,-0.4178858791139594,33.2921,141.4124,5.2
1.3726025,5.35,0.23213980461974026,-0.4178858791139594,19.1785,121.1152,5.2
4.592138055555556,5.38,0.2299758441421434,-0.3880957508623847,33.3872,141.5114,5.5
7.990572777777778,5.380000000000001,0.2299758441421434,-0.2684387357185594,41.0061,143.0857,5.2
0.15053833333333333,5.33,0.2540778533354643,-0.4178858791139594,-8.4841,128.2283,5.0
5.989935833333333,5.3100000000000005,0.25582111805800245,-0.4178858791139594,11.8473,143.3295,5.2
0.44477722222222227,5.29,0.21832697191750844,-0.3880957508623847,33.3301,141.4573,5.6
0.6171755555555555,5.24,0.22211108331943907,-0.4178858791139594,11.9267,143.2928,5.0
1.974415,5.3100000000000005,0.24698178070457344,-0.3384455371097601,51.1004,178.7167,5.7
13.931833888888889,5.3,0.24037008503093665,-0.20309905442010548,-58.7576,-25.3496,5.4
3.4825516666666667,5.28,0.25733678754158734,-0.3063714990255646,23.5366,123.7427,5.0
1.9605566666666667,5.279999999999999,0.25733678754158734,-0.4178858791139594,-55.1041,-126.9502,5.2
0.017738055555555556,5.3,0.2828427124746225,-0.4178858791139594,-54.8744,-126.8188,5.7
0.5568152777777778,5.29,0.2884826203122541,-0.1696348103508365,-58.796,-25.3186,5.1
1.0708163888888889,5.319999999999999,0.26997942308422507,-0.1696348103508365,-57.0856,-25.4232,5.3
5.912579166666666,5.380000000000001,0.304776785351003,0.6942789089448312,-16.193,-173.9203,5.8
0.7840416666666667,5.38,0.304776785351003,-0.4178858791139594,-54.019,159.1177,5.6
0.043286111111111115,5.57,0.5417051268397303,-0.4178858791139594,-54.132,159.0545,6.9
5.262081388888888,5.52,0.551361950083612,-0.33258681188695033,1.7136,126.4084,5.2
17.64218027777778,5.55,0.5522680508593664,-0.3221602669988992,-29.5345,-72.0046,5.7
3.467391388888889,5.6,0.5185449728701388,-0.4178858791139594,35.5176,-3.4789,5.5
18.425734722222224,5.659999999999999,0.5015531433014452,-0.4178858791139594,84.2375,0.585,5.8
0.6984750000000001,5.61,0.5216427044549893,-0.4178858791139594,84.2607,-0.1333,5.2
14.125365555555556,5.71,0.5087020520675953,0.7637892081985056,14.0187,120.6494,6.1
5.5566386111111115,5.720000000000001,0.5006662228138337,-0.4146089650062862,36.8145,141.3127,5.4
3.70459,5.77,0.5334374898294649,5.4784742057202305,-26.2125,178.4501,6.3
0.05767611111111111,5.71,0.5858517066820125,5.520378986127446,-26.4172,178.5374,5.0
0.5291119444444444,5.529999999999999,0.4372896319628738,5.434782017617921,-26.3044,178.4565,5.1
7.597338888888888,5.61,0.44334586448455726,-0.3980257936129096,33.2279,141.4121,6.0
1.6640402777777779,5.54,0.48120219820316595,-0.4178858791139594,33.3529,141.4634,5.0
9.06223861111111,5.54,0.48120219820316595,-0.17956485310136142,41.2357,143.0991,5.5
5.594633888888889,5.49,0.4771442828607191,-0.4178858791139594,28.9568,59.9333,5.3
4.354343611111111,5.52,0.466190232987926,-0.2887953233571355,-58.0348,-25.2664,5.5
1.1544630555555555,5.409999999999999,0.44334586448455615,-0.4178858791139594,-15.7513,-174.9933,5.0
1.2666197222222222,5.39,0.448330235429201,0.6710426089086029,-5.1051,151.2682,5.2
4.365906944444444,5.2700000000000005,0.31989581637360515,0.2988646066189291,14.1036,145.929,5.1
0.689055,5.33,0.3198958163736058,-0.4178858791139594,-17.0791,167.4955,5.6
3.1138494444444444,5.34,0.3134042472944881,-0.4178858791139594,-55.4811,-29.5956,5.2
0.3407652777777778,5.279999999999999,0.21499353995463247,-0.4178858791139594,1.1034,-85.2888,5.4
5.109730555555555,5.279999999999999,0.21499353995463247,-0.4178858791139594,84.198,-0.7678,5.0
8.958810555555555,5.279999999999999,0.21499353995463247,1.0319003624626784,-17.6213,-69.5902,5.5
5.5033497222222225,5.25,0.23213980461973888,4.50384050975621,-20.4831,-177.6866,5.0
20.61742,5.220000000000001,0.2149935399546311,-0.4178858791139594,-4.4093,93.1737,5.2
3.890254166666667,5.220000000000001,0.2149935399546311,-0.04650228024432755,11.5714,-86.9049,5.0
2.739447222222222,5.25,0.23213980461973888,-0.17956485310136142,16.1693,-95.9576,5.5
1.9670719444444444,5.24,0.24129281427805463,-0.4178858791139594,-17.9948,-174.3264,5.0
12.355161944444443,5.4,0.6649979114420024,1.826303782504672,-14.9076,-70.2924,7.2
0.19943416666666666,5.41,0.6624030327359477,-0.4178858791139594,-34.4852,-73.9978,5.3
3.394301944444444,5.53,0.7616502551113045,-0.36823566536133484,-22.8282,172.1298,6.6
2.5350597222222224,5.65,0.7633988327065894,-0.4178858791139594,-49.7722,-114.9698,6.2
1.8697608333333333,5.61,0.78237530067808,-0.4178858791139594,-40.2567,-91.7033,5.1
5.087851111111111,5.66,0.7545418035691189,-0.09019446834663716,-14.276,-75.6205,5.5
1.4759383333333334,5.76,0.7530677998102943,-0.03061421184348767,-8.2572,127.2079,6.2
7.1306772222222214,5.779999999999999,0.7330302403948555,-0.4178858791139594,-7.905,156.4251,5.2
1.275673611111111,5.74,0.7604092465391439,-0.4178858791139594,-59.6552,-24.1168,5.1
7.370487777777778,5.779999999999999,0.7269418439218167,-0.4178858791139594,8.4234,-102.9821,5.4
19.80851,5.619999999999999,0.5287301349039613,1.6177728847436486,-12.2477,167.0674,5.6
0.13107027777777777,5.64,0.5189733454941005,-0.4178858791139594,23.3808,-45.0581,5.5
1.2225522222222223,5.54,0.3949683531626364,-0.4178858791139594,-20.1469,-173.163,5.6
15.382694722222222,5.430000000000001,0.34009802508493164,-0.08701685466646919,36.2785,140.9733,5.1
0.8267933333333334,5.45,0.3240370349203996,-0.4178858791139594,-22.2419,173.3375,5.3
41.118296388888886,5.4,0.35276684147528403,-0.4178858791139594,-3.6685,131.3329,5.0
6.301011388888889,5.3,0.2160246899469347,0.08904280330033755,-5.84,104.3485,5.2
7.525290277777778,5.28,0.2347575581554585,-0.04223236186160184,51.3845,-178.3262,5.0
9.893463055555555,5.279999999999999,0.2347575581554585,0.07732535285471814,-5.9939,148.4629,5.1
8.41427,5.32,0.28596814119370106,-0.3980257936129096,30.3951,102.9582,5.8
0.049911388888888894,5.29,0.26853512081497566,-0.4178858791139594,30.3896,102.8724,5.3
7.668761388888889,5.26,0.25905812303634335,-0.25900519510556075,17.4476,94.2503,5.2
6.2078175,5.2,0.24037008503093554,-0.4375473637599988,-1.1333,127.1976,5.0
4.181973055555555,5.209999999999999,0.23781411975649608,-0.4178858791139594,6.0471,127.5479,5.2
6.139205555555556,5.18,0.24404006956964405,-0.4178858791139594,-55.344,-32.4656,5.0
3.025367222222222,5.2299999999999995,0.25407785333546357,-0.4178858791139594,-55.9982,-144.0316,5.5
6.633258888888889,5.26,0.26749870196985576,-0.13229784960886284,9.0182,126.5097,5.5
0.4236025,5.26,0.26749870196985576,0.0846735844901066,-0.4093,124.2737,5.0
0.5001269444444445,5.25,0.27588242262078444,-0.4178858791139594,21.395,-45.7958,5.0
3.6018552777777777,5.1899999999999995,0.19692073983656241,-0.13180134747133654,52.3321,-170.0028,5.2
6.6527361111111105,5.2,0.20548046676563614,4.568981590199654,-23.9749,-179.8794,5.4
0.3286094444444444,5.2,0.20548046676563614,-0.4178858791139594,-2.0507,-81.0444,5.2
0.6442219444444445,5.26,0.22705848487902375,-0.4178858791139594,26.7819,126.4199,5.6
7.849768611111111,5.2700000000000005,0.2263232692902448,0.46231311029256916,-23.1559,-68.2647,5.3
12.081682222222222,5.33,0.2263232692902467,-0.084742874876599,-58.7733,-25.5884,5.6
10.132636666666667,5.41,0.38137179293236806,1.8362338252551968,-17.9601,-174.9679,6.3
0.17285277777777777,5.5,0.4944132324730503,-0.4178858791139594,-57.7238,148.6769,6.4
10.339979722222223,5.630000000000001,0.5186520991956054,0.5254681821859076,52.0536,178.2682,6.3
0.34941222222222224,5.640000000000001,0.5059644256269489,-0.45154872403823887,51.6137,-131.4027,5.1
9.210019722222222,5.62,0.5287301349039636,0.21009002442923624,8.9674,93.6949,5.0
14.487897777777778,5.58,0.5613475849338967,-0.4178858791139594,-25.1083,-175.1773,5.0
8.802046111111112,5.58,0.5613475849338967,-0.2813477912942418,-2.803,139.2418,5.2
10.21761,5.55,0.5681353516353163,-0.4178858791139594,-29.0336,-176.7813,5.3
2.2954225000000004,5.5600000000000005,0.5641118880348375,-0.4178858791139594,43.6918,-28.9617,5.4
0.3980627777777778,5.529999999999999,0.5696977756280622,-0.4178858791139594,43.6196,-28.9219,5.3
4.567738611111111,5.41,0.5130518708885355,1.6265907627061145,25.6667,123.4858,5.1
11.438971111111112,5.33,0.3888730155490671,0.7913947270449649,0.1487,123.6638,5.6
7.219927500000001,5.209999999999999,0.19119507199600172,-0.0354799327912449,6.6463,127.0252,5.1
4.305851111111111,5.35,0.44534630719624974,5.666549215415173,-9.0472,-71.1783,6.5
0.0370175,5.390000000000001,0.42804464979979134,0.8308169967645488,18.3994,146.0531,5.4
4.577190833333333,5.470000000000001,0.4217687623436497,-0.2830358985618311,-2.7693,118.5386,5.8
6.861501388888889,5.470000000000001,0.4217687623436497,-0.4178858791139594,52.0452,105.68,5.2
8.489727777777778,5.46,0.427395211328662,-0.2900862289147037,-30.2032,-177.7589,5.2
19.162269444444444,5.4799999999999995,0.42895221179055054,-0.4164956731288859,32.3152,101.8363,5.6
1.4192441666666669,5.54,0.4427188724235802,-0.44767600736553415,32.3726,101.8721,5.9
8.196000833333333,5.529999999999999,0.45472824607427226,-0.04898479093195878,34.8354,33.8695,5.0
21.450020833333333,5.529999999999999,0.45472824607427226,-0.4178858791139594,-35.0476,-179.621,5.6
5.655122777777778,5.5200000000000005,0.4661902329879287,-0.4178858791139594,-23.3334,168.458,5.0
1.8139008333333333,5.390000000000001,0.32128215360057927,-0.4178858791139594,-7.9179,-13.6729,5.2
0.9067516666666666,5.409999999999999,0.32812599206199883,-0.4178858791139594,-7.9871,-13.6166,5.6
2.2169252777777775,5.37,0.2983286778035321,-0.4178858791139594,-65.2144,177.8433,5.4
4.4788950000000005,5.359999999999999,0.3062315754094952,-0.4178858791139594,-20.1489,66.3313,5.1
1.0000236111111112,5.34,0.32386554137310153,-0.4178858791139594,-7.5589,-13.6365,5.0
2.7229824999999996,5.32,0.3119829055146071,-0.4178858791139594,-18.9747,-12.3523,5.4
0.8468452777777777,5.23,0.24966644414765604,-0.4178858791139594,-62.0557,161.6962,5.0
2.1762955555555554,5.2700000000000005,0.2406010991015855,-0.4178858791139594,-50.5068,139.3139,5.4
2.985185,5.21,0.22335820757001487,0.5610177352327869,-8.2905,111.4594,5.0
2.5146883333333334,5.21,0.22335820757001487,-0.4178858791139594,-7.6906,-13.6166,5.0
6.115303611111111,5.209999999999999,0.22335820757001487,-0.4178858791139594,-55.5372,-29.9478,5.2
10.033578333333333,5.17,0.1766981104093149,-0.4178858791139594,38.7366,43.5068,5.2
10.842233333333333,5.13,0.16363916944844584,-0.4178858791139594,-22.8546,-174.2566,5.0
15.52396,5.140000000000001,0.16465452046971168,-0.4178858791139594,-7.7673,-13.594,5.2
2.384723888888889,5.140000000000001,0.16465452046971168,-0.4178858791139594,-7.7375,-13.5681,5.0
9.818961111111111,5.159999999999999,0.2065591117977287,1.360773448317313,-5.4918,147.078,5.6
20.94169611111111,5.209999999999999,0.2233582075700147,-0.4278159218644843,26.6789,54.212,5.5
5.841847777777777,5.2299999999999995,0.24966644414765582,-0.4178858791139594,44.5381,-130.1124,5.6
10.453248055555555,5.2299999999999995,0.24966644414765582,-0.4178858791139594,23.9204,143.2306,5.0
7.752408888888889,5.25,0.23687784005920162,-0.2818442934317681,17.1257,119.9561,5.2
27.23470638888889,5.24,0.24129281427805435,1.6695084074738833,36.5049,71.1541,5.1
1.4204205555555556,5.2299999999999995,0.24517567397911305,-0.1324964504638733,18.4473,-62.9931,5.1
5.946993055555556,5.2299999999999995,0.24517567397911305,0.8884112447175935,-7.1744,129.3148,5.0
10.080747222222223,5.2299999999999995,0.24517567397911305,-0.4178858791139594,-32.1439,-177.9036,5.2
2.027197222222222,5.25,0.23213980461973877,-0.4178858791139594,30.0817,-113.7212,5.2
0.1540388888888889,5.2,0.20000000000000168,-0.4178858791139594,30.1501,-113.7326,5.1
0.04160916666666667,5.16,0.17126976771553476,-0.4178858791139594,30.0788,-113.8135,5.1
0.3787244444444444,5.14,0.11737877907772488,0.7910968257624492,-20.573,169.7309,5.4
5.939211944444445,5.17,0.11595018087284115,0.14673635168088733,-4.9018,103.0305,5.3
7.031509166666667,5.159999999999999,0.11737877907772643,0.9007244977282441,-33.4999,-69.5494,5.1
11.731786666666666,5.159999999999999,0.11737877907772643,-0.4178858791139594,37.5046,137.3115,5.1
3.786809166666667,5.2,0.15634719199411676,-0.44767600736553415,26.7173,126.5426,5.5
0.20508138888888888,5.21,0.14491376746189777,-0.4178858791139594,26.7578,126.4734,5.1
1.696073611111111,5.22,0.1475729574745284,0.13819651491543591,-20.3297,-174.8636,5.3
6.134775277777777,5.209999999999999,0.1523883926755027,-0.3633699444135776,13.1662,-90.6999,5.1
2.4843541666666664,5.2,0.16329931618554755,0.5687631685781963,44.4481,147.9502,5.0
4.6431186111111105,5.279999999999999,0.2699794230842258,-0.43774596461500925,23.6544,121.4725,5.9
0.5765633333333334,5.25,0.2718251071716716,-0.4178858791139594,23.7265,121.5001,5.1
11.32264611111111,5.24,0.2716206504995145,0.20691241074906835,-60.0438,-27.2484,5.2
6.169765277777778,5.27,0.2710063549890421,-0.4178858791139594,-17.4472,167.3579,5.4
9.025116666666666,5.26,0.27968235951204407,-0.1696348103508365,-58.7905,-25.2951,5.0
3.068782222222222,5.3,0.33993463423952325,-0.4178858791139594,27.8624,142.7323,5.9
11.889517777777778,5.29,0.3478505426185256,-0.4178858791139594,2.0127,96.4059,5.0
1.7717999999999998,5.36,0.4141926551202466,-0.47746613561710893,33.0203,69.4639,6.0
0.25075166666666665,5.390000000000001,0.4040077006966907,-0.4178858791139594,27.2359,53.2837,5.4
4.730356111111111,5.430000000000001,0.3802046232695769,-0.14577291762132513,-5.3156,153.8024,5.4
3.131320555555556,5.4,0.34960294939005726,4.445849060093145,-7.3221,120.4333,5.6
20.732598055555556,5.4,0.34960294939005726,-0.21432000272819862,50.6151,157.1732,5.1
0.32060666666666665,5.43,0.34334951418182347,-0.4178858791139594,-9.4793,149.8333,5.5
5.465607500000001,5.43,0.34334951418182347,-0.4178858791139594,-25.5991,-14.0243,5.4
14.998286388888888,5.4399999999999995,0.3306559138036682,-0.26248071006824447,24.1646,122.4641,5.1
1.4658777777777778,5.430000000000001,0.31640339933558936,-0.4178858791139594,-21.3935,-110.1627,5.8
0.4519261111111111,5.49,0.28067379246695623,-0.4178858791139594,-41.1577,-89.8977,5.6
3.9801525000000004,5.42,0.22010098692293412,-0.4178858791139594,1.5486,-90.8374,5.3
0.4133819444444444,5.389999999999999,0.24244128727958555,0.20969282271921533,-8.8267,-79.1583,5.1
4.982163333333333,5.42,0.2616188916046578,-0.4178858791139594,-56.5304,-143.7625,5.7
7.932024722222223,5.359999999999999,0.28362729848244295,-0.4178858791139594,-47.5154,-12.8396,5.0
1.1782208333333335,5.36,0.28362729848244295,-0.015321946007679308,-1.8368,100.4097,5.1
8.677814444444445,5.37,0.2907843798341995,-0.3980257936129096,26.7341,54.2683,5.6
0.29346611111111115,5.339999999999999,0.30258148581094574,0.18035947643416467,-29.527,-71.4974,5.1
7.987261666666667,5.33,0.3128720008068678,-0.1696348103508365,-22.3892,171.6263,5.0
14.141660555555557,5.319999999999999,0.2973961069759456,-0.4275180205819686,-17.177,-73.7809,5.7
23.834385555555556,5.29,0.28067379246695073,-0.4178858791139594,-60.3844,-26.3007,5.3
17.4159625,5.29,0.28067379246695073,0.5266498572732201,-4.5086,153.4016,5.3
0.8232383333333333,5.279999999999999,0.2898275349237939,-0.4178858791139594,22.0432,120.24,5.0
1.9394675,5.21,0.26012817353502554,-0.4178858791139594,22.1059,120.2357,5.0
15.526800000000001,5.21,0.26012817353502554,-0.4178858791139594,22.0375,120.2437,5.0
0.14179722222222224,5.2299999999999995,0.25841396591086135,-0.4178858791139594,21.9759,120.3109,5.3
2.1456436111111112,5.17,0.23118054512533162,0.5001465731720691,-9.1986,123.6014,5.0
14.227292222222223,5.16,0.23664319132398645,-0.4178858791139594,44.3995,-28.258,5.0
13.202080277777778,5.19,0.2330951164939641,0.4927983415366806,-58.4454,-26.2151,5.3
10.054952499999999,5.13,0.14944341180973378,1.0145724378630123,-17.03,-70.1403,5.1
13.322272222222223,5.2,0.31269438398823135,-0.2192850241034611,19.0236,121.3363,6.0
25.543190555555558,5.17,0.3164033993355827,-0.4178858791139594,37.4844,78.6539,5.0
1.3154313888888889,5.27,0.40290610982378555,-0.3583056226108099,26.9061,55.2389,6.0
0.26197722222222225,5.27,0.40290610982378555,-0.4178858791139594,26.8923,55.2365,5.0
1.606116111111111,5.34,0.4115013163202976,-0.44767600736553415,26.8843,55.2572,5.7
0.016764444444444443,5.41,0.46055522047971265,-0.4278159218644843,26.8878,55.3213,6.0
2.575495833333333,5.5,0.45946829173634873,2.5511969032929906,45.9178,142.0358,5.9
20.040803888888888,5.5,0.45946829173634873,-0.4178858791139594,40.9295,78.0893,5.0
1.783420277777778,5.5,0.45946829173634873,-0.3064509393675688,0.9953,126.0371,5.3
2.6166844444444446,5.5,0.45946829173634873,-0.4178858791139594,19.5636,94.8605,5.1
29.018897222222222,5.42,0.43153472887153366,3.6356072218640643,-15.7153,-177.5751,5.2
1.149571111111111,5.430000000000001,0.42176876234365074,-0.4178858791139594,10.4305,94.1413,5.1
0.512413888888889,5.33,0.3888730155490687,-0.4178858791139594,10.3072,94.1437,5.0
0.17766111111111113,5.37,0.3713339317769031,-0.4017694197298575,56.6383,-169.0865,5.4
0.02337916666666667,5.32,0.3552776691859848,-0.4178858791139594,56.593,-169.1877,5.2
0.6032047222222222,5.220000000000001,0.274064063881263,-0.4178858791139594,10.3591,94.1964,5.0
1.8812027777777778,5.13,0.14181364924121764,-0.4178858791139594,10.3944,94.2851,5.0
6.394819444444444,5.13,0.14181364924121764,-0.4178858791139594,-40.9107,-91.7382,5.0
1.4178725,5.1,0.13333333333333108,-0.4178858791139594,10.2638,93.9224,5.0
2.562197777777778,5.1,0.13333333333333108,0.07793108546250016,-55.9401,-27.295,5.1
2.2709902777777775,5.12,0.16193277068654768,-0.4178858791139594,10.3277,94.2534,5.4
5.654781388888889,5.109999999999999,0.16633299933166085,-0.4178858791139594,10.2666,94.2833,5.0
0.5754463888888889,5.109999999999999,0.16633299933166085,-0.1849965864858985,-57.9246,-25.1941,5.0
13.494638055555555,5.1,0.14907119849998396,0.21402232135844412,38.4394,142.0322,5.3
8.997661666666666,5.1,0.14907119849998396,-0.4436146198805695,-5.1633,101.0026,5.2
10.036384444444444,5.15,0.19002923751652387,-0.4178858791139594,-42.2963,-75.3571,5.5
32.793165555555554,5.15,0.19002923751652387,-0.4178858791139594,26.7884,126.42,5.0
1.02783,5.1899999999999995,0.19692073983656186,0.4669305801715633,-14.8823,167.1385,5.4
2.5985597222222223,5.220000000000001,0.18737959096740708,0.06736551997594166,-5.2022,151.8614,5.3
6.044331944444445,5.24,0.18378731669454176,-0.4178858791139594,52.1652,-174.9232,5.3
7.248685277777778,5.24,0.18378731669454176,-0.4178858791139594,18.7627,147.0157,5.4
0.12907527777777777,5.2700000000000005,0.16363916944845547,-0.4178858791139594,18.7719,146.9891,5.3
0.11765527777777779,5.2700000000000005,0.16363916944845547,-0.4178858791139594,18.7558,147.1053,5.0
0.22888055555555556,5.24,0.18378731669454176,-0.39149182548306416,18.8075,147.0719,5.0
0.37852888888888886,5.220000000000001,0.1988857852023548,-0.4178858791139594,18.8499,146.9747,5.0
2.6778125,5.19,0.17288403306520236,-0.10957791179566179,-9.4648,112.9197,5.2
0.2883394444444444,5.220000000000001,0.16193277068655337,-0.4178858791139594,18.8161,146.9559,5.3
0.029071388888888886,5.18,0.16193277068655101,-0.4178858791139594,19.0071,147.0313,5.0
0.30795083333333334,5.17,0.1567021236472444,-0.4178858791139594,10.4818,94.1885,5.2
2.524011944444444,5.220000000000001,0.2529822128134738,-0.4178858791139594,18.8957,146.9699,5.8
0.12297166666666666,5.27,0.3301514803843878,-0.4178858791139594,18.8211,146.9402,5.9
3.1714783333333334,5.25,0.3341656275960606,0.04237160237287048,-9.3644,112.9398,5.1
0.20489722222222223,5.25,0.3341656275960606,-0.061337764113611776,-2.8773,138.9288,5.0
4.5640825,5.29,0.3247221034122065,-0.4178858791139594,-27.9751,-176.5425,5.4
2.113748888888889,5.29,0.3247221034122065,-0.4178858791139594,-5.9345,151.7914,5.0
36.55379444444444,5.34,0.3470510689285495,-0.43774596461500925,18.8235,147.0352,5.7
8.694860555555556,5.3100000000000005,0.3634709219609112,-0.4178858791139594,-27.3184,-176.4117,5.0
14.073411944444445,5.380000000000001,0.3645392830531356,-0.4178858791139594,-18.1242,169.0534,5.7
0.07886277777777778,5.46,0.4060651288757702,-0.4178858791139594,-18.1404,168.9678,6.0
0.6034816666666667,5.380000000000001,0.41041983924324327,-0.4178858791139594,-27.1893,-176.4315,5.0
0.6092166666666666,5.35,0.37785946829182704,-0.4178858791139594,-14.9761,-173.0223,5.6
2.192088888888889,5.42,0.3910100879630791,-0.4178858791139594,-15.2502,-172.9633,5.8
1.496448888888889,5.49,0.36953424138442575,-0.4178858791139594,-14.8908,-173.0297,5.7
0.7879711111111111,5.45,0.40069384267238517,-0.010654825914932609,-5.9998,104.3005,5.0
14.099073888888888,5.470000000000001,0.3802046232695791,-0.4178858791139594,61.0917,-60.0781,5.2
2.3146841666666664,5.58,0.567254596964879,-0.4178858791139594,-22.5907,-114.2583,6.8
0.19712416666666668,5.64,0.5295700562196237,-0.4178858791139594,-22.2521,-113.8019,5.6
2.3190186111111113,5.63,0.5292552419306982,-0.4178858791139594,-22.4641,-114.0216,5.6
1.8045536111111111,5.58,0.5138093031466144,-0.26956083054936875,-16.7782,-71.2091,5.5
9.622496388888889,5.58,0.5138093031466144,-0.307344643215116,-16.8461,-71.5427,5.0
5.781830277777778,5.5200000000000005,0.5452828012447684,-0.4178858791139594,-15.3595,-172.9429,5.0
2.9298644444444446,5.4399999999999995,0.5581716183715917,0.168334194663279,-16.9962,-71.418,5.0
3.4203913888888886,5.37,0.5657836257007758,-0.29832816439763943,-33.2252,-73.1747,5.0
4.8830591666666665,5.41,0.5506561742341837,-0.4178858791139594,-27.1648,-176.3111,5.4
9.897490833333332,5.39,0.5626327003965914,-0.16402433619678994,3.1004,127.1621,5.0
5.702138333333333,5.290000000000001,0.32128215360057744,-0.31858545160871027,-15.0115,166.9262,5.8
1.44218,5.26,0.30258148581094263,0.5517827954747987,10.7317,-62.6013,5.3
3.2201272222222226,5.2700000000000005,0.3164033993355848,0.20770681416911033,-2.0369,-79.7903,5.7
0.7898063888888889,5.2299999999999995,0.3093002855909902,-0.2891528048961544,-14.9694,166.942,5.1
20.33001111111111,5.37,0.46916000587338663,-0.27391018927409866,-44.6215,-79.6496,6.4
1.8349655555555555,5.37,0.46916000587338663,1.1368410542502259,-23.0444,-177.0753,5.0
4.392968611111111,5.38,0.46139883927995984,-0.4178858791139594,-28.8785,-175.9817,5.1
1.579165,5.42,0.4417138339594058,-0.4178858791139594,-17.6505,-172.9327,5.4
4.417253333333333,5.41,0.44334586448455987,-0.3871523968010848,-12.0595,165.4281,5.3
2.125221388888889,5.42,0.43410188256266624,-0.4178858791139594,-28.7467,-176.1769,5.1
8.095025555555555,5.36,0.4168666186896989,-0.4178858791139594,-32.3288,-178.1734,5.2
0.0679925,5.35,0.4196559437338114,-0.4178858791139594,-32.3157,-178.2246,5.2
15.082011388888889,5.29,0.4067486256208465,-0.14917892228475516,-9.2537,110.8097,5.1
3.7591219444444444,5.3,0.40276819911982326,0.5960707861421398,-0.0306,123.0885,5.2
10.369590833333334,5.22,0.17511900715418596,-0.4178858791139594,-22.4454,-114.2308,5.6
13.03267861111111,5.24,0.15776212754932847,-0.4178858791139594,33.0608,69.4864,5.2
6.296895833333333,5.32,0.25298221281347805,-0.4178858791139594,78.5816,6.214,5.9
29.104862222222224,5.31,0.2514402955419553,-0.0008240835919129214,-4.1438,102.1383,5.3
4.597845833333333,5.29,0.2601281735350282,-0.11779998719309645,10.7665,-86.196,5.1
29.391771388888888,5.29,0.2601281735350282,-0.4178858791139594,-21.7711,169.3958,5.1
7.353306388888888,5.36,0.32041639575195224,-0.467536092866584,21.1504,99.8777,5.9
9.688861666666668,5.35,0.3274480450731489,0.052798147260921614,-58.995,-25.5176,5.1
0.22008055555555556,5.359999999999999,0.32041639575195224,0.3513150924272017,40.6088,141.3232,5.2
8.496814166666667,5.39,0.31780497164142324,0.1878467286680605,-20.042,169.2669,5.5
16.413792222222224,5.34,0.3204163957519514,-0.4178858791139594,24.934,-45.6798,5.1
2.211092777777778,5.359999999999999,0.3169297153068003,-0.4178858791139594,-7.5962,122.4103,5.4
1.4414874999999998,5.3100000000000005,0.2558211180580057,-0.4178858791139594,-7.5885,122.3837,5.4
8.533952222222222,5.32,0.2573367875415914,-0.4278159218644843,26.8637,55.2135,5.4
0.022100833333333333,5.37,0.25841396591086757,-0.4079558363634345,26.9783,55.3932,5.6
14.625617222222223,5.39,0.2424412872795877,-0.40964394363102374,0.4649,126.2882,5.3
12.295249444444444,5.3,0.19436506316151808,-0.15823512127323386,-58.7354,-25.2696,5.0
6.090496388888889,5.3,0.19436506316151808,-0.030326240603722413,-33.7975,-179.5287,5.1
9.594228055555554,5.3,0.19436506316151808,-0.4178858791139594,-14.2464,-13.8309,5.2
2.8005158333333333,5.32,0.2250925735484635,-0.4919242778618732,0.676,-77.8293,5.7
1.126358888888889,5.32,0.2250925735484635,-0.4178858791139594,26.7016,126.4579,5.1
0.06198694444444444,5.290000000000001,0.2330951164939673,-0.4178858791139594,26.7772,126.42,5.1
18.821632222222224,5.25,0.24608038433722654,-0.4178858791139594,15.1251,59.4649,5.0
0.9469044444444445,5.209999999999999,0.2514402955419487,0.06295658099470863,-37.7309,178.4956,5.0
14.209285555555555,5.35,0.6168918507773955,-0.18225589468675368,17.5207,120.8181,7.0
1.1070177777777779,5.32,0.6268084945889715,4.40186890075107,-24.3355,-179.752,5.0
5.808240555555556,5.34,0.6186005711819794,-0.4178858791139594,17.3806,120.804,5.2
1.4325247222222222,5.33,0.6236986451805103,-0.4178858791139594,16.286,123.0881,5.0
0.5417858333333334,5.37,0.627251500153208,-0.4074196140549061,-18.7923,-173.8095,5.6
6.665980555555556,5.37,0.627251500153208,4.795386564911622,-23.5097,-179.6752,5.7
1.209333888888889,5.409999999999999,0.6208417225384028,-0.37816570811185973,-26.9952,-176.4446,5.5
1.493848611111111,5.5200000000000005,0.6562519841239924,0.5949784814395821,-22.1876,-68.5789,6.2
1.061628611111111,5.5200000000000005,0.6562519841239924,-0.4178858791139594,17.3065,120.9854,5.0
8.206595555555555,5.630000000000001,0.6515792780280609,0.019036001909136912,-21.9311,-70.3386,6.1
5.136775277777778,5.45,0.44783429475148895,0.18206744378725506,12.4155,-87.6797,5.2
1.9382691666666667,5.45,0.44783429475148895,-0.2962527854627797,19.8341,121.277,5.0
7.146690833333333,5.51,0.4508017549014556,-0.4142912036382694,-7.0524,146.7654,5.8
1.401415,5.55,0.4169998667732401,-0.4178858791139594,32.4751,142.4278,5.4
17.145933333333332,5.54,0.4168666186897058,-0.44767600736553415,50.3804,90.6346,5.5
1.66958,5.470000000000001,0.4448470398787626,-0.4178858791139594,27.7925,143.0259,5.0
1.9647605555555556,5.430000000000001,0.4595891885393188,-0.4178858791139594,44.1617,149.2088,5.1
1.3611425000000001,5.34,0.37178249316263745,-0.4178858791139594,32.4698,142.2526,5.3
1.8102777777777779,5.36,0.35652645218989865,-0.4178858791139594,32.514,142.3255,5.2
2.8573894444444448,5.26,0.2503331114069185,4.765745387301305,-28.2394,179.1331,5.1
0.41194694444444446,5.3,0.2708012801545379,-0.44767600736553415,51.1629,160.9755,5.6
25.752431388888887,5.3100000000000005,0.260128173535029,-0.23320694403969702,-60.2156,-26.9247,5.1
1.6214055555555558,5.24,0.20110804171998156,-0.4178858791139594,27.1316,86.7827,5.1
0.5850788888888889,5.21,0.1969207398365602,0.2190767131184613,4.2739,95.7593,5.1
2.779011111111111,5.16,0.17763883459298652,-0.4178858791139594,17.6548,120.7067,5.0
7.871060277777778,5.22,0.21499353995462972,-0.2479828476524781,25.1448,63.5694,5.6
0.1672016666666667,5.22,0.21499353995462972,-0.3510864815311783,25.1097,63.4765,5.1
3.9285900000000002,5.2299999999999995,0.22135943621178897,-0.4178858791139594,63.955,-22.35,5.4
1.0028177777777778,5.22,0.22509257354845683,-0.4178858791139594,17.292,120.7158,5.1
0.004971388888888888,5.209999999999999,0.2330951164939622,-0.4178858791139594,32.4967,142.4713,5.0
0.02890611111111111,5.18,0.1932183566158582,-0.4178858791139594,32.4716,142.458,5.3
3.6272072222222222,5.18,0.1932183566158582,-0.06148671475486965,-3.2456,142.2564,5.1
2.147328888888889,5.2,0.19436506316151053,-0.12098753091601493,53.5668,-165.4196,5.3
1.1188383333333334,5.2299999999999995,0.20027758514400013,-0.4178858791139594,-3.8197,151.339,5.4
2.4079797222222226,5.24,0.1897366596101065,-0.4178858791139594,52.1939,-168.106,5.1
13.032109166666666,5.180000000000001,0.15491933384829523,0.10335199490384397,11.2692,125.4249,5.0
8.534592777777778,5.1899999999999995,0.15238839267549903,1.529832426145,-11.9676,166.7556,5.2
0.7467655555555556,5.15,0.1433720877840389,-0.4178858791139594,64.0567,-21.9282,5.0
2.9561480555555555,5.1899999999999995,0.17919573407620773,-0.31858545160871027,6.8333,123.7663,5.5
7.423839166666666,5.2,0.16996731711975996,0.25857842318004953,-59.7877,-26.8687,5.1
2.452170277777778,5.21,0.1791957340762095,-0.4178858791139594,16.1209,-87.5018,5.4
4.042880277777778,5.24,0.18378731669454001,0.08444519350684457,7.1923,126.8718,5.4
1.868438611111111,5.27,0.2162817093001162,4.808464431214063,-18.1856,-178.1483,5.6
13.936255,5.26,0.2118699810942805,-0.3909754632600369,-27.371,-176.1712,5.3
10.795798055555556,5.279999999999999,0.2043961295567512,0.935300906585572,12.3793,-86.6744,5.3
2.87782,5.319999999999999,0.18135294011648256,-0.018767670842111468,37.6309,141.7117,5.4
2.801348611111111,5.33,0.17669811040932537,-0.4178858791139594,32.7323,142.4576,5.3
0.03862722222222222,5.33,0.17669811040932537,-0.4178858791139594,32.6071,142.5074,5.0
0.017860555555555557,5.35,0.20682789409985847,-0.40274256391940894,32.6119,142.5292,5.7
0.1950925,5.34,0.2221110833194452,-0.4178858791139594,32.7172,142.4545,5.0
2.7964783333333334,5.3,0.2449489742783241,-0.4178858791139594,-21.2434,-173.61,5.0
8.034743055555555,5.26,0.25905812303634307,-0.4178858791139594,32.7239,142.4939,5.0
2.8935544444444443,5.21,0.2330951164939624,-0.4178858791139594,32.5384,142.4003,5.1
0.5222038888888889,5.1899999999999995,0.23309511649396122,-0.4178858791139594,32.5735,142.3372,5.1
0.012774722222222222,5.16,0.23664319132398293,-0.4178858791139594,32.5697,142.2925,5.0
8.504255,5.13,0.2213594362117828,0.48673108541611,-10.7671,162.1445,5.1
2.022422777777778,5.18,0.3047767853509985,-0.3583056226108099,-30.3148,-177.6858,5.8
2.009628611111111,5.18,0.3047767853509985,-0.20524394365421883,-58.7805,-25.2077,5.0
29.146546944444445,5.11,0.24698178070456484,-0.4178858791139594,51.1594,160.9103,5.0
0.5959294444444444,5.11,0.24698178070456484,-0.29048343062472476,36.2828,141.0919,5.0
3.7431002777777778,5.13,0.24517567397910708,-0.4178858791139594,27.6656,-111.6466,5.2
6.76311,5.13,0.24517567397910708,1.7734759550718793,-19.8037,-176.1707,5.0
4.987003888888889,5.15,0.2505549396395461,1.670163790295418,-5.4224,146.9087,5.3
9.788971944444445,5.2299999999999995,0.3433495141818172,0.09768194049329426,43.7392,148.0852,5.9
15.942582777777778,5.29,0.35103022978402415,-0.19942493860241126,-5.5115,151.7362,5.6
8.093363333333333,5.29,0.35103022978402415,-0.4178858791139594,-19.6841,170.0428,5.1
4.378479722222222,5.2299999999999995,0.30203016773531605,-0.1696348103508365,-20.3811,-174.3489,5.2
16.53518861111111,5.3,0.3231786571610931,-0.4178858791139594,-44.5957,-80.078,5.7
0.4459469444444445,5.3100000000000005,0.31428932176862295,-0.4178858791139594,-44.6444,-79.8602,5.1
1.9204705555555557,5.369999999999999,0.30568684048295125,0.962390063209004,-6.7235,129.9544,5.6
4.8979575,5.37,0.30568684048295125,-0.4178858791139594,-41.2793,-87.5861,5.2
0.7698344444444445,5.37,0.30568684048295125,-0.17612905830967984,-55.2188,-28.8833,5.0
12.328450277777778,5.36,0.3098386676966007,1.0841919675869425,-19.2688,169.2564,5.2
3.2977180555555554,5.279999999999999,0.252982212813475,-0.34814718887702295,-57.0605,-24.8143,5.1
5.594400833333333,5.2299999999999995,0.23118054512533165,-0.4178858791139594,44.9455,142.0932,5.1
26.889148055555555,5.22,0.2394437999475746,-0.1342441379879657,-30.399,-177.5245,5.0
11.53744611111111,5.24,0.24585451886114637,-0.05348310029794653,-59.0098,-25.6301,5.4
1.3975627777777777,5.17,0.1946506842754175,-0.12510849865748275,-59.013,-25.694,5.0
0.5835783333333333,5.18,0.1932183566158583,0.19433104658415332,18.4823,-100.8797,5.2
13.239981111111112,5.140000000000001,0.12649110640672956,-0.3579680011572921,33.5235,19.0439,5.2
6.887802777777778,5.13,0.12516655570345045,-0.4178858791139594,10.1847,121.9587,5.1
1.9538566666666666,5.14,0.11737877907772067,-0.4178858791139594,-30.05,-177.1748,5.1
0.05328527777777778,5.2,0.24037008503093302,-0.31944936532800594,6.9062,123.792,5.8
6.617508333333333,5.26,0.28362729848243845,-0.31858545160871027,-15.7756,167.1322,5.7
5.911266944444445,5.34,0.3405877273185338,-0.07033438284558734,-5.9982,147.2807,5.9
0.47934722222222226,5.37,0.3198958163736094,3.314976071492365,46.8766,144.5948,5.3
4.017686111111111,5.33,0.340098025084931,0.46682134970130745,27.154,127.3978,5.0
3.3449305555555555,5.4,0.33665016461207736,-0.2192850241034611,1.7974,126.3859,5.7
0.40152055555555555,5.46,0.35023801430837515,-0.3086554088581853,-15.7828,167.1018,5.8
0.20849805555555553,5.4399999999999995,0.37178249316264034,-0.4010345965663186,37.9952,27.1512,5.0
4.927050555555556,5.5,0.3590109871423112,-0.467536092866584,33.1157,92.7977,5.7
1.4916288888888887,5.5200000000000005,0.3392802839999982,-0.4178858791139594,-52.8736,22.1555,5.3
3.9137472222222223,5.6,0.47842333648025465,-0.2192850241034611,-32.7361,-179.0088,6.6
0.06895888888888889,5.55,0.4927248499698252,-0.4178858791139594,-30.8092,-178.4631,5.2
0.9196669444444444,5.48,0.4871686908385438,0.8132507511388702,52.1079,178.1983,5.2
6.351663888888889,5.59,0.5606543795720703,0.2573570279217349,-22.0781,170.966,6.4
0.09732027777777778,5.59,0.5606543795720703,-0.4178858791139594,37.8597,93.6677,5.0
4.385721111111111,5.53,0.5793674711844592,0.20309927433286679,-5.9904,147.3546,5.1
6.823126388888889,5.49,0.5724217559340965,-0.33573463543886684,6.616,125.0631,5.4
8.433431388888888,5.529999999999999,0.5478239782184782,-0.4178858791139594,-7.1273,-12.8636,5.4
14.344932499999999,5.51,0.5445691467165246,-0.4178858791139594,-54.8013,158.6041,5.5
1.40599,5.4799999999999995,0.5652924513520087,-0.24530173610983638,-22.3214,170.4001,5.0
2.0954005555555555,5.33,0.41379007023154474,-0.4178858791139594,44.394,149.4882,5.1
0.32760333333333336,5.3100000000000005,0.4254409477236578,-0.4178858791139594,44.2936,149.5537,5.0
6.426265,5.29,0.435762422529631,0.021290121613506036,-5.9623,146.656,5.0
10.993605,5.21,0.23781411975649727,-0.4178858791139594,33.1235,141.7775,5.6
8.529704722222222,5.26,0.24129281427805777,4.258886215186261,-7.0024,125.4656,5.5
13.230795,5.279999999999999,0.2347575581554608,0.5450700865754439,-34.368,-70.6102,5.3
3.5960455555555555,5.25,0.2368778400592043,-0.051894293457862575,37.5959,141.7262,5.1
2.0053058333333333,5.26,0.24585451886114987,1.2017438136676566,0.3574,124.3718,5.5
18.9290475,5.25,0.2368778400592043,-0.4178858791139594,-20.4516,-11.7575,5.4
2.265761388888889,5.2700000000000005,0.22135943621179388,0.780422029805635,-56.1767,-27.4113,5.2
2.2428322222222223,5.3100000000000005,0.22335820757002178,-0.4178858791139594,-20.3966,-11.6091,5.5
3.8781552777777777,5.34,0.19550504398154764,-0.4178858791139594,-20.5227,-11.7158,5.3
6.775594166666666,5.36,0.16465452046972823,0.05315562879994053,-58.0019,-25.7123,5.2
40.601218333333335,5.35,0.1509230856356397,-0.3880957508623847,-0.2372,-80.6958,5.5
5.003642500000001,5.319999999999999,0.14757295747453877,-0.4178858791139594,60.5819,-28.6771,5.2
11.413195,5.32,0.14757295747453877,1.0621969228945298,25.2456,123.5783,5.3
1.3166847222222222,5.3100000000000005,0.16633299933167417,-0.4178858791139594,-20.4879,-11.662,5.0
3.715531944444445,5.2700000000000005,0.16363916944845788,-0.4178858791139594,-0.9709,-24.6638,5.1
0.6930794444444444,5.2700000000000005,0.16363916944845788,0.7538591654479807,-8.9212,115.696,5.4
25.82190055555556,5.29,0.16633299933167311,-0.4178858791139594,-62.5792,-158.7594,5.4
1.4551194444444446,5.279999999999999,0.15491933384830808,-0.4178858791139594,-62.5445,-158.9905,5.4
1.767283611111111,5.25,0.1779513042005303,0.3551679490144053,-5.4006,131.3864,5.0
0.8742175,5.35,0.3472111109333346,-0.06777243181595188,-5.0926,103.079,6.2
1.9676975,5.3100000000000005,0.35103022978402637,-0.3477400571242514,-20.4851,-173.9139,5.1
2.1963880555555555,5.380000000000001,0.39384147967312505,-0.4178858791139594,-62.1554,161.4426,5.9
1.089236388888889,5.36,0.40331955899345096,-0.26312616284702856,-6.2272,103.8061,5.1
16.38207611111111,5.4,0.38297084310254287,0.6446286951922067,-22.0137,-68.5753,5.4
3.396981388888889,5.390000000000001,0.3928528138289695,-0.11230867355205612,-19.8231,168.8665,5.0
6.243135277777778,5.35,0.41163630117428823,0.4375873038437622,23.7516,94.5482,5.0
0.9215863888888888,5.3100000000000005,0.4254409477236578,0.10644023819925723,47.8353,153.7829,5.0
4.633817222222222,5.2700000000000005,0.4347413023856871,-0.1696348103508365,-4.7217,101.7512,5.0
18.88548,5.28,0.42895221179054854,-0.4178858791139594,-15.0603,-174.6878,5.1
0.9883616666666666,5.16,0.287518115371307,-0.42790529224923907,5.1037,127.2002,5.0
16.948262777777778,5.15,0.2915475947422674,1.2082380616265,-14.474,167.3519,5.0
26.279428055555556,5.08,0.13165611772087715,-0.31463329459400136,17.2931,120.7624,5.2
6.454124722222222,5.09,0.1370320319406308,-0.4178858791139594,32.5011,142.4384,5.2
2.7943513888888893,5.07,0.09486832980505126,-0.4178858791139594,-22.5139,170.9201,5.2
9.643939166666666,5.07,0.09486832980505126,5.0318804630581235,-21.3438,-178.8609,5.0
5.448111666666667,5.13,0.18885620632287273,1.697213226747848,-21.7744,-176.9215,5.6
3.7764016666666667,5.2,0.2538591035288004,-0.09019446834663716,-1.0173,98.6652,5.7
4.910153055555555,5.32,0.3938414796731225,-0.348375579860285,-0.988,98.6046,6.2
1.401395,5.319999999999999,0.3938414796731225,0.3185360213077189,-5.7578,145.416,5.1
7.438791388888889,5.369999999999999,0.38020462326957527,-0.2391451096045109,28.8646,130.6526,5.5
0.6052491666666666,5.4399999999999995,0.3687817782917224,0.7473053372326344,13.7441,144.9427,5.7
5.248688333333333,5.49,0.3665151201974334,0.015709437587711057,-32.6275,-179.1382,5.7
13.818907222222222,5.5200000000000005,0.35213633723318877,-0.4178858791139594,-54.7581,-136.25,5.5
1.1618508333333333,5.63,0.4083843505544562,-0.4178858791139594,-54.6506,-136.1522,6.3
4.810387222222222,5.659999999999999,0.365756445982549,-0.4178858791139594,4.38,62.5527,5.3
9.649614722222221,5.61,0.4067486256208514,-0.4178858791139594,4.5055,62.5122,5.1
3.460768888888889,5.54,0.44771022374349556,-0.4178858791139594,26.9314,126.5763,5.0
7.087051388888889,5.46,0.38355066303047464,-0.4086906595269733,37.5527,26.8515,5.4
11.581650277777777,5.49,0.3634709219609142,-0.4178858791139594,-21.564,175.5995,5.4
9.285140833333333,5.48,0.3645392830531363,-0.4178858791139594,13.1209,57.7188,5.4
9.358628055555556,5.42,0.37357135269659086,0.984464548243421,-7.1999,128.9407,5.1
12.146465277777779,5.35,0.3807886552932012,-0.4178858791139594,-17.7137,-176.4436,5.0
2.6764691666666667,5.3,0.3915780041490293,0.03704909945858911,13.9359,93.6367,5.0
10.061274166666667,5.17,0.18287822299127646,-0.4178858791139594,-19.714,-176.1195,5.0
5.384842777777778,5.25,0.34721111093333246,0.724069037196406,-5.6524,148.7121,6.1
5.555392222222222,5.2700000000000005,0.34334951418182086,-0.4296132596023293,35.0971,26.3465,5.3
2.673368888888889,5.279999999999999,0.33598941782278274,-0.36870237737060946,9.037,-83.8515,5.1
25.977342222222223,5.25,0.3374742788552814,0.02917457555742286,-5.0652,102.8928,5.1
0.8346463888888889,5.3999999999999995,0.6236095644623276,-0.4178858791139594,-0.9339,-21.7155,6.9
5.267811388888888,5.38,0.6268084945889723,-0.4178858791139594,32.3763,142.4687,5.2
4.926904722222222,5.390000000000001,0.6226288353960742,-0.4178858791139594,32.2996,142.3781,5.2
0.3514908333333333,5.430000000000001,0.607453701939502,-0.4178858791139594,-21.2686,168.559,5.4
1.7086608333333333,5.4399999999999995,0.6003702561290407,-0.4178858791139594,34.6636,70.7117,5.1
1.9988863888888888,5.5600000000000005,0.6221825384170776,-0.4178858791139594,-56.0375,-124.478,6.2
4.913308611111111,5.61,0.6871034209717768,-0.3980257936129096,29.6786,102.236,6.6
4.3754172222222225,5.59,0.6999206304209759,-0.4178858791139594,27.6592,56.0916,5.1
2.078825833333333,5.61,0.6871034209717768,0.5598062700172228,-31.8054,-179.1953,5.3
2.497752777777778,5.61,0.6871034209717768,-0.4178858791139594,52.0568,-30.131,5.1
17.768953055555556,5.44,0.5232377832093006,-0.34577390865964747,12.9415,-87.3472,5.2
0.9515127777777778,5.51,0.5342700108039479,-0.4079558363634345,-56.5739,-25.7663,5.9
0.5365472222222222,5.52,0.5287301349039619,-0.376090329177,-56.4982,-25.7898,5.3
3.154408888888889,5.55,0.5296749527356964,-0.36823566536133484,-56.5257,-25.7614,5.7
1.0080027777777778,5.54,0.5399588461684484,0.40638710952161283,-23.0927,-68.9473,5.0
16.88664,5.51,0.5065131346328166,-0.4178858791139594,-54.4629,-119.5824,5.9
12.029659444444444,5.39,0.33149493041205585,-0.17956485310136142,-3.19,101.4217,5.4
0.03458555555555556,5.39,0.33149493041205585,0.8908143150632204,0.0294,123.7649,5.1
4.920573611111111,5.37,0.3433495141818226,-0.4178858791139594,-57.2277,-24.0045,5.1
4.902521944444445,5.38,0.33598941782278446,-0.4178858791139594,66.5051,-17.8312,5.2
3.2415261111111113,5.38,0.33598941782278446,-0.4178858791139594,-16.2585,-172.7835,5.2
0.3473866666666667,5.34,0.28751811537131183,-0.41309959850820643,37.8942,20.0987,5.5
0.3748994444444444,5.32,0.29739610697594643,-0.4178858791139594,1.4012,96.967,5.1
7.111972222222222,5.29,0.26853512081497827,4.536599720790192,-25.1529,179.6354,5.4
6.901680555555555,5.33,0.2496664441476619,0.05260947644866166,-16.131,-73.4037,5.4
11.03644888888889,5.26,0.150554530541828,-0.4178858791139594,54.8526,142.4226,5.2
0.26101138888888886,5.220000000000001,0.1619327706865581,-0.4178858791139594,-8.9419,127.1237,5.0
0.4553288888888889,5.21,0.17288403306520816,-0.4178858791139594,-56.6266,-24.3598,5.0
3.2309258333333335,5.2,0.18257418583506357,-0.4178858791139594,-2.7329,-12.1384,5.0
0.22329222222222223,5.2,0.18257418583506357,-0.4178858791139594,-6.0077,142.8149,5.2
4.136270555555556,5.2,0.18257418583506357,-0.1525154166489316,2.0788,126.5726,5.2
0.979785,5.15,0.15811388300842683,0.18561246904919243,-58.3358,-25.4794,5.0
5.211783333333333,5.26,0.36575644598254403,-0.3384455371097601,-2.2492,138.1979,6.2
0.20669888888888888,5.3100000000000005,0.41753243386991845,-0.2192850241034611,-2.2644,138.1792,5.9
0.11913472222222223,5.2700000000000005,0.42700507413066807,-0.4178858791139594,-2.1841,138.2058,5.0
0.2312602777777778,5.37,0.5165053511608404,-0.3086554088581853,-2.2313,138.1784,6.2
11.15631638888889,5.41,0.4998888765404715,-0.1775689145085059,-58.7681,-25.2097,5.4
11.935565277777778,5.51,0.5087020520675979,-0.31858545160871027,-1.149,98.654,6.0
0.22132722222222223,5.58,0.4779586221049399,-0.4178858791139594,-1.2041,98.618,5.7
0.38325944444444443,5.819999999999999,0.7757433710820799,0.6346986524416818,-6.2944,146.5038,7.6
0.9272277777777778,5.8,0.7958224257542287,0.5538283842814068,-5.8222,146.0226,5.0
3.565251388888889,5.840000000000001,0.7604092465391477,-0.3330038736824724,-11.0482,110.8802,5.4
4.838436388888889,5.7700000000000005,0.7557924465236692,5.776544298962738,-20.9669,-178.9761,5.5
12.250620277777777,5.68,0.7913420387052819,1.1617158113402908,41.1898,140.1452,5.0
7.2894338888888885,5.68,0.7913420387052819,-0.4178858791139594,41.9935,144.9474,5.0
3.5899919444444444,5.63,0.770353454230234,-0.4178858791139594,6.1524,127.6087,5.7
6.758548611111111,5.59,0.793655396812053,0.40905829102150404,-6.2806,146.3107,5.0
9.863641666666666,5.51,0.7880355321938264,0.08570630893616119,41.5709,142.0945,5.2
2.781686666666667,5.44,0.8002777295692106,-0.4178858791139594,-58.6254,-16.1775,5.0
14.929267777777778,5.19,0.2558211180580035,-0.4178858791139594,-20.432,-11.7201,5.1
0.11138666666666668,5.21,0.24698178070457508,-0.2899273482306953,7.2234,-82.3194,5.2
1.857001111111111,5.17,0.245175673979115,-0.2673464310160017,-56.5436,-25.5231,5.0
7.549155833333333,5.140000000000001,0.21705094128133334,-0.2871171461322968,12.0155,143.5879,5.2
1.0395416666666666,5.220000000000001,0.2936362072739414,-0.43774596461500925,-16.7075,-168.8394,5.8
3.6085655555555554,5.25,0.28382310609877914,0.1461405491158558,12.5455,-87.8211,5.3
2.325333055555556,5.38,0.6160808027812266,0.843229550202705,-21.1909,170.2666,7.0
41.53988805555556,5.39,0.6100091074001407,-0.4178858791139594,11.8258,141.2532,5.1
11.700710277777779,5.38,0.6142746399887744,-0.2851807877959444,-5.4972,148.2795,5.1
7.662326388888889,5.43,0.6000925854492096,-0.07033438284558734,-22.2506,171.0023,5.5
0.14508444444444443,5.42,0.6069962474714734,-0.1696348103508365,-30.056,-177.9025,5.0
5.315681111111111,5.43,0.6037843618010998,-0.4178858791139594,-52.7489,25.6935,5.3
0.9842233333333333,5.43,0.6037843618010998,-0.2727781644005388,-7.16,105.1422,5.0
7.2719008333333335,5.56,0.6834552736727686,-0.4178858791139594,23.1191,121.4138,6.5
0.8988941666666665,5.49,0.6919376979019026,-0.4178858791139594,23.0859,121.2505,5.1
0.17042222222222222,5.51,0.688718616949869,-0.4178858791139594,22.9547,121.2227,5.5
9.685119444444444,5.31,0.4605552204797107,-0.4178858791139594,-20.5252,-11.7367,5.0
4.878857777777777,5.36,0.4623610902506637,-0.4079558363634345,23.0986,121.3134,5.6
1.2121302777777778,5.38,0.4541169697580428,-0.4178858791139594,23.097,121.334,5.3
0.20345277777777776,5.5200000000000005,0.6629898608241028,-0.4178858791139594,23.138,121.3439,6.9
0.22241444444444444,5.5200000000000005,0.6629898608241028,-0.4178858791139594,23.0196,121.2632,5.0
1.1646627777777778,5.51,0.6674162452656153,-0.4178858791139594,26.3716,126.0236,5.2
0.042091666666666666,5.58,0.6442911695119837,-0.4178858791139594,26.2583,126.0051,5.7
0.6085400000000001,5.45,0.5642103626603643,-0.4178858791139594,22.9856,121.3364,5.2
0.8908105555555555,5.53,0.5657836257007788,-0.4178858791139594,23.2178,121.2918,5.9
0.03035916666666667,5.55,0.5681353516353176,-0.4178858791139594,-10.7758,164.2895,5.7
0.3980827777777778,5.55,0.5681353516353176,-0.4178858791139594,26.2213,126.0518,5.0
16.034423611111112,5.54,0.5680375574437615,-0.4278159218644843,23.371,121.4499,5.5
2.356189722222222,5.55,0.5642103626603658,1.050300731679401,-5.442,146.6241,5.4
12.231184722222222,5.45,0.34399612400918067,-0.4178858791139594,-36.9187,78.3274,5.9
1.1798083333333333,5.4799999999999995,0.3119829055146134,-0.4178858791139594,-36.8729,78.5789,5.3
0.1898686111111111,5.720000000000001,0.7238784428341623,-0.24964116479181575,18.4552,-102.9561,7.6
1.4254586111111112,5.68,0.7360555534589686,-0.4178858791139594,18.4778,-103.8147,5.3
8.869192777777778,5.67,0.7439384681843351,-0.3605100921014265,-15.5008,168.0032,5.1
2.7182019444444445,5.58,0.7671013260609403,-0.421907546427922,-33.3203,-179.5913,5.0
1.1879133333333334,5.59,0.7694875639743114,-0.3583056226108099,18.3487,-103.6243,5.8
0.34139416666666667,5.6,0.7615773105863969,-0.2530471694552458,56.1313,-156.4477,5.1
7.074091666666667,5.55,0.7849274559544461,0.7559941246393436,13.7889,145.0017,5.0
2.6933805555555557,5.609999999999999,0.7950541560869425,-0.4178858791139594,55.5042,166.3282,6.0
0.4265958333333333,5.52,0.8093893445747345,-0.122010325319319,-55.6739,-27.3657,5.0
3.5952080555555557,5.49,0.8238797107453152,-0.326261374654866,-1.1959,98.5697,5.0
8.692926388888889,5.2299999999999995,0.36832956257496813,-0.4178858791139594,-19.0501,167.4268,5.0
2.4031397222222224,5.2700000000000005,0.3973523485382847,1.3794518587310507,-5.49,147.0059,5.7
2.4512591666666665,5.26,0.4033195589934463,0.08823846983754506,-6.0609,131.0137,5.0
6.000823055555555,5.2700000000000005,0.3973523485382847,-0.4178858791139594,38.4613,44.9496,5.1
4.446140833333334,5.19,0.3573047252229761,-0.3968739086538487,35.1778,141.1945,5.0
2.668238611111111,5.1899999999999995,0.3573047252229761,-0.3112670101015734,23.2996,121.2341,5.1
5.189713611111111,5.37,0.6129165250396424,-0.31858545160871027,18.2633,-102.9554,6.8
2.848767777777778,5.29,0.5724217559340915,0.1801112253654016,-40.7221,174.1117,5.2
7.196614166666667,5.3100000000000005,0.5646040894093668,-0.27004740264414445,-14.9441,-173.5332,5.2
17.523263888888888,5.3100000000000005,0.5646040894093668,1.1596503624481815,0.1761,123.5657,5.0
2.7363830555555553,5.35,0.554276304943866,0.30525955415026707,-5.9961,148.6843,5.4
5.858811111111112,5.3,0.5416025603090662,-0.10541722388319189,18.5021,-103.6506,5.2
0.6172547222222223,5.34,0.5316640543300533,5.533774613797904,-21.3588,-179.3112,5.4
1.8064444444444443,5.35,0.5275730597114837,-0.4178858791139594,-5.1545,125.5667,5.2
0.026055000000000002,5.47,0.5735852159880048,-0.09832717335931711,3.8109,96.0514,6.2
2.0081866666666666,5.57,0.5888784066153097,-0.31858545160871027,-41.3788,-75.5767,6.1
18.115803888888887,5.4,0.4136557881997009,-0.4178858791139594,-20.0472,66.4525,5.1
2.6413094444444445,5.380000000000001,0.4289522117905493,-0.11063049632721744,-15.011,166.9844,5.0
2.1065891666666667,5.36,0.4427188724235775,-0.08321364829301812,-59.0189,-25.62,5.0
13.5206125,5.37,0.43474130238568787,0.8074615362153141,4.3182,126.072,5.1
10.230640277777779,5.34,0.442718872423577,-0.4178858791139594,15.852,-88.4046,5.1
12.492950277777778,5.4,0.4618802153517058,-0.4178858791139594,53.992,-35.2307,5.8
1.6563152777777777,5.36,0.47888759989514995,0.25710877685297173,51.5216,178.4238,5.0
2.3111844444444443,5.369999999999999,0.47621190427978793,-0.4204379001008443,-15.2515,168.186,5.3
0.012531111111111111,5.2700000000000005,0.37727090178456024,-0.46216393973855,-15.2636,168.3782,5.2
2.11079,5.16,0.24585451886114315,-0.1696348103508365,40.5895,142.8356,5.0
4.4147783333333335,5.1899999999999995,0.2558211180579993,-0.4178858791139594,53.863,-35.2512,5.4
0.6878844444444444,5.2,0.24944382578493063,0.1514531219873866,-6.4618,154.4762,5.1
16.949960555555556,5.2299999999999995,0.24060109910158375,-0.4178858791139594,40.7188,42.8876,5.3
11.064417222222223,5.24,0.23664319132398767,-0.1696348103508365,9.3796,126.6106,5.2
0.09997,5.2700000000000005,0.23593784492248954,-0.4178858791139594,26.9509,-111.4476,5.4
3.4929497222222223,5.2299999999999995,0.15670212364724614,-0.4178858791139594,-22.8135,171.5847,5.4
1.253076388888889,5.2299999999999995,0.15670212364724614,-0.4112625405993593,-4.3745,153.0202,5.0
0.5213697222222222,5.220000000000001,0.1549193338483001,0.10690695020853186,-57.9624,-25.4991,5.2
0.19847055555555557,5.209999999999999,0.1595131481867413,-0.4178858791139594,53.9651,-35.2317,5.1
3.2788922222222223,5.209999999999999,0.1595131481867413,-0.4178858791139594,53.7753,-35.1666,5.0
7.5348936111111104,5.18,0.14757295747452495,-0.25568856082688546,16.9794,147.0679,5.1
2.2246527777777776,5.1899999999999995,0.14491376746189574,-0.1358925250845528,17.7053,-61.6358,5.2
1.874547777777778,5.17,0.14181364924121748,-0.1036397462308479,16.9996,147.1351,5.1
0.8940313888888889,5.2,0.17638342073764118,-0.4178858791139594,8.4887,-102.8023,5.5
2.130885277777778,5.16,0.1712697677155342,-0.34999417682862055,-13.9991,166.7788,5.0
1.6892894444444444,5.14,0.1505545305418136,-0.4178858791139594,53.388,-35.2336,5.2
0.6568161111111112,5.29,0.44833023542920103,-0.4079558363634345,-60.8308,-20.025,6.5
1.0829275,5.27,0.457165178026501,-0.4178858791139594,53.853,-35.1868,5.0
0.0509475,5.3,0.4546060565661985,-0.4178858791139594,-60.6737,-20.1812,5.4
5.742208333333333,5.31,0.44833023542920153,-0.4178858791139594,53.8263,-35.1536,5.1
1.6462975,5.340000000000001,0.4427188724235776,-0.2549338775778455,-2.4346,139.9549,5.4
3.962573611111111,5.4,0.4618802153517065,-0.44767600736553415,53.7011,-35.1138,5.8
0.05806638888888888,5.39,0.4701063709417318,-0.2983877446541426,16.9926,147.1557,5.0
6.777161666666666,5.4,0.4737556801184022,0.9723201059595289,23.1002,94.8968,5.6
0.6068211111111111,5.47,0.45958918853931846,-0.4079558363634345,-22.9136,172.2913,5.7
0.1524838888888889,5.45,0.4766783215358432,-0.38511673803722724,60.2235,-141.1937,5.0
7.1268827777777775,5.33,0.30203016773532065,-0.4178858791139594,-45.7884,-76.1355,5.3
5.379731388888889,5.33,0.30203016773532065,-0.4178858791139594,-25.6047,-175.4483,5.0
5.901308611111111,5.3100000000000005,0.30349812373573964,-0.1849965864858985,12.2687,-88.3169,5.2
1.9337227777777777,5.390000000000001,0.3446415206816828,-0.33484093159131956,2.1277,98.9004,5.9
0.3653730555555556,5.35,0.36590830666834145,-0.30910226078195896,2.2054,98.89,5.0
0.7842205555555556,5.2700000000000005,0.3433495141818192,-0.416912734924408,2.0209,98.9447,5.0
4.687415833333334,5.37,0.3973523485382882,-0.4178858791139594,53.7049,-35.5074,6.0
2.6001455555555553,5.319999999999999,0.39665266081716477,-0.27545927594318054,17.034,147.1337,5.1
1.2960186111111112,5.26,0.377712412645744,-0.4178858791139594,-1.3743,-15.228,5.1
9.831333333333333,5.33,0.3888730155490683,-0.20935498135293618,31.3495,131.4691,5.7
1.5714830555555555,5.35,0.3922867431979992,-0.2903046898552153,14.9867,-94.0236,5.5
8.979321111111112,5.35,0.3922867431979992,0.17902885070559432,1.6399,128.3477,5.0
0.6508536111111111,5.37,0.3888730155490694,-0.4132981993632169,16.9929,147.1079,5.4
1.8230072222222222,5.319999999999999,0.3425395354310751,-0.4178858791139594,34.2663,26.1135,5.4
3.4732944444444445,5.390000000000001,0.3414023367751903,-0.4178858791139594,-37.9271,77.9202,5.7
5.5540175,5.46,0.3238655413731063,-0.2887953233571355,-57.7374,-25.381,5.7
5.911815833333334,5.43,0.2790858091858033,-0.4178858791139594,23.4994,-108.9089,5.7
12.004848611111111,5.46,0.2547329756605831,-0.4178858791139594,-56.3948,-26.0298,5.4
1.1205316666666667,5.46,0.2547329756605831,0.0753393443046132,9.8876,126.0229,5.1
10.007980833333333,5.39,0.27668674625930373,-0.4178858791139594,53.6712,-35.507,5.0
28.057425555555557,5.35,0.28771127502720795,-0.23136988613084988,-7.6935,130.0542,5.1
2.161344166666667,5.409999999999999,0.2685351208149808,-0.36823566536133484,38.5064,45.0259,5.6
8.080492222222222,5.45,0.29533408577783304,-0.1696348103508365,-4.8548,-80.5995,5.8
7.849750555555556,5.43,0.3056868404829527,-0.21571020871327212,-58.6537,-25.1789,5.2
1.9930255555555556,5.369999999999999,0.30568684048295036,-0.1696348103508365,-58.6437,-25.1962,5.1
7.758495555555555,5.3100000000000005,0.2923088169119216,-0.1696348103508365,-58.7471,-25.2421,5.1
1.799258888888889,5.27,0.258413965910861,0.7804518199338865,-55.9855,-28.0741,5.3
12.763523055555554,5.26,0.25473297566057385,1.2497059201526919,27.6661,126.8559,5.3
2.858628888888889,5.26,0.25473297566057385,-0.4178858791139594,-47.1897,-12.0992,5.1
13.953162500000001,5.31,0.246981780704575,-0.4178858791139594,-15.2451,-173.2323,5.5
29.290534444444443,5.369999999999999,0.26267851073128173,-0.4178858791139594,-54.1838,-132.953,5.7
2.8702980555555557,5.319999999999999,0.26161889160465357,-0.38234625610983075,-7.5067,126.3676,5.1
4.4659080555555555,5.27,0.20027758514400204,-0.3207700610138257,38.3392,22.5785,5.3
18.593341388888888,5.37,0.3529242915351107,-0.4178858791139594,-1.3636,-23.9041,6.2
4.542784166666666,5.4,0.33993463423952625,-0.4178858791139594,-3.8738,142.9171,5.4
1.8030091666666666,5.43,0.3233505150074161,-0.4178858791139594,-16.4225,178.0237,5.4
17.178888611111113,5.4,0.34960294939005754,0.4013327177615956,-4.8159,153.5304,5.0
1.7604652777777778,5.41,0.34785054261852916,-0.4178858791139594,-20.1468,-176.5959,5.4
1.4912875,5.45,0.3308238873546626,-0.36823566536133484,23.9304,122.2867,5.5
3.973840277777778,5.4,0.3590109871423071,0.5410682793469823,37.0307,71.4559,5.0
11.672823055555556,5.34,0.3533962208186336,-0.4178858791139594,-1.0604,-13.713,5.1
2.8025216666666664,5.36,0.3438345855527425,0.5465298028597709,-14.9279,167.1649,5.3
1.9525880555555555,5.33,0.36224607965059546,-0.4178858791139594,37.2612,36.2339,5.0
17.0213075,5.220000000000001,0.19888578520235303,-0.01061510574393046,-3.0903,136.9143,5.1
0.34323694444444447,5.18,0.19888578520235073,-0.4178858791139594,49.0467,157.9626,5.0
4.057430555555555,5.140000000000001,0.18973665961010044,1.0498340196701266,-7.4496,128.3137,5.0
17.109981944444442,5.140000000000001,0.18973665961010044,-0.41339749979072216,44.8016,150.2295,5.0
7.720355833333333,5.1,0.1699673171197542,1.1411705528894545,-40.3844,173.4019,5.0
8.273870833333334,5.1899999999999995,0.4357624225296269,0.1977767714185854,-4.812,153.5906,6.4
11.74914861111111,5.2299999999999995,0.4347413023856843,5.182688022310345,-20.9321,-178.7082,5.4
9.036518055555556,5.2219999999999995,0.43812225589567116,-0.4279152222919896,19.14,-155.494,5.02
1.0307372222222222,5.232,0.4412306023435427,-0.4178858791139594,-45.0826,95.7628,5.4
0.9230705555555556,5.262,0.4338407285834048,-0.4178858791139594,-60.6589,-19.889,5.3
3.1312030555555554,5.272,0.43083381689205835,-0.13093743375204092,-59.1057,-25.595,5.2
1.0427255555555555,5.281999999999999,0.4249392113389107,-0.27338389700832083,-5.3673,153.0291,5.1
1.4380483333333334,5.302,0.4147770485453631,-0.4178858791139594,-19.0234,-172.7391,5.2
12.550048333333333,5.302,0.4147770485453631,-0.1696348103508365,8.855,126.8371,5.0
2.905348611111111,5.311999999999999,0.4078343890464506,-0.4178858791139594,12.0884,143.8884,5.1
0.37105305555555557,5.192,0.14211106767439194,1.123852558332539,-7.3364,128.8389,5.2
18.289055555555557,5.282,0.3778829918844688,-0.36823566536133484,4.3584,-87.5675,6.3
19.4235175,5.279999999999999,0.37947331922020805,-0.4178858791139594,-3.0965,130.4648,5.0
4.983263333333333,5.24,0.3864367132317197,0.8818872066304985,0.0157,123.4561,5.0
0.13142527777777777,5.21,0.39285281382896287,-0.41516504740031557,21.4323,121.1857,5.0
0.29540666666666665,5.209999999999999,0.39285281382896287,0.7810277624134168,-18.4248,-69.2668,5.2
17.95309111111111,5.2,0.3972125095937664,-0.02563926042547471,-30.6937,-71.4308,5.0
4.175202222222222,5.18,0.40221608343995585,4.049143852209674,-4.3646,125.3462,5.0
16.551569444444446,5.1899999999999995,0.39846929339382947,0.160727781916377,2.1377,128.421,5.1
0.2744413888888889,5.21,0.39846929339383,-0.2224328476553775,37.7231,92.2724,5.3
1.3229130555555555,5.21,0.39846929339383,-0.2820925445005312,39.6478,143.3627,5.2
2.1777480555555555,5.13,0.1702938636592602,-0.17956485310136142,6.7327,125.1351,5.5
6.544788333333334,5.13,0.1702938636592602,0.1040669579818818,-59.23,-25.9259,5.0
0.41122000000000003,5.21,0.26436506745197885,-0.4178858791139594,-7.7427,-13.6947,5.8
14.043868611111112,5.2299999999999995,0.2540778533354618,-0.4178858791139594,-29.0777,-176.3869,5.2
1.111275,5.25,0.25927248643506995,-0.4178858791139594,-3.8259,-103.6223,5.4
0.5763383333333334,5.26,0.25033311140691755,0.377371524604579,11.5884,93.1518,5.1
2.8852255555555555,5.27,0.2406010991015849,2.970731279459918,-30.2419,-179.2976,5.1
2.2861811111111114,5.430000000000001,0.5034326612809795,-0.31858545160871027,7.6901,-82.3342,6.7
15.989489444444443,5.4,0.5206833117271146,-0.4178858791139594,-19.0007,-172.7353,5.0
5.367386388888889,5.380000000000001,0.5329165037789729,0.6161096124126991,-19.8907,-175.4638,5.0
19.974127777777777,5.36,0.5316640543300537,-0.32598333345785135,29.6246,102.0856,5.3
6.8143577777777775,5.36,0.5316640543300537,-0.40939569256226055,46.4195,149.9048,5.0
7.436677222222222,5.279999999999999,0.5181162460726805,0.31223044416113555,-6.12,148.1874,5.0
2.1514366666666667,5.26,0.5253570214625494,-0.4178858791139594,-17.2663,-172.4993,5.0
2.1974894444444444,5.220000000000001,0.5287301349039566,0.39055862137727615,-5.8202,147.0927,5.0
2.2571130555555556,5.220000000000001,0.5287301349039566,0.5551093597962246,-22.0069,-68.7789,5.1
0.119695,5.220000000000001,0.5287301349039566,1.783257047181146,2.7602,128.569,5.1
12.854695833333333,5.06,0.09660917830791411,-0.4178858791139594,37.6318,77.8359,5.1
10.995820555555555,5.09,0.1197218999737767,1.986485302113389,7.0424,125.4231,5.3
2.9664699999999997,5.09,0.1197218999737767,0.6396636738169442,-7.4551,-76.3087,5.0
2.7719091666666666,5.13,0.2213594362117833,-0.20935498135293618,-15.1416,-173.2502,5.7
7.292415277777778,5.15,0.21730674684008602,-0.1696348103508365,11.1043,125.7742,5.2
0.012511666666666667,5.15,0.21730674684008602,0.7829541907070188,-10.463,161.3684,5.0
1.761111111111111,5.18,0.21499353995462725,0.3237294336662434,18.7416,146.37,5.3
7.300933333333333,5.3100000000000005,0.4040077006966882,0.2672870706722598,-58.7769,-26.1414,6.3
13.128289722222222,5.31,0.4040077006966882,0.2585287729662968,8.1873,126.5518,5.1
1.6379344444444446,5.44,0.5211099265563467,-0.4576060501160591,17.6609,120.8147,6.4
3.7173958333333332,5.436,0.5241543453771829,-0.43397254836980975,37.3115,-121.672,5.06
12.399579722222223,5.436,0.5241543453771829,-0.28995713835894693,41.9665,144.7814,5.3
0.7701744444444445,5.446,0.5157992718964369,1.242218667918796,-24.0889,-66.9654,5.1
15.131558055555555,5.396,0.5126662332031154,-0.4178858791139594,11.945,57.8699,5.2
2.553153611111111,5.396,0.5126662332031154,0.05835897120121559,-59.5773,-26.3423,5.2
2.7799980555555557,5.396,0.5126662332031154,-0.4178858791139594,32.1925,142.5361,5.0
4.421723611111111,5.3660000000000005,0.5274719581804046,-0.4058010170865706,16.3235,-98.9935,5.0
1.4246058333333333,5.255999999999999,0.41341934588932444,0.1649381200425995,46.7091,152.5744,5.2
3.2365169444444444,5.246,0.41878660702346165,-0.21677272328757827,41.9079,144.7601,5.0
2.5384713888888886,5.116,0.10490207073476866,-0.4178858791139594,-3.4223,145.3795,5.1
11.97649611111111,5.16,0.15776212754931992,-0.09019446834663716,-35.6283,-179.2027,5.5
16.43522861111111,5.22,0.2820559440174166,-0.37816570811185973,-14.5218,-76.1705,5.9
2.502870833333333,5.23,0.2790858091857944,-0.43094388533089967,-14.5431,-76.1611,5.2
0.7160638888888888,5.2299999999999995,0.2790858091857944,-0.4178858791139594,-14.52,-76.2201,5.2
0.5760813888888889,5.29,0.3314949304120519,-0.36823566536133484,-14.5133,-76.2261,5.8
11.508503333333334,5.3,0.32317865716109245,2.099191287331847,-19.0172,-66.9241,5.1
5.733799722222222,5.34,0.30623157540949514,-0.4178858791139594,-15.4086,-172.7856,5.4
1.4559905555555555,5.32,0.3224903099319467,-0.12258626779884946,-11.0247,162.2806,5.0
0.23781305555555554,5.33,0.312872000806867,-0.4178858791139594,-6.9706,150.0341,5.1
1.4822761111111111,5.36,0.30258148581094585,-0.4178858791139594,-16.3105,166.8174,5.4
0.17815999999999999,5.32,0.308400893499215,-0.25527149903136337,-14.3867,-76.1584,5.1
21.65273861111111,5.25,0.23213980461973802,-0.4178858791139594,-16.8379,-172.8407,5.2
3.947055833333333,5.25,0.23213980461973802,1.2689900631742113,1.8439,99.5189,5.2
9.881041111111111,5.31,0.28848262031225547,-0.4178858791139594,-39.2143,-92.4382,5.8
5.138264444444444,5.29,0.25582111805800295,0.9658457180861868,-2.4103,-76.2393,5.6
0.02035666666666667,5.29,0.25582111805800295,-0.4178858791139594,-1.3079,-23.63,5.1
0.030126944444444442,5.25,0.2677063067368191,-0.18292120755103886,-14.223,-76.0005,5.0
0.7173997222222223,5.25,0.2677063067368191,0.06964942980856242,-58.9602,-25.7235,5.0
7.567324444444444,5.29,0.27264140062238446,2.1760100980499075,39.8773,15.6395,5.5
10.788747500000001,5.25,0.2838231060987754,0.587223118051422,24.7659,122.6233,5.0
5.091471944444444,5.24,0.29135697844549696,-0.4178858791139594,12.4505,-89.1116,5.0
8.520922222222222,5.220000000000001,0.30110906108363306,-0.4178858791139594,33.1963,92.0137,5.0
1.6498619444444445,5.209999999999999,0.30349812373573465,-0.3754448763982159,41.9614,144.9414,5.1
2.8683661111111114,5.16,0.22705848487901625,0.6097047348386105,-22.3149,-68.8742,5.3
2.253515277777778,5.2,0.3265986323710903,-0.4178858791139594,31.5042,-133.351,6.0
8.241278888888889,5.1899999999999995,0.33149493041204803,-0.08139645046967206,19.5364,121.7653,5.0
1.1699969444444442,5.3,0.42946995755750683,-0.26893523785608564,-60.7841,-25.7774,6.1
14.5420175,5.31,0.4228212125447118,1.0038082715214434,45.5117,26.4901,5.1
13.938760833333333,5.29,0.41753243386991556,0.26951140024837744,-6.565,130.5014,5.3
2.0169894444444445,5.33,0.4056544780420384,-0.4178858791139594,53.791,-35.4874,5.4
0.19413638888888887,5.38,0.39101008796307707,-0.4178858791139594,-41.0201,-16.6513,5.5
7.445885833333333,5.45,0.3778594682918293,-0.09019446834663716,13.1449,-89.5573,5.7
5.610130555555556,5.55,0.40620192023180857,-0.4178858791139594,28.1573,-112.3106,6.1
4.604846944444445,5.52,0.4366539438350173,-0.32480165837053887,-20.1565,-70.7006,5.0
9.599640555555554,5.45,0.40620192023180557,3.2967941632161537,-21.1287,-177.6535,5.3
7.452232777777778,5.45,0.40620192023180557,0.366567638092008,4.1071,126.2033,5.0
0.25300833333333334,5.34,0.35652645218989637,-0.30774184492513706,-35.5462,-73.6859,5.0
0.5775005555555556,5.33,0.3653004851412704,-0.4178858791139594,-9.8014,159.451,5.0
3.6776927777777777,5.31,0.37252889522529703,-0.15650729383464254,-33.3848,-68.5697,5.1
3.3743286111111113,5.279999999999999,0.37653389990514735,-0.23115142519033835,3.6718,126.8508,5.1
3.3450663888888887,5.24,0.37178249316263257,-0.4178858791139594,-9.7685,154.881,5.1
5.122836388888889,5.2299999999999995,0.35916569992135994,1.7766535687520473,2.5867,124.6644,5.6
1.966243611111111,5.12,0.19321835661585213,-0.20687247066530493,-5.4317,152.2799,5.0
1.8461236111111112,5.14,0.18973665961009714,-0.4178858791139594,-17.7112,-13.0551,5.2
0.5264141666666666,5.13,0.18287822299126277,-0.2809307294987197,43.2618,146.7898,5.2
2.743187222222222,5.13,0.18287822299126277,-0.23024779130004058,-17.5594,-70.2162,5.0
2.899313888888889,5.14,0.17763883459298382,-0.03127952470777284,51.5505,-175.9828,5.1
9.0158525,5.15,0.17159383568311148,-0.4178858791139594,-60.7313,-25.2007,5.1
8.372235555555555,5.15,0.17159383568311148,0.23687134972740198,37.0086,71.0964,5.1
2.1455194444444445,5.16,0.1712697677155307,-0.13529672251952135,19.0276,121.1895,5.2
5.373312222222222,5.15,0.17795130420051683,-0.04742577422012633,52.2119,159.6515,5.0
14.500503611111112,5.109999999999999,0.08755950357707475,-0.4178858791139594,-19.0771,167.6452,5.2
7.412401111111111,5.109999999999999,0.08755950357707475,0.3736676186586332,-33.6656,-70.7391,5.0
2.7060694444444446,5.090000000000001,0.08755950357707137,-0.4178858791139594,21.697,-76.4765,5.0
2.939728888888889,5.09,0.08755950357707137,1.1902646842480498,15.3099,120.8566,5.2
5.955933055555556,5.16,0.20655911179772546,-0.4079558363634345,29.2917,81.1593,5.7
4.796693611111111,5.159999999999999,0.20655911179772546,0.020277257252952527,-4.2315,-80.5466,5.1
2.612273611111111,5.15,0.2121320343559602,-0.1696348103508365,2.8811,128.6623,5.0
2.258905277777778,5.2,0.25385910352879637,-0.43774596461500925,43.9315,13.3152,5.6
3.5211586111111113,5.36,0.5660781257427713,5.742504112413938,-26.0077,178.2776,6.8
0.2059,5.5600000000000005,0.748628375393596,6.036641908727236,-26.0901,178.3427,7.0
0.39159499999999997,5.7,0.8027729719194955,5.683767909544583,-25.5781,178.2612,6.6
7.586781666666667,5.71,0.7936553968120571,5.946487050595221,-26.0561,178.4143,5.1
11.188718611111112,5.76,0.7589466384404219,-0.36823566536133484,28.3835,94.4118,5.5
5.408384166666667,5.76,0.7589466384404219,-0.22916541664023338,-14.7975,166.8704,5.2
24.386365555555553,5.92,0.9003702941938322,-0.14977472484978666,-19.2881,-172.1471,7.3
0.8451255555555556,5.909999999999999,0.9109823757290312,-0.4178858791139594,-3.7365,100.5702,5.0
0.30120305555555554,5.92,0.9003702941938322,-0.3534895518768053,-18.1471,-172.0528,5.1
2.571724166666667,5.89,0.917060521448841,-0.4178858791139594,-15.6171,-13.2489,5.3
0.48693250000000005,5.709999999999999,0.8949860334105859,-0.4178858791139594,-15.5834,-13.2234,5.0
2.522085833333333,5.54,0.7763160868271863,-0.4178858791139594,25.0518,128.8451,5.3
11.122823055555555,5.46,0.6915361322608014,0.41169968239314375,14.1024,-90.94,5.8
2.490884722222222,5.65,0.828988674363067,5.232308445934718,-20.1112,-178.3453,7.0
0.3386036111111111,5.61,0.8464960458003138,5.132233475094928,-20.1451,-178.3871,5.1
3.3074383333333333,5.6,0.8524474568363013,-0.4178858791139594,2.2271,129.3044,5.1
2.5133702777777778,5.39,0.6118278625016494,0.03296785188812336,-8.0496,107.418,5.2
1.1382591666666668,5.41,0.6008327554319959,-0.4178858791139594,29.3523,81.1777,5.2
11.344589722222223,5.42,0.5959119994689787,-0.3916407761243221,22.3921,121.1618,5.2
0.6043244444444446,5.46,0.6003702561290414,-0.29718620948132907,-37.553,-73.7598,5.7
0.015724444444444444,5.58,0.6178816859057956,-0.3384455371097601,-37.4652,-73.6757,6.2
5.8639230555555555,5.56,0.6310485101973002,-0.1696348103508365,44.002,148.2124,5.1
6.892773611111111,5.5,0.6342099196813545,-0.12221885621708004,-8.9501,108.8343,5.2
7.3053138888888896,5.3,0.3681787005729102,2.684775838373052,21.509,143.103,5.0
2.7108608333333333,5.3,0.3681787005729102,-0.4178858791139594,53.9688,-35.4727,5.1
3.881034166666667,5.4,0.4371625682868051,5.7405776841203355,-26.0027,178.2034,6.1
3.0706205555555557,5.49,0.481779110289268,2.9186084850624128,33.8139,137.3055,6.1
6.890759166666666,5.529999999999999,0.47152235719352936,-0.4178858791139594,-64.0075,-167.855,5.6
16.02393083333333,5.51,0.4909175083453515,2.031448535687766,-6.1713,129.0225,5.0
14.181537500000001,5.46,0.49486249493055695,-0.4178858791139594,-42.7796,124.5965,5.2
0.057507777777777776,5.359999999999999,0.42478752858864355,-0.031041203681760235,-59.6752,-26.1678,5.2
8.73124,5.4,0.416333199893232,-0.4178858791139594,-4.7623,100.7623,5.5
3.3534341666666663,5.39,0.4228212125447137,-0.22119159231156188,-5.3485,102.3662,5.1
12.166689722222221,5.43,0.40013886478461036,-0.44864113188374954,31.6367452,-103.9987871,5.4
0.902283888888889,5.5,0.39721250959377613,0.8531595929532299,-11.7284,166.6162,5.8
5.8826975,5.390000000000001,0.36347092196091196,0.8619079606164424,-1.9348,-78.0817,5.0
0.3753288888888889,5.28,0.2820559440174167,-0.4178858791139594,-11.3186,164.0002,5.0
1.8259497222222223,5.2299999999999995,0.2626785107312717,0.3003541130315078,-5.1276,153.8225,5.1
4.826335,5.279999999999999,0.26161889160464874,-0.38323002991462746,-22.2473,170.2616,5.5
0.4490769444444444,5.26,0.2756809750418042,-0.47746613561710893,19.037,-67.2915,5.0
2.1849733333333337,5.24,0.287518115371303,-0.4178858791139594,26.9637,55.2174,5.0
16.625734444444443,5.2,0.2748737083745071,-0.1051491127289277,-29.7236,-177.6365,5.1
5.073270833333334,5.1899999999999995,0.28067379246694096,-0.4178858791139594,-22.0518,170.2488,5.0
1.9277399999999998,5.34,0.611373680965889,-0.26893523785608564,-4.9043,100.7862,6.9
0.4977613888888889,5.3,0.5906681715556462,-0.4178858791139594,-4.6015,100.5808,5.4
10.710503611111111,5.35,0.5835713800003893,-0.4178858791139594,-52.3135,13.7826,5.5
1.4790469444444445,5.35,0.5835713800003893,-0.2833735200153489,16.0337,119.4751,5.0
12.086342222222223,5.340000000000001,0.5891613625409544,-0.3417224512174333,55.6887,162.5706,5.0
2.781801666666667,5.32,0.586515131944609,0.32132636332061637,-59.817,-26.5158,5.3
1.300518888888889,5.32,0.586515131944609,0.17779752540452928,-7.7701,107.9887,5.0
1.5608355555555555,5.33,0.58128210783482,0.1009290644727159,-59.7975,-26.455,5.1
10.124728611111111,5.32,0.586515131944609,-0.4178858791139594,-6.527,143.319,5.0
7.660898888888889,5.33,0.58128210783482,-0.4178858791139594,-10.4363,123.7732,5.1
9.594721944444446,5.19,0.21317702607092032,0.10840638666386115,35.8357,26.4319,5.5
5.011181388888889,5.18,0.20439612955673794,3.714372320961228,29.203,139.3653,5.3
1.9245419444444443,5.1899999999999995,0.2233582075700068,-0.4178858791139594,-6.836,106.9968,5.6
4.575679444444445,5.209999999999999,0.21317702607092182,-0.4178858791139594,-20.9466,-174.0411,5.2
4.230414166666667,5.26,0.217050941281329,-0.3859409315855208,52.2913,-168.1639,5.5
0.5512741666666666,5.25,0.21730674684008705,-0.4178858791139594,43.4874,-127.3382,5.2
6.054237777777778,5.2700000000000005,0.20027758514399777,-0.31598378040807273,55.5111,162.8576,5.2
0.6657041666666667,5.27,0.20027758514399777,-0.16261427012621538,55.5485,162.6418,5.1
3.6226416666666665,5.47,0.5657836257007784,-0.37816570811185973,-9.8198,159.6033,7.0
0.07962194444444445,5.51,0.5506561742341867,-0.4178858791139594,-9.7991,159.4073,5.5
0.01789861111111111,5.5,0.5517648452415692,-0.4178858791139594,34.8686,-34.7759,5.4
0.06809611111111111,5.529999999999999,0.5478239782184791,-0.4178858791139594,-9.7898,159.554,5.6
0.022949722222222222,5.51,0.5486346689738162,-0.4178858791139594,-9.7759,159.677,5.4
0.2728816666666667,5.49,0.5646040894093718,-0.4178858791139594,-9.8219,159.5972,5.0
0.11928472222222222,5.540000000000001,0.5872724145478815,-0.4178858791139594,-9.8203,159.4589,6.0
0.34189916666666664,5.5200000000000005,0.6033241251599418,-0.4178858791139594,-9.7518,159.7173,5.0
1.3591305555555555,5.5,0.6182412330330538,-0.4178858791139594,-9.7856,159.4976,5.0
1.6829219444444445,5.5,0.6182412330330538,-0.4178858791139594,-14.9687,166.0689,5.1
0.13806527777777777,5.3100000000000005,0.33149493041205097,-0.3467470528491989,-9.7531,159.4251,5.1
2.6898977777777775,5.2700000000000005,0.33015148038438386,-0.4178858791139594,-9.6597,159.445,5.1
3.219457777777778,5.26,0.3272783388968951,-0.4178858791139594,-31.0201,-179.0525,5.3
0.14972305555555557,5.220000000000001,0.3047767853509962,-0.4178858791139594,-9.8356,159.611,5.2
4.1982647222222225,5.199999999999999,0.2981423969999679,0.1496160640785396,-5.6417,130.8544,5.2
0.23960083333333332,5.32,0.42373996218855475,-0.4178858791139594,30.7936,-116.3907,6.2
4.568119722222222,5.2700000000000005,0.3591656999213599,0.66569031586607,-59.9253,-27.8646,5.5
3.917893055555556,5.380000000000001,0.4289522117905495,-0.4178858791139594,40.8356,30.9831,6.1
5.903343055555555,5.38,0.4289522117905495,-0.4178858791139594,-59.8498,-26.1944,5.0
0.18988555555555556,5.37,0.43728963196287446,-0.4178858791139594,-9.8236,159.4217,5.0
9.643188333333335,5.38,0.43153472887153194,-0.19605865410998333,33.7349,141.3584,5.2
0.2005861111111111,5.39,0.4254409477236585,-0.4178858791139594,72.5184,3.2541,5.2
3.8156275,5.37,0.4347413023856877,-0.29646131636054074,-31.1285,-178.9375,5.1
5.300240555555556,5.359999999999999,0.44020197384584875,-0.29893389700542145,-4.3213,100.387,5.1
7.066551111111111,5.37,0.43728963196287446,-0.4178858791139594,-9.8391,159.5413,5.3
4.427278611111111,5.25,0.33747427885527526,-0.4178858791139594,12.1178,143.6763,5.0
1.33496,5.21,0.3281259920619888,-0.2862532324130011,-16.0958,-172.6681,5.1
0.06581250000000001,5.109999999999999,0.09944289260114392,-0.05787217919367854,18.3758,120.8234,5.1
0.14001166666666665,5.119999999999999,0.09189365834723638,-0.2653604224658967,-9.8042,159.7973,5.1
7.501716388888889,5.119999999999999,0.09189365834723638,-0.2595414174140891,-9.7429,159.4904,5.0
4.506448333333333,5.1,0.09428090415817113,-0.4178858791139594,-30.9969,-179.1179,5.0
8.237035555555556,5.08,0.09189365834722767,4.875124808198336,-18.2595,-178.0449,5.0
1.9431675000000002,5.08,0.09189365834722767,-0.3572728981647553,-9.8814,159.8943,5.1
0.3682622222222222,5.140000000000001,0.21705094128131786,-0.26893523785608564,-9.8314,159.7962,5.7
9.38176611111111,5.109999999999999,0.21317702607091182,0.48046522844052875,-55.9893,-27.7566,5.0
6.929742777777778,5.17,0.2584139659108499,-0.348375579860285,18.7607,146.9612,5.6
0.16336833333333334,5.17,0.2584139659108499,-0.24764522619896026,18.7332,147.0734,5.1
12.478475555555557,5.16,0.2633122354417452,0.13399610683196386,49.3717,155.6283,5.0
3.9207372222222223,5.16,0.2633122354417452,0.5724968646523937,-5.8769,130.4978,5.1
3.2978788888888886,5.16,0.2633122354417452,-0.14890088108774047,-16.7976,-173.4055,5.0
0.8944780555555556,5.21,0.276686746259291,-0.4178858791139594,-24.8359,-112.1279,5.5
1.8758677777777777,5.21,0.276686746259291,0.03912447839344885,9.3616,126.378,5.0
0.012736944444444445,5.2,0.2828427124746143,-0.4178858791139594,-31.0984,-178.7976,5.0
0.2618863888888889,5.17,0.235937844922477,0.2871272960878086,49.5075,155.4162,5.4
5.540795555555556,5.180000000000001,0.22997584414213032,-0.4178858791139594,-31.0499,-179.1274,5.1
3.530086111111111,5.17,0.21108186931982517,-0.4178858791139594,-55.0757,-128.5306,5.5
6.797490833333334,5.16,0.21705094128131983,-0.4178858791139594,21.4723,144.1049,5.0
5.989524444444444,5.25,0.3100179206289697,-0.4178858791139594,37.0894,-32.4044,5.9
0.08749305555555556,5.24,0.3169297153067903,-0.4178858791139594,-31.0731,-179.0872,5.0
6.563355277777778,5.279999999999999,0.30840089349921024,-0.4178858791139594,-21.3996,-174.2135,5.4
12.937128333333332,5.2299999999999995,0.3093002855909852,-0.4178858791139594,-2.9475,129.7907,5.0
6.640069166666667,5.24,0.302581485810937,-0.4178858791139594,-31.1842,-178.988,5.1
2.2150836111111114,5.26,0.2913569784454944,-0.4178858791139594,-33.2855,-178.0296,5.2
6.2580625,5.2299999999999995,0.29078437983418903,-0.4178858791139594,-27.0964,-176.3739,5.1
2.3549080555555557,5.27,0.29832867780352545,-0.4178858791139594,53.8201,-35.1544,5.5
0.04222305555555555,5.2299999999999995,0.29078437983418903,-0.4178858791139594,26.4225,129.2547,5.1
0.13904388888888888,5.2299999999999995,0.29078437983418903,-0.4178858791139594,53.8829,-35.0164,5.0
3.4385588888888887,5.14,0.17763883459297616,5.487450964366705,-20.8179,-178.8822,5.0
4.3113302777777776,5.1899999999999995,0.20248456731315825,-0.4178858791139594,53.9193,-35.1038,5.5
1.0882091666666667,5.18,0.19321835661585024,-0.47746613561710893,56.1593,-116.576,5.3
0.19516805555555555,5.2,0.18257418583504778,-0.4178858791139594,-54.2592,-136.4989,5.2
2.639143611111111,5.1899999999999995,0.19119507199599167,-0.03949167006245693,37.2802,141.7077,5.0
7.033675555555556,5.2,0.19436506316150287,-0.463355544868613,-38.8102,175.9149,5.3
4.4948925,5.26,0.24585451886114212,-0.4576060501160591,26.8866,55.2391,5.7
17.200163611111112,5.220000000000001,0.23475755815544896,-0.4178858791139594,-5.0322,100.7331,5.1
2.5503594444444446,5.25,0.236877840059196,-0.4178858791139594,-0.5028,-19.9024,5.4
2.4677511111111112,5.26,0.22705848487901706,-0.36026184103266334,7.5315,-82.3984,5.1
15.617036666666667,5.2700000000000005,0.21628170930011023,1.172767948921625,-38.3366,176.076,5.1
3.7905699999999998,5.220000000000001,0.21499353995462314,1.0080682598614186,-0.0397,123.2458,5.0
3.6656088888888885,5.25,0.2460803843372211,-0.4178858791139594,-53.9482,2.729,5.6
14.9908225,5.2299999999999995,0.25841396591085397,-0.19503585970667925,-56.3066,-25.5892,5.0
6.250608888888888,5.29,0.26853512081497144,0.6744188234437813,-7.2331,107.6139,5.6
1.1832158333333334,5.26,0.2836272984824339,-0.14283362496716978,-22.5009,171.2854,5.0
16.655285,5.1899999999999995,0.24698178070456298,-0.4178858791139594,53.8926,-35.6101,5.0
6.220555833333333,5.2299999999999995,0.2626785107312704,-0.4178858791139594,-1.0138,10.2364,5.5
1.3462041666666666,5.2299999999999995,0.2626785107312704,-0.4178858791139594,53.9304,-35.5687,5.4
7.7689825,5.27,0.27100635498903686,0.8599616722373394,-21.6779,170.7032,5.5
0.4021958333333333,5.4399999999999995,0.5460972644339349,-0.13984468209926176,-15.3497,-172.9867,6.8
1.0517322222222223,5.4399999999999995,0.5460972644339349,-0.4178858791139594,-15.0321,-173.1226,5.0
0.6173602777777777,5.380000000000001,0.5593647190240834,1.1550924728256906,-27.9289,-66.6214,5.0
2.5650850000000003,5.380000000000001,0.5593647190240834,-0.34428440224706874,-15.5201,-171.6683,5.0
2.8829841666666667,5.33,0.5598610938835147,-0.1709157858656542,19.2274,146.5544,5.1
3.0637858333333337,5.41,0.5646040894093681,0.2672870706722598,-11.2727,166.2446,5.8
8.772113333333333,5.45,0.5461989869391362,0.9847624495259365,-15.2383,-174.2033,5.4
1.9659175,5.46,0.5481281277625243,-0.12991463934873684,-15.2285,-173.1022,5.6
0.0713575,5.430000000000001,0.5598610938835178,-0.4178858791139594,-26.5226,-113.9352,5.1
1.8754194444444445,5.430000000000001,0.5598610938835178,-0.4178858791139594,-26.6668,-114.0671,5.5
11.696385,5.3,0.29439202887759497,-0.4178858791139594,-34.1177,-112.4366,5.5
0.16359388888888887,5.39,0.32812599206199744,-0.348375579860285,-10.7234,113.386,5.9
1.8951755555555554,5.39,0.32812599206199744,1.1326902963805063,0.0066,123.2081,5.0
1.5556847222222223,5.4399999999999995,0.2988868236194739,-0.4178858791139594,-40.8109,78.5642,5.5
0.7866183333333333,5.459999999999999,0.2796823595120509,-0.4178858791139594,-10.5362,113.448,5.3
17.664331944444445,5.38,0.2859681411937013,-0.4178858791139594,-60.8895,-25.5048,5.0
1.0590877777777779,5.36,0.29135697844549907,-0.4178858791139594,14.503,123.0492,5.2
1.7967394444444444,5.3,0.29814239699997175,-0.4178858791139594,-3.3975,130.8352,5.0
1.8043572222222222,5.29,0.30713731999438426,-0.12379773301441349,-13.9216,166.7512,5.0
8.215417222222221,5.26,0.2988868236194625,-0.22676234629460634,23.7264,121.6497,5.2
3.3931891666666667,5.25,0.29154759474226155,-0.4178858791139594,-9.2315,158.0104,5.4
4.548158333333333,5.24,0.2674987019698471,0.5453282676869575,-6.7109,107.1456,5.8
4.134140277777778,5.24,0.2674987019698471,0.02831066183812716,-2.7657,139.1064,5.0
1.7212875,5.24,0.2674987019698471,0.09183314531323511,42.236,46.9267,5.5
3.4056819444444444,5.26,0.2796823595120373,-0.4178858791139594,-14.9567,-173.0672,5.5
2.6239030555555556,5.3,0.2666666666666663,-0.4178858791139594,45.2244,-27.9027,5.4
2.0235141666666667,5.34,0.27968235951204273,-0.4178858791139594,-63.1145,-163.6702,5.6
8.558871944444444,5.34,0.27968235951204273,-0.4178858791139594,-15.7027,-72.2282,5.0
5.502408611111111,5.36,0.25905812303634324,0.05049437734279984,-56.3735,-26.6644,5.2
1.731321111111111,5.42,0.2859681411937038,-0.4278159218644843,13.1588,125.8253,5.8
1.5577047222222222,5.39,0.3034981237357396,-0.4178858791139594,-44.2286,-79.0514,5.1
9.032903888888889,5.34,0.2674987019698542,-0.4525814484842935,-7.1698,-13.2076,5.3
2.8918516666666663,5.4,0.24944382578493662,0.1994251585151725,6.4472,126.1762,5.6
10.659232777777778,5.41,0.2558211180580063,0.6446286951922067,-23.0906,-68.1419,5.6
0.738428611111111,5.4,0.253859103528804,-0.3020022802153336,-33.646,-72.079,5.4
4.599863888888889,5.36,0.2836272984824389,0.26524148186565166,-56.3417,-26.8518,5.0
10.155166111111111,5.32,0.2740640638812605,-0.10794938478457569,51.9179,175.3114,5.2
0.32262888888888885,5.33,0.26267851073127574,5.425596728073686,-25.2387,178.5214,5.1
8.164875555555556,5.369999999999999,0.2710063549890424,-0.19942493860241126,-58.7309,-25.4268,5.6
7.852181666666667,5.39,0.3107338983045763,-0.3384455371097601,17.1801,-100.53,6.0
0.5283594444444445,5.38,0.3224903099319464,1.3651923173412965,14.1437,-89.8707,5.0
3.4720583333333335,5.35,0.343996124009174,5.54352591577892,-21.1936,-178.8922,5.0
7.1129911111111115,5.29,0.3478505426185209,-0.2080144255816153,-9.7258,159.5844,5.0
16.821388333333335,5.279999999999999,0.33928028399998456,-0.4178858791139594,4.8488,-82.7665,5.5
16.179818333333333,5.26,0.33730961708462465,-0.4178858791139594,-8.256,115.6356,5.2
1.7991613888888889,5.3,0.3265986323710902,-0.4178858791139594,-28.144,-178.2324,5.4
1.8024344444444445,5.29,0.33149493041204775,-0.4178858791139594,33.9776,57.144,5.1
0.18050055555555555,5.340000000000001,0.3373096170846291,-0.32851549435923516,27.5074,129.5492,5.6
16.046206666666667,5.34,0.3373096170846291,-0.4178858791139594,-62.9382,155.8936,5.6
12.206483333333333,5.37,0.4083843505544503,0.20770681416911033,51.6079,178.5971,6.3
9.380255277777778,5.46,0.4168666186896997,-0.3880957508623847,23.7695,121.8115,5.9
2.5721325,5.470000000000001,0.4056544780420422,-0.4178858791139594,-57.2607,147.8254,5.1
2.620710277777778,5.49,0.3842742076521316,0.17972395369813113,-60.0405,-26.945,5.2
5.292592777777777,5.5,0.385861230093017,0.14647817056937373,12.9159,-88.5083,5.6
0.17269472222222224,5.5,0.385861230093017,-0.4178858791139594,-13.7191,165.8626,5.2
1.031311388888889,5.46,0.4168666186896998,-0.4190576241585214,-3.0409,142.2261,5.0
18.653381111111113,5.47,0.4083843505544549,-0.4178858791139594,-7.1222,-80.4818,5.2
0.40004055555555557,5.409999999999999,0.430632609592502,-0.1696348103508365,-58.7849,-25.2723,5.0
0.21564194444444446,5.35,0.44284434185288246,0.8698023446031096,13.6187,120.8179,5.0
12.578207777777779,5.24,0.2913569784454908,-0.4358364173940833,32.191,-102.141,5.2
10.184225277777779,5.18,0.18135294011645856,-0.39077686240502635,1.4701,-79.3053,5.3
2.962379166666667,5.18,0.18135294011645856,-0.4178858791139594,33.3277,-20.0022,5.1
5.363118888888889,5.220000000000001,0.2250925735484471,-0.2192850241034611,31.7958,131.6429,5.6
3.6591733333333334,5.16,0.1897366596100873,-0.4178858791139594,53.9163,-35.2089,5.0
9.271140277777778,5.15,0.19002923751650655,0.6184133823308209,26.7769,126.612,5.1
6.531916111111111,5.17,0.1828782229912544,-0.4178858791139594,15.6711,119.5725,5.2
15.169542777777778,5.15,0.19002923751650655,0.029452616754437545,-59.4945,-26.0057,5.0
1.1049577777777777,5.16,0.18378731669452034,0.5732416178586831,-5.3796,104.6469,5.1
3.2616630555555552,5.16,0.18378731669452034,-0.3784834694798765,17.245,120.7169,5.0
17.858821388888888,5.17,0.18885620632285607,-0.4178858791139594,-35.4012,-104.6807,5.3
3.5983352777777777,5.16,0.18378731669452034,-0.3936267846744271,17.7762,-60.9512,5.2
4.0171672222222226,5.29,0.4306326095924966,-0.33933924095730733,40.525,-124.423,6.4
1.8955108333333333,5.25,0.41699986677322404,-0.3811943711507698,17.7098,-60.9317,5.2
0.4084772222222222,5.27,0.4083843505544455,-0.4178858791139594,-16.7985,-176.9918,5.2
3.767281111111111,5.319999999999999,0.41579909678700494,-0.12991463934873684,-33.7962,-179.7541,5.6
6.5844763888888895,5.33,0.41379007023154,-0.4178858791139594,-26.4167,-176.3076,5.3
5.348111388888889,5.37,0.39735234853828516,-0.4178858791139594,-26.3901,-176.3812,5.4
1.0221522222222221,5.37,0.39735234853828516,-0.4178858791139594,-38.719,77.9868,5.1
5.672516944444445,5.4,0.37712361663282934,-0.4178858791139594,-6.1162,151.8194,5.3
5.6346138888888895,5.4,0.37712361663282934,-0.4178858791139594,19.4737,-108.6682,5.3
4.245006388888888,5.39,0.38427420765212617,-0.23876776797999097,-31.3468,-178.418,5.1
11.783899166666666,5.26,0.15776212754931748,-0.4178858791139594,-37.8971,49.3318,5.1
4.296494722222222,5.29,0.17288403306519703,1.03174148177867,-7.9816,-74.4173,5.5
3.434218611111111,5.2700000000000005,0.1946506842754154,-0.41141149124061716,41.5245,140.4836,5.0
15.990370277777778,5.29,0.23781411975649128,-0.4178858791139594,-65.357,-179.7737,5.8
11.407656666666666,5.279999999999999,0.23944379994757062,-0.4178858791139594,-45.5705,-76.7349,5.2
7.943691666666667,5.24,0.25033311140690956,-0.4178858791139594,-27.6296,-177.1003,5.0
0.9704177777777777,5.2299999999999995,0.258413965910852,-0.4178858791139594,9.7245,138.5394,5.0
3.616420833333333,5.25,0.27182510717166425,4.646326693183493,28.2943,138.8056,5.5
4.8160041666666675,5.25,0.27182510717166425,-0.4178858791139594,34.0313,57.1703,5.3
6.625062777777777,5.24,0.27968235951203596,1.1855280538560493,-24.0291,-66.9033,5.0
0.9236772222222221,5.2299999999999995,0.28693785622209295,-0.05188436341511207,-9.1684,109.5722,5.0
8.769415,5.1899999999999995,0.27264140062237263,1.8577621579383348,18.5988,145.4632,5.1
5.2071097222222225,5.209999999999999,0.26436506745197136,-0.4178858791139594,-59.3436,149.4928,5.2
0.5105488888888889,5.14,0.16465452046969484,-0.1696348103508365,47.1983,153.6562,5.1
8.319626944444444,5.159999999999999,0.18378731669452206,-0.4178858791139594,-26.4266,-115.3527,5.4
0.12230972222222222,5.159999999999999,0.18378731669452206,-0.4178858791139594,-26.5748,-115.4717,5.0
7.330623888888889,5.159999999999999,0.18378731669452206,0.20128207650952065,-6.0916,148.5577,5.0
2.2456144444444446,5.159999999999999,0.18378731669452206,4.601502480207623,-19.2301,-177.561,5.5
4.119221666666666,5.14,0.17763883459297303,-0.3247520081567862,-58.6448,-25.011,5.1
2.5154699999999997,5.14,0.17763883459297303,-0.4178858791139594,30.2172,142.239,5.0
0.2525975,5.1899999999999995,0.20248456731315553,-0.4178858791139594,14.5212,40.0211,5.5
11.257784722222222,5.18,0.20976176963401946,-0.4178858791139594,-57.141,-25.1331,5.0
1.4029566666666666,5.209999999999999,0.23309511649395379,-0.4178858791139594,-22.0141,-174.4863,5.5
26.819142777777778,5.2,0.24037008503092466,-0.4178858791139594,-3.3841,130.8043,5.0
3.9151194444444446,5.18,0.2299758441421279,-0.1696348103508365,44.3818,148.6289,5.2
4.658608055555556,5.18,0.2299758441421279,-0.41476784569029457,38.5814,23.7093,5.0
3.8434002777777776,5.1899999999999995,0.2233582075700033,-0.4178858791139594,14.6191,39.9519,5.1
0.3228625,5.25,0.3566822426505421,-0.47746613561710893,-21.2566,171.3773,6.1
0.7045791666666668,5.25,0.3566822426505421,-0.4178858791139594,41.7998,79.5619,5.1
3.908023888888889,5.279999999999999,0.34576806613039707,0.22332677141568594,-16.5084,-72.2643,5.3
3.4162244444444445,5.24,0.3405877273185245,-0.21393273106092814,29.208,130.6175,5.1
5.579973333333333,5.24,0.3405877273185245,0.4344891305055983,-23.4737,-176.8245,5.0
7.0460666666666665,5.21,0.32812599206198695,0.8818276263739954,6.2316,126.1831,5.2
10.2196275,5.24,0.32041639575194064,-0.4178858791139594,-0.2127,97.3082,5.3
4.835687777777777,5.22,0.32930904093942104,-0.4178858791139594,-0.2207,97.3016,5.0
0.2824230555555555,5.22,0.32930904093942104,-0.4178858791139594,-7.0561,102.806,5.0
0.7572122222222222,5.24,0.3272783388968917,-0.3888007838976719,-45.8405,-76.402,5.3
4.380739444444444,5.17,0.1494434118097161,-0.2923701387473245,-21.8971,-174.7611,5.4
2.4766480555555557,5.16,0.15776212754930632,-0.1696348103508365,-7.9548,128.8795,5.0
8.861561111111111,5.15,0.15092308563560494,-0.4178858791139594,-52.7091,27.9903,5.2
0.8507661111111111,5.16,0.15055453054179865,-0.414529524664282,-14.9955,-75.7501,5.2
29.379125833333333,5.2,0.15634719199410196,-0.1696348103508365,-6.7065,155.232,5.4
3.779838333333333,5.2,0.15634719199410196,-0.0741475192617889,-58.8596,-25.6498,5.2
9.357138888888889,5.180000000000001,0.15491933384828194,5.398378480894498,-25.2057,178.5092,5.1
2.0013183333333333,5.23,0.170293863659256,-0.21104308862052543,-2.5533,140.8007,5.5
0.036200555555555555,5.3100000000000005,0.22827858224351966,-0.4178858791139594,-56.2415,-123.5343,5.8
0.13941166666666666,5.3149999999999995,0.22858258901325018,-0.2130290971706304,40.409,-123.971,5.35
12.756243055555554,5.305,0.22662989897873395,-0.4178858791139594,40.4756,-29.3491,5.3
3.325689166666667,5.305,0.22662989897873395,-0.4178858791139594,5.4686,97.1178,5.0
7.7132825,5.3149999999999995,0.223668902124945,0.5675020531488797,45.9418,150.8008,5.3
1.0407922222222221,5.3149999999999995,0.223668902124945,-0.4178858791139594,30.2167,-41.9612,5.2
3.5999155555555555,5.295,0.22416511771459807,-0.4178858791139594,31.1665,141.7623,5.2
8.122743055555556,5.285,0.2310002405001136,-0.1696348103508365,40.2108,142.6435,5.1
4.576153888888888,5.284999999999999,0.2310002405001136,0.049183611699730574,10.3251,125.8803,5.1
1.2056330555555557,5.244999999999999,0.2241651177145936,-0.4178858791139594,-2.4745,140.8809,5.1
0.2272288888888889,5.215,0.14916433890175082,-0.4178858791139594,-65.1631,179.2943,5.5
1.7404144444444445,5.24,0.18973665961009586,-0.4178858791139594,-65.4071,178.8954,5.6
1.763711111111111,5.21,0.2024845673131564,-0.4178858791139594,-37.6553,175.7164,5.0
1.6673933333333333,5.26,0.20655911179772452,-0.4178858791139594,0.8467,-29.2475,5.5
3.5452475,5.26,0.20655911179772452,-0.1880351795675592,-57.7447,-25.3787,5.3
2.1090144444444445,5.24,0.22211108331942994,-0.20284087330859182,-57.7446,-25.1755,5.0
2.058165277777778,5.22,0.2347575581554463,-0.4178858791139594,0.0764,170.0324,5.0
0.09708416666666667,5.25,0.23687784005919355,-0.4178858791139594,53.8855,-35.0411,5.4
10.1495675,5.25,0.23687784005919355,-0.3209388717405846,-2.4959,140.7411,5.1
11.113339444444444,5.25,0.23687784005919355,0.73681921208808,-19.1636,-68.9655,5.1
7.616619166666667,5.2299999999999995,0.2213594362117798,-0.3034917866279124,-14.949,166.8342,5.3
7.4185702777777776,5.27,0.31287200080685934,1.4986123717373496,36.4738,70.7455,6.0
1.029193611111111,5.29,0.2998147576235835,-0.4178858791139594,14.2773,-94.0954,5.2
13.616872777777777,5.279999999999999,0.29363620727393464,-0.4178858791139594,-58.6234,-23.3329,5.4
6.799602777777777,5.340000000000001,0.35339622081863015,4.426733727798385,-24.7479,-179.9661,5.9
27.632382222222223,5.35,0.3439961240091737,0.9928752944531154,-16.1394,-174.2192,5.1
21.03565777777778,5.55,0.6023103666530956,-0.229215066853986,-14.9467,166.8791,7.0
4.707378333333334,5.51,0.6261877602693288,-0.1696348103508365,-15.0976,166.7282,5.0
8.517820277777778,5.5200000000000005,0.6196773353931928,-0.21408168170218603,-14.9141,166.9082,5.2
0.029860833333333333,5.51,0.627959659001548,-0.38521603846473246,-14.9506,166.7923,5.0
4.603836666666667,5.48,0.6460134157533722,-0.35612101320569445,-5.2367,153.3438,5.0
6.0387636111111105,5.41,0.6208417225384002,0.15665646438866168,-8.8299,111.1757,5.3
5.350302777777777,5.65,0.921653104179906,0.5249716800483815,-7.0586,130.009,7.6
0.3719083333333333,5.65,0.921653104179906,0.5577011009541115,-7.081,130.1162,5.4
3.200192222222222,5.56,0.9383200117467672,-0.22525297979652656,-15.5003,166.5448,5.0
8.04834,5.62,0.9247221805013235,0.5678992548589006,-14.9892,167.226,5.7
2.9432927777777778,5.42,0.8011103405759918,1.249805220580197,-10.692,166.0739,5.0
11.344008888888888,5.42,0.8011103405759918,-0.31858545160871027,54.6782,-156.8589,5.0
0.08670888888888889,5.41,0.8047774019358832,5.264183883163904,-27.7273,-63.2585,5.1
12.877189999999999,5.49,0.7992357460585607,-0.36823566536133484,-14.7604,166.8762,5.8
1.6236830555555555,5.49,0.7992357460585607,-0.4178858791139594,43.9646,-128.7389,5.0
1.2193319444444446,5.5200000000000005,0.7969385867876637,-0.4178858791139594,-23.2118,-175.3039,5.6
0.38269472222222223,5.26,0.3306559138036573,-0.39287210142538714,-6.7715,131.3913,5.0
4.405606388888889,5.3,0.3711842908553344,-0.4178858791139594,-49.8496,-114.2216,5.8
0.07574916666666667,5.3,0.3711842908553344,-0.4178858791139594,-49.6782,-114.4105,5.0
13.273598333333332,5.24,0.3470510689285397,-0.4178858791139594,-55.4413,-127.0283,5.1
0.6740883333333333,5.29,0.34464152068167453,-0.03061421184348767,-30.6176,-71.3759,5.5
4.044298055555555,5.3,0.33665016461206876,0.16384581534004175,-5.6534,147.6327,5.1
0.835798888888889,5.319999999999999,0.3293090409394264,-0.4178858791139594,-23.1411,-175.139,5.3
1.2766313888888887,5.26,0.28362729848243207,-0.4178858791139594,-23.2748,-174.8658,5.2
4.004790555555555,5.3100000000000005,0.27668674625929524,5.4239682010626,-21.8978,179.7023,5.5
8.844160555555556,5.25,0.2718251071716642,-0.4178858791139594,-0.2267,129.707,5.0
21.35880333333333,5.279999999999999,0.2573367875415817,0.14229762257140266,-5.0128,103.1291,5.3
15.840359722222221,5.21,0.1852925614624875,-0.31117763971681867,-14.9489,166.7189,5.1
14.179927777777777,5.2299999999999995,0.17029386365925556,3.434643016678941,29.947,139.1085,5.2
0.8364744444444444,5.24,0.16465452046970525,-0.32342138242821583,-15.5324,168.1496,5.2
6.085473611111111,5.1899999999999995,0.15238839267548515,-0.3168079739563663,25.0491,125.8117,5.0
0.4449916666666667,5.24,0.19550504398152918,-0.3086554088581853,-14.9867,166.8837,5.6
5.0896952777777775,5.21,0.20789954839349348,5.2678480689388465,-22.8221,179.1971,5.0
5.3388413888888895,5.3,0.34960294939005,-0.14977472484978666,1.9837,97.9979,6.1
0.6319097222222222,5.27,0.34334951418181353,-0.4178858791139594,14.0226,-89.7977,5.2
5.6551225,5.27,0.34334951418181353,-0.4377757547432608,14.0805,-89.8596,5.0
0.04435527777777778,5.37,0.47387293186629426,3.5044810073433825,28.9804,139.3452,6.3
17.1297425,5.369999999999999,0.47387293186629426,-0.4178858791139594,14.4132,122.9785,5.1
1.790678888888889,5.35,0.4859126579037764,-0.4178858791139594,-62.9531,-163.7912,5.0
4.852049166666667,5.33,0.49676732760697784,0.141622379664367,-9.0476,112.5383,5.0
13.079569999999999,5.34,0.49035134795822216,-0.3528242390125202,42.1313,-29.2871,5.1
3.0936061111111113,5.279999999999999,0.49170903772228636,-0.4178858791139594,-17.7325,-171.1753,5.0
0.9329666666666666,5.29,0.48636977245255997,-0.2960045343940166,-9.0648,148.127,5.1
2.869502222222222,5.279999999999999,0.46856755708814785,1.0120402769616286,-0.0116,123.1998,6.0
3.7867824999999997,5.26,0.47656176001763884,-0.4178858791139594,34.9232,14.2748,5.0
1.7371905555555556,5.46,0.7152311203768754,-0.22218459658661438,2.7306,127.0221,7.0
0.21728694444444444,5.339999999999999,0.6569288816573349,-0.1696348103508365,2.8239,127.0179,5.1
1.7035691666666668,5.38,0.65285696919174,-0.016771732249255954,2.6982,127.1349,5.5
2.1132305555555555,5.45,0.6450667493454578,-0.32750262999868157,38.4334,44.9458,5.7
0.9776766666666666,5.45,0.6450667493454578,-0.4178858791139594,-13.3508,66.8183,5.0
4.797905277777778,5.45,0.6450667493454578,-0.4178858791139594,34.8554,14.2579,5.1
0.5509113888888889,5.46,0.6380525927469585,-0.4178858791139594,-10.9587,111.7241,5.1
19.04817166666667,5.459999999999999,0.6380525927469585,0.519232115338578,35.5464,71.3961,5.1
6.3670486111111115,5.359999999999999,0.6221825384170733,-0.4178858791139594,-21.3768,-174.1303,5.0
11.928957500000001,5.359999999999999,0.6221825384170733,-0.04159683912556825,38.9239,142.1003,5.0
5.586672500000001,5.27,0.37431418769679314,1.091480618965828,16.1397,-62.1529,6.1
1.2930363888888887,5.299999999999999,0.3711842908553347,-0.4178858791139594,-27.9526,-176.3063,5.4
5.138673333333333,5.25,0.3749073959733975,-0.2726590038875325,2.745,126.9444,5.0
4.3345263888888885,5.36,0.6095535707019992,5.409430618475831,-26.7506,-63.0824,6.8
5.808499166666667,5.37,0.6037843618010966,-0.0712777369068872,2.7552,127.054,5.1
15.371576944444445,5.39,0.5971227307309261,-0.4178858791139594,57.4164,-33.2571,5.3
0.4836997222222222,5.45,0.5948856099191618,-0.4178858791139594,57.4043,-33.2978,5.7
0.28950944444444443,5.45,0.5948856099191618,-0.22990023980377222,2.7214,126.9929,5.1
2.47776,5.48,0.576965240624506,-0.4178858791139594,57.3809,-33.3797,5.3
4.219652777777778,5.48,0.576965240624506,-0.32408669529250106,-20.8169,-174.1334,5.0
17.41704027777778,5.37,0.54984846397288,0.6841006151255431,-7.1728,155.9412,5.0
6.766855555555556,5.35,0.5522680508593646,-0.07182388925816606,23.4481,142.9353,5.2
0.03883222222222222,5.36,0.5460972644339323,-0.4178858791139594,-57.683,-23.7037,5.1
7.59693,5.1899999999999995,0.20789954839349628,-0.4178858791139594,34.9739,14.1811,5.1
3.0695655555555557,5.1899999999999995,0.20789954839349628,-0.4178858791139594,24.8836,93.079,5.1
3.4126902777777777,5.159999999999999,0.21186998109426827,-0.21440937311295336,2.7944,126.899,5.0
1.179513888888889,5.139999999999999,0.15776212754931104,-0.4205173404428485,2.8202,127.0015,5.5
6.879504444444445,5.14,0.15776212754931104,-0.3337486268887618,2.7739,126.9144,5.1
1.0483372222222223,5.1899999999999995,0.2601281735350173,-0.1696348103508365,2.8182,126.944,5.8
0.2804830555555556,5.2299999999999995,0.2584139659108544,-0.1696348103508365,2.9043,127.088,5.4
6.474568888888889,5.27,0.24966644414765227,-0.18840259114932859,29.5825,81.6638,5.4
4.213562222222222,5.25,0.2635231383473629,-0.16088644268762406,3.0821,127.016,5.0
2.9816769444444446,5.26,0.2590581230363377,-0.4078366758504282,3.555,128.5402,5.2
2.445274722222222,5.39,0.4357624225296292,5.242238488685243,-26.7196,-63.1128,6.4
1.6832572222222222,5.409999999999999,0.42544094772365604,-0.1696348103508365,3.1604,127.0141,5.3
0.12666555555555556,5.4399999999999995,0.40331955899344873,-0.4178858791139594,34.8772,14.3112,5.3
16.19178861111111,5.48,0.4289522117905493,-0.2233563416311763,35.7086,28.4965,5.9
2.54163,5.49,0.4201851443775232,-0.1696348103508365,-31.23,-178.239,5.2
0.8764400000000001,5.41,0.43063260959250066,-0.4178858791139594,35.7331,79.8502,5.0
3.7928636111111107,5.41,0.43063260959250066,-0.44767600736553415,29.7306,101.9935,5.4
0.3895613888888889,5.380000000000001,0.4417138339594007,-0.4178858791139594,-27.8676,-176.0902,5.1
8.049583333333333,5.41,0.42282121254471194,-0.4178858791139594,16.6149,-25.6191,5.3
0.12938777777777777,5.46,0.42478752858864427,-0.1696348103508365,2.8391,126.9856,5.7
6.367117222222222,5.42,0.3359894178227817,0.7836492936995555,-30.2115,-178.6615,6.0
5.929460555555556,5.4,0.349602949390054,-0.23166778741336566,50.601,-172.6287,5.1
2.590219166666667,5.38,0.3614784456460284,-0.4178858791139594,57.393,-33.3795,5.1
0.22848666666666667,5.32,0.31198290551460345,-0.4178858791139594,57.3255,-33.2748,5.3
9.976371388888888,5.3,0.32659863237109077,-0.4178858791139594,-49.5553,117.4329,5.0
14.934974722222222,5.34,0.3098386676965951,0.1878467286680605,10.69,125.4524,5.4
8.618814722222222,5.3,0.32659863237109077,-0.4178858791139594,13.1191,145.615,5.0
4.1800347222222225,5.3,0.32659863237109077,-0.4178858791139594,-34.8091,54.3827,5.1
9.023032777777779,5.36,0.37771241264574323,-0.3583056226108099,38.4199,44.9097,5.9
0.0362125,5.3,0.3651483716701111,-0.4178858791139594,38.4811,44.9282,5.1
0.9727705555555556,5.2299999999999995,0.2710063549890355,0.9121837670623499,1.9439,128.255,5.3
21.81561194444444,5.220000000000001,0.27808871486152004,-0.4178858791139594,8.5903,-39.4443,5.0
2.8834325,5.21,0.284604989415151,-0.09778102100803823,2.8491,126.9433,5.0
3.873182777777778,5.25,0.32403703492039176,-0.2391451096045109,40.0166,82.3702,5.7
10.592912777777777,5.26,0.3169297153067914,-0.4178858791139594,23.2239,123.905,5.1
6.708837777777777,5.22,0.32249030993193956,-0.4178858791139594,35.7367,79.8867,5.0
1.6313866666666668,5.22,0.32249030993193956,0.5493102148299179,12.1363,93.5873,5.0
1.163386111111111,5.24,0.32041639575194275,-0.41490686628880197,34.9098,14.2728,5.3
23.112749444444443,5.15,0.22730302828309,-0.08383924098630122,-15.8651,-173.0788,5.0
5.329938888888889,5.140000000000001,0.23190036174567313,-0.2277057003559062,-9.6025,159.7462,5.0
10.379636944444444,5.21,0.3573047252229737,-0.32851549435923516,7.7431,126.0566,6.0
0.44193916666666666,5.21,0.3573047252229737,-0.049481293069485,17.9475,-70.3727,5.0
10.0613075,5.22,0.35213633723317783,-0.2907118216079868,-1.9108,-81.428,5.1
17.55778972222222,5.15,0.31358146203710735,0.600936507089897,61.0667,-152.2226,5.0
8.277790000000001,5.14,0.3169297153067864,0.2874649175413264,2.4828,128.2209,5.0
1.0835316666666666,5.14,0.3169297153067864,-0.1466070412123692,-14.5964,166.7198,5.0
11.90362361111111,5.14,0.3169297153067864,-0.4178858791139594,37.0348,96.9,5.0
0.1725252777777778,5.109999999999999,0.3142893217686106,-0.4178858791139594,37.0695,96.9059,5.0
5.664099166666667,5.13,0.31287200080685523,0.7396691343574806,-15.5304,167.524,5.2
5.330193055555555,5.13,0.31287200080685523,0.4823320764776275,-38.8845,175.873,5.0
5.921271388888889,5.06,0.10749676997728669,-0.4178858791139594,-21.8457,-173.9128,5.3
7.217001111111111,5.14,0.25473297566056313,0.6843488661943063,-6.4048,146.2298,5.8
11.678262222222221,5.21,0.3281259920619892,-0.4079558363634345,32.655,141.6605,5.8
0.9905877777777777,5.26,0.3306559138036587,0.17947570262936796,-29.6487,-71.2511,5.5
24.24682138888889,5.540000000000001,0.8553102101317173,-0.4178858791139594,37.2256,37.0143,7.8
0.15459083333333334,5.61,0.8345990387938176,-0.4178858791139594,37.2252,37.0001,5.7
0.0235875,5.78,0.8689712947566934,-0.419901677792316,37.1893,36.8929,6.7
0.13654805555555555,5.840000000000001,0.8289216555930516,-0.4178858791139594,36.9921,36.6832,5.6
0.36548916666666664,5.83,0.8380532998165139,-0.4178858791139594,37.0302,36.6208,5.1
0.08728416666666668,5.86,0.8099382692526729,-0.34908061289557224,37.7712,37.9141,5.3
0.046143333333333335,5.83,0.8380532998165139,-0.4178858791139594,37.9227,38.0613,5.0
0.2807997222222222,5.779999999999999,0.8547904226573201,-0.40439095101599604,37.1816,36.9658,5.3
1.925736111111111,5.7,0.8894442709417619,-0.35417472482659157,38.1845,38.5342,5.0
6.100506944444445,5.9,1.049867716534916,-0.4433862288973074,38.0106,37.1962,7.5
0.03275861111111111,5.720000000000001,0.8162243700247096,-0.4178858791139594,38.0315,38.0984,6.0
0.08949722222222223,5.6899999999999995,0.8225299724359998,-0.3775996956750798,37.9962,37.2033,5.4
0.06367472222222223,5.6,0.7453559924999357,-0.4178858791139594,38.0249,37.8023,5.8
0.2591202777777778,5.61,0.7460265112953859,-0.4178858791139594,38.248,38.1847,5.7
0.23446944444444445,5.61,0.7460265112953859,-0.45792381148407585,38.0752,36.7588,5.1
0.9433863888888888,5.68,0.7465476095557093,-0.43262206255573843,38.0582,36.5114,6.0
1.0927225,5.68,0.7465476095557093,-0.34932886396433543,38.0384,37.371,5.0
0.5275494444444445,5.68,0.7465476095557093,-0.4178858791139594,38.0166,37.7013,5.3
0.09084555555555555,5.68,0.7465476095557093,-0.3497161356316059,37.9405,37.4916,5.0
1.811506388888889,5.470000000000001,0.38600518131238304,-0.4434060889828085,38.19,38.1756,5.4
1.1655055555555556,5.37,0.3622460796505957,-0.4178858791139594,38.0007,36.5078,5.0
1.3403516666666666,5.35,0.36590830666833996,-0.4178858791139594,37.9781,36.4456,5.2
2.5661311111111114,5.3,0.3299831645537251,-0.4178858791139594,37.2507,37.0859,5.3
1.7158277777777777,5.23,0.30930028559098854,-0.4178858791139594,-8.8627,-109.3659,5.0
2.2507494444444447,5.26,0.309838667696595,-0.01548082669168769,-7.2442,106.0073,5.4
1.895147222222222,5.16,0.17763883459298685,0.5818509649233881,14.0618,145.0781,5.0
0.7274075,5.21,0.1969207398365592,-0.4178858791139594,37.7639,37.7309,5.5
3.5414986111111113,5.21,0.1969207398365592,-0.2833139397588457,49.1578,155.9024,5.3
0.42579416666666664,5.25,0.19002923751652542,-0.42719032917120126,38.0971,38.6398,5.4
1.6391230555555556,5.22,0.18737959096740334,-0.4178858791139594,49.513,-28.4226,5.1
1.4774272222222222,5.25,0.17159383568311942,-0.388214911375391,38.0164,38.57,5.3
4.034828055555556,5.25,0.17159383568311942,-0.4178858791139594,9.5794,138.4239,5.2
1.476153611111111,5.22,0.18737959096740334,-0.4066450707203652,37.9939,36.4771,5.0
0.9272819444444445,5.2299999999999995,0.17669811040931568,-0.4178858791139594,9.7081,138.3681,5.1
1.4243116666666666,5.22,0.1686548085423143,-0.33986553322308516,37.9358,36.6013,5.3
3.33819,5.25,0.1509230856356267,-0.008629097193825519,-10.6644,164.9618,5.3
0.021884166666666666,5.2,0.14142135623730867,-0.2824202359112985,7.1614,-76.9892,5.0
10.282180833333333,5.17,0.1494434118097296,-0.4178858791139594,38.0061,36.4959,5.0
3.3891641666666668,5.17,0.1494434118097296,-0.42226502796694093,37.9389,37.6611,5.4
0.3947833333333333,5.16,0.15776212754931945,-0.3666071383502487,-2.5466,140.6296,5.0
2.747436388888889,5.14,0.15055453054181084,-0.46358393585187513,37.9963,37.4325,5.1
0.9311172222222222,5.17,0.1888562063228682,-0.4178858791139594,16.7337,-86.0574,5.5
0.6788475,5.17,0.1888562063228682,0.5595480889057092,-5.7108,154.3324,5.0
8.521693611111111,5.17,0.1888562063228682,-0.4178858791139594,-27.9549,-176.2675,5.1
5.994230833333333,5.15,0.18408935028645063,-0.4186405623629993,-2.598,140.5588,5.1
2.688444722222222,5.159999999999999,0.19550504398153287,-0.1696348103508365,-55.715,-27.1882,5.4
1.7334547222222223,5.209999999999999,0.21317702607092642,-0.1696348103508365,-10.76,161.6593,5.5
10.317381944444444,5.26,0.21705094128133184,-0.4178858791139594,-1.2752,67.5616,5.5
0.14253333333333335,5.220000000000001,0.22509257354845566,-0.16933690906832075,-55.6128,-27.1036,5.0
18.7728675,5.220000000000001,0.22509257354845566,-0.40322913601418464,-30.1399,-177.9685,5.0
0.9852711111111111,5.24,0.22211108331943719,-0.4178858791139594,-22.3128,-174.4285,5.3
1.2423163888888888,5.1899999999999995,0.21317702607092565,-0.2659760851164293,-2.2921,140.1828,5.0
1.9278838888888887,5.209999999999999,0.202484567313166,0.02998883906296591,-5.2686,153.341,5.2
12.641751388888888,5.290000000000001,0.29230881691191957,-0.26893523785608564,3.5892,126.6923,5.9
6.606004722222222,5.340000000000001,0.29888682361946967,-0.4178858791139594,-35.3616,-15.5697,5.6
15.615391388888888,5.31,0.3071373199943884,-0.4178858791139594,17.5544,-46.5341,5.1
4.554233888888889,5.26,0.31340424729448585,-0.1853937881959196,10.1176,126.5319,5.0
4.803483055555556,5.209999999999999,0.31073389830457115,-0.4178858791139594,38.824,38.031,5.0
1.1386672222222223,5.22,0.30477678535099934,0.090204618302149,-1.6638,134.0766,5.1
12.314365,5.24,0.2951459149490498,0.31663938314236867,46.6311,151.5297,5.2
3.3532727777777778,5.319999999999999,0.4022160834399588,2.998048827066612,-29.3698,-178.9718,6.1
5.664803611111111,5.319999999999999,0.4022160834399588,-0.4178858791139594,45.1309,23.1834,5.0
3.678694722222222,5.3100000000000005,0.4067486256208451,-0.4178858791139594,38.8964,92.673,5.1
7.407551944444445,5.24,0.3502380143083661,0.6709035883100956,-15.3552,167.541,5.2
11.22625611111111,5.239999999999999,0.3502380143083661,-0.4178858791139594,45.0998,23.2013,5.6
9.086723055555556,5.25,0.34721111093332874,1.0240754887752646,-19.8659,-175.1795,5.2
3.0621577777777778,5.25,0.34721111093332874,-0.1696348103508365,-58.7698,-25.339,5.0
0.7905061111111111,5.279999999999999,0.3359894178227794,-0.4178858791139594,8.0014,-37.0823,5.3
0.02220138888888889,5.279999999999999,0.3359894178227794,-0.4178858791139594,7.8855,-37.0106,5.1
4.3933502777777775,5.33,0.3591656999213627,0.2590550652320747,-40.5533,174.5343,5.7
0.9539758333333334,5.25,0.2368778400592001,-0.1696348103508365,51.2181,-179.1863,5.3
5.479666944444444,5.2700000000000005,0.2213594362117894,1.0599229431046597,6.7659,-73.0236,5.2
1.7383230555555556,5.26,0.23190036174568343,0.6298130714084235,-37.1483,177.5024,5.0
3.2070741666666667,5.25,0.2368778400592001,-0.4178858791139594,-18.5245,-173.0549,5.1
0.1541547222222222,5.3,0.34641016151377807,-0.43774596461500925,12.3099,123.8605,6.1
4.036862222222222,5.279999999999999,0.35839146815241835,1.1724402575108575,-20.0423,-68.0244,5.0
7.412017777777778,5.34,0.3565264521898953,-0.1726734034324971,-15.0306,167.0391,5.6
1.2279794444444443,5.35,0.3566822426505489,-0.4178858791139594,19.5974,-73.6826,5.4
3.7203969444444445,5.35,0.3566822426505489,-0.05537973846329681,14.9737,119.8311,5.1
1.4785016666666666,5.29,0.34140233677518544,-0.3690499288668779,13.178,-91.2382,5.1
3.8814180555555553,5.3,0.34318767136623596,-0.4178858791139594,-21.864,-11.6511,5.4
3.8710394444444445,5.3,0.34318767136623596,-0.4178858791139594,36.1766,35.7967,5.2
5.979041666666666,5.319999999999999,0.3293090409394292,-0.2219264154751007,26.5537,128.6692,5.2
0.4160025,5.34,0.3204163957519484,-0.4178858791139594,1.0243,-28.0775,5.3
7.243664166666666,5.23,0.1946506842754208,-0.4178858791139594,-5.6106,35.2169,5.0
0.19045083333333335,5.340000000000001,0.3204163957519487,-0.12254654762784738,-6.6176,132.106,6.1
17.651644444444443,5.32,0.3084008934992139,-0.4178858791139594,-22.3827,-174.4109,5.4
5.770506666666667,5.3100000000000005,0.30713731999438865,1.4962291614772236,-13.2376,167.147,5.3
10.477039444444443,5.3,0.31622776601684105,-0.3964568468583266,38.0696,36.5991,5.0
1.9408947222222221,5.36,0.33065591380366466,-0.3889993847526824,-55.4183,-27.8042,5.7
1.5849761111111111,5.34,0.3339993346633468,4.895253004853651,-17.5398,-178.7009,5.2
3.6266672222222223,5.35,0.33082388735465795,-0.4325128320854826,-19.9657,-71.1633,5.3
5.230906388888888,5.33,0.3465704994818712,0.17773794514802613,12.4365,-87.5389,5.0
5.22821,5.3,0.3620926830400099,-0.4178858791139594,-58.4121,-23.2213,5.0
2.9824991666666665,5.33,0.3465704994818712,-0.4178858791139594,-12.8315,66.3765,5.3
2.8089733333333333,5.220000000000001,0.22997584414213895,0.7964292587194811,42.7956,143.121,5.0
6.629847777777778,5.18,0.22997584414213712,-0.24190566148915682,1.9113,96.6141,5.0
1.6047686111111112,5.15,0.23213980461973324,-0.4178858791139594,15.2022,122.8013,5.0
0.9214888888888889,5.17,0.2263232692902382,-0.4178858791139594,-22.4339,-174.446,5.2
12.99021361111111,5.2299999999999995,0.3973523485382835,-0.3583056226108099,36.1616,36.0251,6.3
0.05171861111111111,5.26,0.4060651288757632,-0.4178858791139594,36.159,35.9351,5.5
0.7658508333333334,5.24,0.40879225911349154,-0.4178362289002068,-9.8056,160.2453,5.1
11.697930277777777,5.279999999999999,0.40221608343995824,-0.401004806438067,56.8378,-153.048,5.4
0.5025638888888889,5.29,0.39567101935264026,-0.4178858791139594,27.7828,55.3567,5.1
2.591404166666667,5.279999999999999,0.39665266081716255,-0.4178858791139594,64.6683,-17.6801,5.2
9.40845,5.29,0.3900142447541025,-0.36100659423895265,27.1222,143.5156,5.1
1.2773058333333334,5.29,0.3900142447541025,-0.4178858791139594,1.8253,93.8795,5.0
5.815192222222222,5.29,0.3900142447541025,-0.4178858791139594,27.7531,55.2852,5.0
8.382285,5.33,0.4001388647846067,0.6170628965167495,-7.0256,129.5058,5.6
15.059636944444444,5.39,0.5704773829385774,-0.4278159218644843,38.0552,73.2287,6.9
0.2935527777777778,5.35,0.5759050847723693,-0.4178858791139594,38.1349,73.0657,5.1
0.6774775,5.34,0.5815687596683863,-0.4178858791139594,38.0157,73.2867,5.0
8.795041388888889,5.35,0.5835713800003892,-0.4178858791139594,-33.901,-73.2549,5.5
1.3280361111111112,5.34,0.5891613625409544,-0.0993797578908727,-19.0571,-173.6941,5.0
1.3010441666666668,5.35,0.5873670062235391,1.2960295695838906,-24.0007,-66.7536,5.3
4.343144166666667,5.380000000000001,0.5808040403899898,-0.4178858791139594,-6.0563,-106.5137,5.4
2.680975555555556,5.51,0.6297265720577155,0.39637762642908375,3.2796,128.1356,6.3
19.366531944444443,5.51,0.6297265720577155,-0.4178858791139594,14.072,146.7009,5.0
13.587328055555556,5.46,0.6415259585983724,-0.4178858791139594,-47.2908,-13.3171,5.1
5.428576111111111,5.2700000000000005,0.4056544780420368,-0.4178858791139594,27.1053,126.7351,5.0
0.0240575,5.279999999999999,0.4022160834399585,-0.4004884442150397,37.9797,33.9876,5.2
3.009107222222222,5.38,0.4467164151400294,0.02896604465966183,42.8258,145.0212,6.0
4.968046388888889,5.33,0.45958918853931374,-0.18567182939293425,-11.2217,165.6226,5.0
2.9830294444444445,5.45,0.5169354139756986,-0.17956485310136142,-6.0883,149.828,6.2
1.4501116666666667,5.42,0.5349974039397074,-0.4178858791139594,-64.3358,-178.6842,5.0
12.941059166666667,5.38,0.5513619500836121,-0.31501063621852127,-30.2776,-177.5325,5.0
2.0841161111111113,5.25,0.45521667612492345,-0.02812177111310594,51.51,-178.2933,5.0
10.079304166666667,5.26,0.45018514709691176,-0.4178858791139594,41.8209,79.8399,5.1
1.4671372222222223,5.3,0.4521553322083536,-0.1310764543505482,-1.614,120.2491,5.5
0.08608666666666666,5.31,0.44584501542327476,-0.07524975400709714,-32.7799,-178.9952,5.1
5.162207222222222,5.35,0.4527692569068742,4.946710486386872,-20.5478,-178.3543,5.6
2.3978355555555555,5.2700000000000005,0.3917198545446044,-0.4178858791139594,38.2144,38.2773,5.2
0.7641783333333333,5.2700000000000005,0.3917198545446044,0.31609323079108986,-11.2984,166.2888,5.0
8.92326,5.17,0.21628170930011037,0.19890879629214528,12.7603,-87.9127,5.2
9.581276666666666,5.17,0.21628170930011037,-0.4178858791139594,38.0772,73.2404,5.0
0.4820933333333334,5.17,0.21628170930011037,-0.4138244916289947,-31.1845,-65.8028,5.0
6.370545,5.1899999999999995,0.20789954839350247,-0.4178858791139594,32.932,141.7018,5.2
0.9228161111111111,5.22,0.21499353995462944,-0.4178858791139594,6.6808,60.2231,5.4
2.5888572222222224,5.18,0.19321835661585887,0.12317236023389166,1.3696,125.7758,5.1
0.06683916666666667,5.19,0.191195071996,-0.4178858791139594,29.6162,101.9744,5.2
4.962223333333333,5.15,0.12692955176439588,0.17141250791594173,13.6009,-90.7301,5.2
9.860957777777777,5.29,0.4771442828607177,5.450104073581981,-4.8255,149.5041,6.6
7.3104241666666665,5.3,0.47140452079103395,0.10285549276631775,-60.3018,-27.0797,5.1
1.0749463888888888,5.279999999999999,0.48027769744874516,-0.35056018926540045,27.4834,142.7793,5.0
5.4792161111111115,5.33,0.473872931866295,-0.4138741418427474,14.1495,146.8086,5.5
0.02868611111111111,5.33,0.473872931866295,-0.1696348103508365,44.4887,149.5786,5.0
3.592444166666667,5.3100000000000005,0.48407988321488393,0.4095349330735293,-1.5655,100.8384,5.0
5.588811111111111,5.340000000000001,0.49933288829530975,0.43247333182724185,16.2561,-94.4102,5.7
1.0221647222222223,5.35,0.4949747468305864,-0.4178858791139594,-55.0543,-31.5432,5.2
1.0937422222222222,5.33,0.505634914406303,-0.33611197706338675,33.2865,139.5226,5.0
11.280669444444445,5.46,0.6221825384170762,-0.348375579860285,-15.3766,166.3907,6.5
0.016980555555555558,5.37,0.4900113377373168,-0.4178858791139594,-15.0524,166.5727,5.7
0.0834513888888889,5.38,0.48488257455915545,-0.4178858791139594,-15.056,166.6459,5.2
0.009644166666666667,5.4,0.47140452079103606,-0.4178858791139594,-14.9061,166.672,5.2
2.7394272222222225,5.36,0.4788875998951495,-0.38874120364116876,-14.891,166.7167,5.1
3.6067069444444444,5.38,0.4661902329879264,-0.4178858791139594,-59.3463,-18.0583,5.2
0.08174722222222222,5.38,0.4661902329879264,0.055936040770087514,-3.8512,101.8071,5.0
0.29458388888888887,5.34,0.45264653858048215,-0.4178858791139594,-14.7756,166.5553,5.3
0.9828644444444444,5.35,0.45030853620354677,-0.3327655526564598,-17.1247,-72.6624,5.3
1.004665,5.35,0.45030853620354677,-0.4464844022354712,37.8395,36.7004,5.0
2.0035133333333333,5.29,0.2923088169119204,-0.4178858791139594,-59.403,-17.9994,5.9
4.790296111111111,5.22,0.2658320271650266,0.28317513907309966,-5.918,154.5022,5.0
9.318233055555556,5.24,0.27162065049951367,-0.4178858791139594,-30.8827,-13.4117,5.4
6.318928333333333,5.220000000000001,0.28205594401741707,-0.12550570036750375,-32.2515,-178.7338,5.0
5.363486944444444,5.4,0.5962847939999482,1.578052713741549,-29.5023,-178.7965,6.9
12.566329722222221,5.380000000000001,0.6069962474714724,-0.4178858791139594,-31.0671,-13.4897,5.0
1.0460283333333333,5.4,0.5962847939999482,0.026572904356785325,-16.641,-173.279,5.2
23.126726388888887,5.38,0.603324125159938,0.03735693078385537,-16.1425,-73.4704,5.1
1.288573611111111,5.390000000000001,0.6026792034094316,-0.4178858791139594,7.5373,126.1657,5.4
1.6421263888888888,5.470000000000001,0.5982381539896093,-0.4178858791139594,-55.7137,147.3366,5.8
1.2603008333333332,5.390000000000001,0.5877452206904359,-0.4178858791139594,7.6244,91.7592,5.1
7.961083333333334,5.390000000000001,0.5877452206904359,0.07158578814491479,-29.6506,-71.5163,5.0
1.8494952777777778,5.35,0.6004627844883972,-0.4178858791139594,-60.9065,-33.423,5.0
11.569926944444445,5.43,0.6019413038937758,4.786489246607152,-20.7765,-178.3654,5.8
1.4129883333333333,5.26,0.3098386676965959,-0.1085451873496072,42.3233,144.5598,5.2
2.820353611111111,5.26,0.3098386676965959,0.23133038587260915,-15.1036,167.1604,5.0
2.7607825,5.24,0.32041639575194614,-0.4178858791139594,5.3828,-77.5523,5.0
2.0476091666666667,5.32,0.3765338999051492,-0.3577991904305331,7.4941,126.0567,5.9
1.4907438888888889,5.31,0.3754996671103756,-0.08505070620186525,-6.4702,104.0023,5.3
1.2621252777777778,5.29,0.3510302297840239,-0.4178858791139594,7.6315,126.2526,5.6
5.068813888888889,5.369999999999999,0.39171985454460806,-0.4278159218644843,-3.1576,150.6188,5.9
0.025394166666666666,5.409999999999999,0.3695342413844231,-0.4178858791139594,-3.4427,150.6625,5.4
6.635406944444444,5.4399999999999995,0.3438345855527458,-0.12659800507006147,-0.2533,124.5471,5.3
0.24369083333333336,5.39,0.32128215360058093,0.2199902770515096,-5.4505,151.7573,5.3
9.291823611111111,5.43,0.3198958163736115,-0.12991463934873684,50.0891,157.4709,5.6
1.4920797222222222,5.51,0.2998147576235981,-0.11998459659821192,-6.5007,155.0307,5.8
6.170679444444445,5.55,0.2460803843372415,-0.4178858791139594,11.4051,141.4626,5.4
28.089850833333333,5.47,0.24966644414766737,0.35276487866877837,-7.0696,155.7929,5.1
7.168597222222222,5.4399999999999995,0.28751811537131516,-0.33783980450197804,-6.4851,143.5868,5.0
8.330030833333334,5.42,0.2820559440174259,1.0759103119330047,6.7308,-73.027,5.4
1.7048080555555556,5.33,0.25407785333546706,-0.4178858791139594,-4.1684,152.9744,5.0
9.776590555555556,5.3,0.26246692913373243,-0.27567773688369207,5.3124,-78.1883,5.1
5.798496388888889,5.29,0.26436506745198296,-0.4178858791139594,-45.6632,-77.3216,5.2
1.472081388888889,5.29,0.26436506745198296,-0.0752894741780993,1.9672,97.9366,5.3
9.4328,5.279999999999999,0.2529822128134751,-0.4178858791139594,-16.3993,177.5056,5.5
4.861140555555555,5.220000000000001,0.17511900715418563,-0.4178858791139594,-16.4466,177.5002,5.2
6.796850277777778,5.1899999999999995,0.16633299933166307,-0.4178858791139594,-58.7872,-24.7076,5.1
6.568015277777778,5.24,0.20655911179773248,-0.4178858791139594,-12.0305,165.8383,5.6
13.225546666666666,5.25,0.19578900207451655,-0.4034178068264446,-10.7905,166.7831,5.1
25.89805888888889,5.2299999999999995,0.18885620632287384,0.7598569112692979,-28.1851,-67.4981,5.2
1.973316388888889,5.359999999999999,0.37178249316263723,1.5979127992425988,-5.4205,146.8342,6.3
3.594289722222222,5.4,0.3620926830400142,-0.4178858791139594,-56.6423,-141.7994,5.5
12.186440000000001,5.42,0.3552776691859872,-0.4178858791139594,35.5167,22.179,5.4
3.344468611111111,5.44,0.35339622081863703,-0.43774596461500925,-38.3815,-75.2656,5.5
25.48348,5.430000000000001,0.3529242915351128,0.04434768088022492,4.7016,126.9061,5.4
3.5056772222222223,5.61,0.5971227307309322,-0.4178858791139594,-30.1741,-176.2047,7.0
0.5363080555555556,5.609999999999999,0.5971227307309322,-0.4178858791139594,-30.1633,-176.4125,5.1
0.29971527777777773,5.57,0.6111010100175366,-0.4178858791139594,-30.161,-176.3963,5.2
3.608541111111111,5.58,0.6033241251599418,-0.4178858791139594,-10.5406,113.313,5.2
6.409509722222222,5.58,0.6033241251599418,-0.4178858791139594,38.5027,45.0678,5.2
5.264565,5.45,0.5700877125495746,-0.4178858791139594,11.4679,138.7871,5.0
1.4956227777777777,5.41,0.5801340841181124,-0.4178858791139594,35.3022,46.0259,5.1
16.113273888888887,5.37,0.5945119380167645,-0.4178858791139594,30.7663,96.0896,5.0
1.4300158333333333,5.32,0.6033241251599373,-0.023762482345625502,-9.021,109.7511,5.0
3.676175833333333,5.31,0.6026792034094305,-0.4178858791139594,-38.0594,176.6164,5.3
0.4271141666666667,5.109999999999999,0.11005049346145637,0.1796544433988774,5.9274,126.9418,5.0
11.542035833333333,5.1,0.11547005383791958,-0.4178858791139594,-30.4074,-176.6378,5.0
13.478325833333333,5.26,0.5521674464226328,0.15805660041648575,-2.7834,-79.8518,6.8
21.89299972222222,5.279999999999999,0.5533734925185926,0.13223848926512102,59.6095,-151.907,5.4
4.396454722222222,5.26,0.5601587076693354,0.11215994282355958,-3.7623,101.8745,5.0
16.450288333333333,5.2700000000000005,0.5558776843874941,0.783619503571304,-56.076,-27.8664,5.1
13.782850277777777,5.3100000000000005,0.5566766466171291,-0.1696348103508365,9.3707,-84.1119,5.5
0.018561944444444443,5.33,0.5478239782184736,-0.43449884063558764,23.6144,121.365,5.2
15.034163055555556,5.4799999999999995,0.6442911695119822,1.3893819014815756,36.523,70.943,6.5
0.8471788888888889,5.51,0.6419588079550886,0.07869569875429064,-33.6108,-71.3399,5.6
3.0484488888888888,5.56,0.6168017869984269,-0.4178858791139594,28.5073,-43.5932,5.5
0.13710277777777777,5.56,0.6168017869984269,-0.4178858791139594,28.4735,-43.75,5.0
5.604895,5.41,0.43830481529537885,0.2719641208077571,-59.579,-26.2275,5.3
5.188836666666667,5.43,0.4423422506009031,-0.29872536610766043,40.2815,143.1497,5.6
3.0301641666666668,5.43,0.4423422506009031,-0.4178858791139594,37.1019,54.6552,5.0
3.632903333333333,5.4399999999999995,0.43512450325549246,-0.4178858791139594,-30.214,-177.301,5.2
1.0345905555555555,5.42,0.4366539438350144,1.6049234094244689,-23.5107,-66.4676,5.3
0.6956122222222223,5.540000000000001,0.5253570214625557,1.7468634405004726,-23.4224,-66.4954,6.4
4.119510833333333,5.470000000000001,0.419126074906672,-0.3980257936129096,39.383,69.8931,5.8
0.26677833333333334,5.42,0.43153472887153305,0.5652777235727621,-8.8079,123.1645,5.1
3.1355947222222222,5.43,0.43474130238568953,-0.348375579860285,19.2125,121.188,5.6
0.7628319444444445,5.5,0.41365578819970406,0.7935793364500804,-4.4068,144.2782,5.7
2.654023888888889,5.4799999999999995,0.4289522117905523,-0.4178858791139594,-42.8183,-82.5381,5.1
2.923353611111111,5.44,0.4351245032554927,-0.4178858791139594,-10.6893,164.7071,5.2
3.4597944444444444,5.470000000000001,0.4110960958218974,-0.4178858791139594,38.0109,36.4273,5.3
17.950740555555555,5.51,0.40124805295478705,-0.4079558363634345,38.4614,44.8505,5.6
1.1427275000000001,5.51,0.40124805295478705,-0.23360414574971802,30.0034,141.8525,5.3
0.21110194444444444,5.369999999999999,0.283039062871391,-0.4178858791139594,29.9441,141.8183,5.0
8.390170277777779,5.36,0.2674987019698591,2.397052849676592,-20.2742,-176.3442,5.7
20.949228055555558,5.35,0.279880927062451,-0.4178858791139594,-21.048,173.5051,5.0
14.06995611111111,5.33,0.26687491868331403,0.527613071420021,-21.0053,-68.6054,5.4
11.604905277777778,5.2700000000000005,0.24060109910158528,-0.43350583636053514,-25.6937,-69.1858,5.1
1.03628,5.27,0.24060109910158528,0.009314490056373026,-4.9564,131.9605,5.1
13.802665277777779,5.3,0.2494438257849347,4.0969272179252,-17.8482,-178.2055,5.5
0.4058105555555555,5.27,0.2668749186833117,-0.4178858791139594,-22.7558,171.8021,5.0
19.425781666666666,5.33,0.3888730155490679,0.2672870706722598,-8.2322,158.9118,6.2
5.998469444444445,5.3,0.4027681991198224,0.2286592043727179,-0.3747,123.5348,5.0
1.5385483333333334,5.3100000000000005,0.3956710193526416,-0.2676443322985174,18.3383,120.4578,5.1
3.450016944444444,5.34,0.43767060165786686,-0.14977472484978666,41.1434,142.8148,6.0
3.592452777777778,5.34,0.43767060165786686,-0.4178858791139594,-10.9123,166.9185,5.0
0.22117944444444443,5.319999999999999,0.4391911757866863,-0.40897863076673857,-10.8937,166.777,5.2
29.325741388888886,5.34,0.4325634186002264,-0.3826739475205981,-15.2415,-173.1121,5.3
23.10508138888889,5.46,0.5168279318217209,-0.25900519510556075,-35.6663,-73.4965,6.3
12.319609999999999,5.44,0.5189733454941007,0.12265599801086444,27.037,141.5589,5.3
4.900665,5.46,0.5037636129950079,-0.026811005470036602,-24.7851,-70.0594,5.2
11.830521944444445,5.4,0.4371625682868055,-0.4178858791139594,-50.0022,114.0648,5.6
17.35813222222222,5.41,0.4280446497997928,-0.24158790012114004,27.2714,53.0322,5.1
16.720191944444444,5.459999999999999,0.4168666186897005,-0.40908786123699437,-7.8107,118.6792,5.6
9.388300277777779,5.56,0.6275171533733457,0.17791668591753557,-4.3229,143.1658,7.0
1.4706325,5.609999999999999,0.5971227307309329,5.626253101933543,6.4308,115.8339,5.5
7.5754713888888885,5.74,0.638052592746966,0.485748011183808,52.7227,158.4935,6.5
1.5522563888888887,5.7299999999999995,0.6464432603785912,-0.31479217527800973,-58.554,-25.0158,5.2
7.93366361111111,5.6,0.649786289653939,-0.4178858791139594,12.274,-89.4448,5.0
2.3931383333333334,5.680000000000001,0.6579429222120272,0.3169372844248844,0.8388,98.835,6.1
5.847473888888889,5.66,0.6769211344183563,1.2855037242683343,-8.2205,123.8573,5.0
0.7368405555555556,5.65,0.6786424357167532,-0.4178858791139594,14.4822,56.2988,5.5
0.15787027777777776,5.6899999999999995,0.6539622822966777,-0.4178858791139594,14.3888,56.3258,5.5
0.041355277777777776,5.640000000000001,0.6801960501698597,1.6437498765790217,-21.3813,-66.7051,5.1
0.2276622222222222,5.470000000000001,0.4877385456255185,-0.4178858791139594,14.5446,56.4004,5.3
4.193283055555556,5.46,0.4880801391392904,-0.20935498135293618,16.0809,-96.9831,5.4
4.923825555555556,5.3100000000000005,0.34140233677518744,0.023583961488877307,27.0045,141.4555,5.0
5.785483055555556,5.41,0.43830481529537957,-0.4178858791139594,13.7318,125.5376,6.2
3.5432655555555552,5.41,0.43830481529537957,-0.4178858791139594,34.2906,8.008,5.0
0.8432436111111111,5.3,0.38005847503304957,-0.41799510958421515,9.058,93.9052,5.0
1.851106388888889,5.39,0.4067486256208491,0.009105959158611995,-27.4327,-70.9617,5.9
3.157144722222222,5.47,0.4989989979949933,-0.3583056226108099,7.5671,-82.3345,6.3
8.021234722222221,5.43,0.5121848624601665,5.044372456838283,-9.4023,-71.44,5.1
18.20922388888889,5.44,0.5059644256269471,-0.4178858791139594,-0.536,122.1838,5.2
2.8271669444444445,5.42,0.5159672685570551,-0.4178858791139594,-35.5431,-109.1303,5.1
3.290529166666667,5.39,0.5258854966202822,-0.4178858791139594,11.6432,-85.7772,5.1
19.726360277777776,5.470000000000001,0.5207899981971904,0.32686732717540934,49.8919,155.2524,5.8
9.9067925,5.35,0.4696334267868501,-0.4178858791139594,41.903,81.9281,5.0
25.91484611111111,5.38,0.45411696975804283,0.17368648770581194,-2.9949,141.9484,5.3
2.2593702777777778,5.409999999999999,0.4357624225296333,-0.3698641923724209,-16.5746,175.0025,5.3
8.894831944444444,5.33,0.40838435055445194,-0.4178858791139594,0.8935,-28.3174,5.1
6.4168497222222225,5.2299999999999995,0.22632326929024207,-0.4178858791139594,9.096,94.0003,5.3
2.751638611111111,5.2700000000000005,0.23593784492248981,-0.4178858791139594,8.9326,93.9552,5.5
1.7703133333333332,5.319999999999999,0.26997942308422757,-0.4178858791139594,8.966,93.9695,5.7
3.2171069444444442,5.339999999999999,0.25905812303634695,-0.4178858791139594,9.3312,147.2652,5.3
5.4230025,5.35,0.25055493963955683,-0.4178858791139594,9.0116,93.9224,5.2
1.2562233333333335,5.34,0.2319003617456897,-0.4178858791139594,-48.2982,-9.9197,5.7
1.4953733333333334,5.42,0.23944379994758583,-0.4178858791139594,-3.4472,149.0847,5.8
0.9214477777777778,5.39,0.2726414006223902,0.10120710566973058,-9.6608,115.1234,5.0
0.019037222222222223,5.37,0.28693785622210627,0.06418790629577367,-9.5889,115.1162,5.1
0.47191777777777777,5.4399999999999995,0.2988868236194765,-0.4178858791139594,-3.4792,148.9097,5.8
0.05488194444444444,5.42,0.31552425509865595,-0.4178858791139594,-3.2619,148.7195,5.1
5.943691111111111,5.4,0.3162277660168468,-0.4178858791139594,-10.7936,164.6839,5.3
8.272896666666666,5.33,0.3198958163736078,-0.4178858791139594,-48.1671,-9.9165,5.0
5.852455833333334,5.3,0.33665016461207353,-0.4178858791139594,-6.4197,142.7477,5.0
2.7497580555555556,5.29,0.3414023367751869,0.7586355160109831,-15.1759,167.5134,5.1
9.549225833333335,5.22,0.319026296373478,-0.08393854141380645,2.0579,126.5897,5.0
3.0815130555555554,5.2,0.28284271247461873,-0.14833486865096052,-5.9469,149.6833,5.6
12.128892222222223,5.2,0.28284271247461873,-0.1696348103508365,-32.8112,-179.076,5.0
1.3069216666666665,5.22,0.2820559440174165,0.31226023428938715,5.8532,126.7748,5.3
11.955419444444445,5.14,0.2011080417199733,-0.4178858791139594,-1.2968,89.4654,5.0
9.137118888888889,5.13,0.2057506581601408,0.13430393815723018,-6.425,130.9951,5.0
4.272870833333333,5.12,0.19888578520234432,-0.4178858791139594,17.6028,60.0233,5.2
12.51252361111111,5.220000000000001,0.3359894178227781,-0.44767600736553415,49.215,-129.6178,6.0
0.15941750000000002,5.23,0.33015148038438474,-0.3146233645512508,9.2273,125.5742,5.1
1.2647358333333334,5.25,0.3274480450731438,-0.4178858791139594,24.0474,-108.9527,5.3
9.6875075,5.25,0.3274480450731438,-0.2635332945998001,-2.082,139.0775,5.0
6.902620277777778,5.39,0.6419588079550874,5.411049215444167,-6.0413,112.0478,7.0
0.7025705555555555,5.43,0.6272515001532091,5.222874905321719,-6.0524,113.0021,5.4
3.550309722222222,5.44,0.6257440016137291,0.04044517407926862,-5.5034,152.0751,5.4
3.9748941666666666,5.45,0.6186903731090255,0.3345631103070662,-4.4712,143.21,5.1
20.86915638888889,5.540000000000001,0.6113736809658948,-0.4178858791139594,-33.7441,56.0663,5.9
0.09261916666666666,5.57,0.6000925854492137,0.10038291212143703,-4.8305,102.9546,5.5
5.933120277777777,5.470000000000001,0.6037843618011017,-0.4178858791139594,-33.897,56.5081,5.0
12.778930555555556,5.4799999999999995,0.5977736472389376,-0.2637914757113137,17.8047,-61.4915,5.2
25.195036388888887,5.470000000000001,0.6019413038937779,-0.4178858791139594,-31.7726,-178.8645,5.2
0.07297166666666666,5.4799999999999995,0.5940445175985528,0.10399744768262807,-4.8734,102.9421,5.1
2.343785555555556,5.29,0.2685351208149772,-0.4178858791139594,-31.8271,-178.8268,5.1
6.513357777777777,5.290000000000001,0.2685351208149772,-0.40533430507729595,-31.849,-178.9512,5.4
5.217745833333333,5.25,0.2798809270624484,-0.4178858791139594,-31.7794,-178.9184,5.0
1.5075916666666667,5.3,0.29439202887760085,0.5552583104374824,54.165,159.8676,5.6
1.8470947222222223,5.38,0.5072803301265869,5.242238488685243,-22.3188,179.4509,6.7
24.396074166666665,5.35,0.5082650227325682,-0.30787093548089384,17.2744,-101.0622,5.2
4.176388611111111,5.4799999999999995,0.571158666416111,-0.11998459659821192,-5.9496,149.635,6.3
10.167176111111111,5.470000000000001,0.5774464862170801,-0.4178858791139594,51.5116,159.7468,5.1
15.65747638888889,5.49,0.5704773829385815,-0.4178858791139594,2.7147,-84.395,5.4
19.379075,5.5,0.5637178175095998,0.6488191732329281,-18.4978,-174.698,5.2
2.804367777777778,5.5600000000000005,0.5481281277625285,-0.4178858791139594,-38.5547,78.1488,5.7
1.2446774999999999,5.61,0.554677083235533,-0.3086554088581853,2.7652,127.0501,5.9
4.6953933333333335,5.609999999999999,0.554677083235533,0.3686430170268676,-6.303,146.4413,5.0
7.281146666666666,5.6,0.5557777333511125,-0.3800325561489585,35.0264,15.2188,5.5
0.8478333333333333,5.43,0.42700507413067107,-0.14299250565117816,-5.0803,-77.3303,5.0
9.216988055555555,5.529999999999999,0.48085571871636473,-0.47746613561710893,-5.2611,125.585,6.2
0.08823583333333333,5.4,0.4216370213557906,-0.4178858791139594,-5.2695,125.5677,5.0
0.7815630555555555,5.4399999999999995,0.4087922591134988,-0.38102556042401087,-5.3494,125.6371,5.5
7.030349722222222,5.45,0.408928138212852,-0.4178858791139594,-35.2895,-104.3709,5.5
0.8672597222222223,5.51,0.4121757985240011,-0.3086554088581853,-0.7618,98.5942,5.8
4.134177222222222,5.51,0.4121757985240011,-0.31858545160871027,-0.9402,98.4892,5.7
0.052128888888888884,5.44,0.3977715704047098,-0.2915757353272825,-0.8598,98.5035,5.2
0.2614944444444444,5.44,0.3977715704047098,-0.4178858791139594,-56.4144,-141.5486,5.0
1.9543680555555556,5.41,0.4040077006966922,-0.33446358996679965,-0.8016,98.6029,5.2
2.913301388888889,5.42,0.3938414796731259,-0.4178858791139594,-20.7399,-173.7494,5.1
1.3080166666666666,5.3100000000000005,0.29230881691192073,-0.07771240460922738,-29.2538,-177.0885,5.1
5.536549166666667,5.34,0.2716206504995177,-0.1545014251990365,17.52,122.3026,5.3
7.066064166666666,5.32,0.26583202716503024,-0.4178858791139594,14.2645,118.9138,5.3
0.014848611111111111,5.2700000000000005,0.2750757471437052,-0.06238041860241686,-29.4831,-177.1487,5.0
7.254905277777778,5.23,0.2110818693198333,0.24401105046502947,-59.5662,-26.4452,5.4
1.0405880555555556,5.37,0.6219146064997848,-0.05290715781841608,-29.9574,-177.8386,7.1
0.3900816666666667,5.4,0.6200358412579469,-0.1696348103508365,-29.7434,-177.5995,5.5
0.7750605555555555,5.42,0.6088240030309849,-0.1696348103508365,-29.858,-177.5254,5.2
0.43505805555555555,5.46,0.6058969476001003,-0.4178858791139594,-60.4609,-26.2305,5.6
7.134348888888889,5.45,0.6132789830991425,-0.1696348103508365,-30.1806,-177.5685,5.0
0.10272444444444444,5.459999999999999,0.6077280093375167,-0.2558970917246465,9.2801,125.406,5.2
1.4394066666666665,5.43,0.6236986451805121,-0.4178858791139594,9.3625,93.8685,5.0
5.467687777777778,5.4,0.6377042156569706,-0.1696348103508365,-29.9967,-177.5014,5.0
3.5726794444444447,5.61,0.8130190649671217,-0.17956485310136142,-0.8082,98.5112,7.1
2.3051833333333334,5.569999999999999,0.8340663442836416,-0.30516003381000056,-0.9345,98.5221,5.0
7.278940833333333,5.38,0.6408327915038925,0.16685461829345077,-2.8231,-79.8374,5.2
5.606897777777777,5.39,0.6436872946806844,-0.4178858791139594,-41.3592,-86.1327,5.6
11.063778333333333,5.41,0.6402256546631778,-0.3023200415833504,-40.2601,176.5323,5.4
0.04650583333333333,5.38,0.6373556481449166,-0.3168874142983705,-40.3152,176.5877,5.3
1.9163086111111112,5.45,0.6293735862833125,-0.4178858791139594,-9.0767,67.3204,5.7
15.462721111111112,5.4399999999999995,0.634560215162181,0.19175916551176736,45.7835,151.5984,5.1
4.313418888888889,5.45,0.6276056794587634,0.639623953645942,36.4294,26.3159,5.1
0.7076688888888889,5.46,0.6203941399537043,-0.26258994053850027,-0.7335,98.591,5.1
5.207644166666666,5.26,0.2366431913239857,-0.4178858791139594,-58.3373,-23.7017,5.1
4.195422222222223,5.26,0.2366431913239857,0.335337653641607,-35.6137,-71.3001,5.0
1.606761111111111,5.27,0.23593784492248704,-0.4178858791139594,26.0902,128.5561,5.3
12.037738333333333,5.22,0.20976176963402807,-0.4178858791139594,29.6212,81.5483,5.1
5.365326111111111,5.25,0.25495097567963976,0.5432926089230999,-59.9306,-27.8993,5.7
2.098782777777778,5.32,0.34896672875473495,5.317309611879211,-25.1471,178.5065,6.0
0.0011269444444444445,5.409999999999999,0.5279941077112359,5.07342776192632,-25.1498,178.4274,6.6
0.33954111111111107,5.449999999999999,0.5169354139757018,5.143921135412296,-25.1399,178.372,5.5
0.28209694444444444,5.5,0.5033222956847264,5.210303471199555,-25.0889,178.4405,5.6
0.05889833333333333,5.5200000000000005,0.48944412914608154,-0.4178858791139594,-16.434,67.2028,5.3
5.420624444444444,5.58,0.46856755708816256,-0.4178858791139594,-4.775,133.8946,5.7
6.677033611111111,5.6,0.4447221354708932,0.3702020337387001,13.6644,120.6333,5.2
2.205937222222222,5.62,0.43410188256267557,-0.4178858791139594,-4.7811,133.9484,5.5
10.718724444444446,5.63,0.4217687623436612,-0.4178858791139594,-52.507,140.3652,5.2
2.1328980555555557,5.56,0.46475800154490315,0.13549554328729307,-5.1828,153.3941,5.0
15.566661111111111,5.47,0.45716517802650797,-0.4178858791139594,-4.9445,133.8131,5.1
17.851199444444443,5.33,0.2311805451253363,-0.31935999494325124,1.3426,126.2937,5.2
7.7886533333333325,5.290000000000001,0.23309511649396472,-0.2385890272104815,-29.802,-177.4335,5.1
2.078178888888889,5.24,0.2118699810942754,-0.3563196140607049,26.0202,128.5306,5.1
0.024326666666666663,5.24,0.2118699810942754,-0.31834713058269765,26.0019,128.5201,5.3
0.31566638888888887,5.1899999999999995,0.13703203194062163,1.962623409383878,39.4369,15.5156,5.2
0.6789994444444445,5.26,0.2633122354417543,-0.4278159218644843,26.0161,128.4753,5.9
0.6727138888888888,5.209999999999999,0.26012817353501966,-0.3705295052367061,26.012,128.5116,5.0
3.9515308333333334,5.220000000000001,0.26161889160464585,-0.4178858791139594,25.9389,128.5511,5.3
2.9385522222222225,5.28,0.27406406388126175,5.244333727705604,-22.183,-179.3959,5.6
1.0670827777777778,5.279999999999999,0.27406406388126175,-0.4178858791139594,-29.9333,-177.1334,5.1
26.417100277777777,5.31,0.2806737924669493,-0.1952046704334382,-15.588,-172.6979,5.5
0.7032755555555555,5.3100000000000005,0.2806737924669493,-0.4178858791139594,-21.3583,173.6328,5.1
0.33666333333333337,5.33,0.27100635498904363,-0.4178858791139594,25.4011,99.2692,5.3
4.709901388888889,5.35,0.27588242262078777,0.673276868527471,-4.0952,142.7199,5.5
5.218534999999999,5.35,0.27588242262078777,0.5289337671058408,3.4003,125.9293,5.2
0.8016819444444444,5.26,0.21705094128133035,0.13652826773334767,-16.3605,-72.9385,5.0
0.021243611111111112,5.26,0.21705094128133035,0.2715569890549856,9.3732,-78.541,5.0
7.647742777777777,5.26,0.21705094128133035,1.4136112057928563,36.4988,70.7311,5.3
13.574061944444445,5.24,0.18973665961010192,-0.4178858791139594,-53.0227,-118.272,5.4
1.3882527777777778,5.2700000000000005,0.1888562063228727,-0.32851549435923516,17.4696,122.3465,5.4
6.035064722222223,5.220000000000001,0.18737959096739976,-0.27183481033923895,-33.1658,-179.3826,5.0
15.489987777777777,5.220000000000001,0.18737959096739976,-0.4178858791139594,-8.4015,160.3855,5.1
7.35825,5.3100000000000005,0.3634709219609095,-0.4178858791139594,37.5476,137.2994,6.2
5.918166666666667,5.319999999999999,0.3705851229249983,1.329801644978426,-37.242,177.2433,5.6
0.11573027777777778,5.3,0.382970843102538,5.2569150918705185,-7.2201,120.1721,5.0
1.2326338888888888,5.36,0.3777124126457468,-0.4178858791139594,37.4872,137.2752,5.6
4.82009,5.45,0.3894440481849405,0.06868621566176149,41.5095,141.9826,5.9
3.9866616666666665,5.430000000000001,0.4029061098237903,-0.4178858791139594,22.2318,146.6154,5.1
7.165655833333333,5.39,0.4254409477236593,1.2487625660913921,15.882,-92.4035,5.0
11.035459444444445,5.36,0.43512450325549085,0.014051120448373379,52.247,159.53,5.1
1.0174930555555555,5.369999999999999,0.4270050741306689,-0.3757626377662327,-30.0409,-177.8513,5.1
13.490521944444446,5.38,0.4211096452627729,-0.06472390869154078,-25.3542,-70.5138,5.2
5.122455833333333,5.28,0.30840089349921246,-0.2040225483959043,17.4838,122.3072,5.2
13.259441666666666,5.24,0.28751811537130445,0.3796951546082018,-2.7506,-78.9272,5.2
5.172185833333333,5.33,0.3400980250849305,-0.4178858791139594,-56.0344,-121.4114,5.9
8.204442499999999,5.279999999999999,0.3326659986633263,0.0297505180369533,-20.5954,-174.8507,5.1
23.462927222222223,5.2,0.25385910352879415,-0.4178858791139594,10.972,92.0333,5.1
8.826363888888888,5.1899999999999995,0.26012817353501877,-0.3266883664931386,12.1591,143.8722,5.0
5.881763888888888,5.2,0.25385910352879415,-0.32276599960668123,-6.5679,104.7998,5.1
11.62022,5.45,0.7961713941664172,1.568122670991024,-15.6278,-174.4925,7.6
0.5110377777777778,5.44,0.8016649341630665,1.457253743681413,-15.611,-174.3954,5.0
2.7340133333333334,5.4399999999999995,0.8016649341630665,-0.12540639993999853,35.1171,140.0913,5.2
2.611533055555556,5.42,0.8107609594284494,0.8173022085810845,-20.2952,169.5446,5.0
11.988881388888888,5.42,0.8107609594284494,0.09794012160480788,42.3313,143.0155,5.2
2.1760358333333336,5.33,0.8014570065407978,-0.2942369867844231,55.361,163.0409,5.0
1.4988944444444445,5.4,0.8096638534327447,-0.3022703913695978,24.2156,125.2746,5.8
1.0564305555555555,5.39,0.8143845665422617,-0.24678131247966456,1.2029,97.0828,5.0
8.718078055555555,5.438000000000001,0.8029086014125326,-0.4590955565286378,40.2041667,-121.1095,5.48
1.5123319444444445,5.428,0.8081913964732239,-0.4178858791139594,-42.9203,79.3357,5.0
7.201476388888889,5.218000000000001,0.28385442278275697,-0.40988226465703637,12.4049,144.1714,5.5
2.269336111111111,5.234,0.27455823102253124,-0.45701024755102754,40.196,-121.0998333,5.16
4.7195761111111105,5.214,0.2844175334492091,-0.1979652223180841,12.4037,144.0895,5.0
6.7466638888888895,5.234,0.2745582310225313,-0.3177215378894146,-24.4044,-175.8109,5.2
9.396566666666667,5.234,0.2745582310225313,-0.4178858791139594,29.9909,129.9763,5.2
7.4545575,5.234,0.2745582310225313,-0.0683781644237339,10.1268,126.0458,5.0
5.701035833333333,5.194000000000001,0.20266008761250703,0.5949784814395821,53.2315,-169.8065,5.4
9.90145972222222,5.214,0.190915920993739,5.011424574992041,-7.2326,124.5946,5.2
1.9679369444444446,5.206,0.17988885457414638,-0.332259120476183,33.3767,139.3714,5.4
0.16231888888888887,5.286,0.24441312930728418,-0.3903895907377559,33.3132,139.3665,5.8
0.3742491666666667,5.236,0.24690078979217447,-0.42311901164348603,33.3252,139.4954,5.0
1.092513888888889,5.23,0.24966644414765204,-0.4178858791139594,11.4596,141.611,5.1
0.36478166666666667,5.29,0.26012817353502526,-0.3855040097044977,33.4427,139.3262,5.6
2.549024444444444,5.27,0.27507574714370486,-0.24560956743510262,7.4664,123.5627,5.0
1.1903650000000001,5.25,0.2877112750272012,-0.4178858791139594,33.4166,139.3909,5.0
0.1259063888888889,5.2700000000000005,0.27507574714370486,-0.4178858791139594,33.4328,139.3741,5.2
1.4805994444444446,5.2299999999999995,0.28303906287138236,0.6985786174558086,0.4875,126.9209,5.0
0.8422583333333333,5.220000000000001,0.28596814119369424,-0.4178858791139594,33.3944,139.1999,5.1
0.9435861111111111,5.18,0.2859681411936915,-0.4178858791139594,-44.191,-16.034,5.0
4.678256111111112,5.1,0.1885618083163975,0.8294267907794755,45.4259,148.5079,5.0
9.657801666666668,5.13,0.19465068427540727,1.8369289282477335,-22.7606,-66.4159,5.3
19.488395277777776,5.15,0.2013840995599,-0.4178858791139594,70.3368,-15.3702,5.3
15.220685555555555,5.090000000000001,0.1286683937707682,-0.4178858791139594,23.0943,-100.1202,5.0
28.66329722222222,5.23,0.42959929650263035,1.9851844665130705,15.1066,-90.8052,6.4
12.904746388888888,5.25,0.4222953153106644,-0.09615249399695214,-55.7305,-27.0087,5.2
7.042814166666667,5.24,0.42478752858863944,-0.41005107538379526,34.9922,24.8491,5.1
7.970009722222223,5.51,0.8748968193132576,-0.3379192448439823,-23.2063,170.7423,7.7
0.11244222222222222,5.55,0.8631338250816104,-0.17643688963494608,-23.2314,171.0091,5.5
0.04347972222222222,5.64,0.8461678320522564,-0.1869031546939993,-23.207,170.7182,5.9
0.0724936111111111,5.6899999999999995,0.8184674024595644,-0.1810940796849423,-23.1845,170.5515,5.5
0.037720555555555556,5.7,0.8137703743822579,-0.4178858791139594,-23.1768,170.6575,5.4
0.24880194444444445,5.700000000000001,0.8137703743822579,-0.19009069841691786,-23.2812,170.584,5.3
0.26359722222222226,5.7,0.8137703743822579,-0.4178858791139594,-23.1855,170.9808,5.0
0.3124344444444444,5.59,0.7823753006780854,-0.15278352780319568,-23.3074,171.0752,5.3
0.11496472222222222,5.590000000000001,0.7823753006780854,-0.12584332182102165,-23.2428,171.0634,5.2
0.003545277777777778,5.6,0.7760297817881966,-0.4178858791139594,-23.2499,170.66,5.2
0.21737499999999998,5.36,0.2412928142780588,-0.15961539721555687,-23.2021,170.6489,5.3
0.17463083333333335,5.319999999999999,0.2485513584307672,-0.16061833153335986,-23.22,170.5591,5.1
0.2849411111111111,5.24,0.15055453054181164,-0.1780952067742837,-23.1185,170.7314,5.1
0.063855,5.25,0.1715938356831138,-0.2278943711681662,-23.2514,170.4355,5.6
0.20009,5.2299999999999995,0.16363916944844215,-0.4178858791139594,-23.2657,170.5753,5.2
0.3284988888888889,5.22,0.1619327706865414,-0.4178858791139594,-23.2365,171.2742,5.2
0.18361027777777778,5.24,0.14298407059684318,-0.4178858791139594,-23.0571,170.7424,5.2
0.9561102777777777,5.21,0.15951314818673037,-0.4178858791139594,-23.0798,170.4925,5.0
0.46588444444444443,5.1899999999999995,0.1728840330651891,-0.4178858791139594,-23.2025,170.9954,5.0
0.19220666666666666,5.21,0.18529256146249015,-0.4178858791139594,-23.1656,170.787,5.4
1.2281008333333332,5.209999999999999,0.18529256146249015,-0.4178858791139594,-22.8902,170.7149,5.3
1.6164372222222223,5.2,0.19436506316150215,-0.33658861911541194,-23.2267,170.7076,5.0
0.6636580555555556,5.2,0.19436506316150215,-0.4291167574648031,-23.1549,170.7589,5.1
0.03933611111111111,5.16,0.13498971154209335,-0.38861211308541194,-23.3195,171.517,5.2
4.475816111111111,5.220000000000001,0.2440400695696368,-0.4178858791139594,12.7964,49.2049,5.8
0.39753194444444445,5.2,0.2538591035287907,-0.4178858791139594,-18.0204,167.6371,5.0
1.5994075,5.18,0.26161889160464025,-0.4178858791139594,-23.1226,170.9454,5.0
4.818669444444444,5.1899999999999995,0.2558211180579916,-0.4178858791139594,-23.1036,170.7264,5.1
3.7832455555555553,5.4,0.6463573143221806,-0.24600676914512362,-23.0421,170.5603,7.1
0.2148911111111111,5.38,0.6494442068244056,-0.4178858791139594,-23.1347,170.4528,5.2
0.04448138888888889,5.37,0.651579278028053,-0.4178858791139594,-23.0658,170.4899,5.2
0.055953888888888886,5.5200000000000005,0.7254117604658964,-0.4178858791139594,-22.956,170.5524,6.5
0.13059083333333332,5.55,0.7121953539740566,-0.4178858791139594,-23.1421,170.697,5.4
0.04317833333333333,5.55,0.7121953539740566,-0.303124375046143,-23.064,170.5134,5.2
0.14027333333333333,5.470000000000001,0.7257945837341201,-0.4178858791139594,-23.0955,170.2964,5.0
0.4605963888888889,5.5,0.7102425250887561,-0.4178858791139594,-22.6791,170.8267,5.3
0.84194,5.51,0.7030884249746554,-0.21169847144206005,-23.0876,170.7,5.1
0.7418111111111111,5.51,0.7030884249746554,-0.4178858791139594,-22.9878,170.3852,5.1
0.04703722222222222,5.319999999999999,0.42895221179054616,-0.4178858791139594,-22.9946,170.4018,5.2
2.999750555555556,5.3,0.4396968652757649,-0.4178858791139594,-56.6308,-69.2238,5.0
4.031895555555556,5.3100000000000005,0.43830481529537446,-0.4178858791139594,-22.9939,170.6036,5.3
1.8517813888888888,5.17,0.13374935098491117,-0.4178858791139594,-23.0282,170.7914,5.1
0.03574388888888889,5.15,0.10801234497344257,-0.4178858791139594,-23.0243,170.7398,5.2
4.638356944444444,5.13,0.115950180872817,-0.4178858791139594,-22.7121,170.838,5.0
4.017981388888889,5.14,0.10749676997729034,-0.3831307294871222,-23.4641,171.5298,5.1
1.4111799999999999,5.12,0.09189365834723638,0.08251876521324271,-57.9816,-25.6146,5.1
5.8294466666666676,5.18,0.20439612955673633,-0.3583056226108099,-19.376,-173.3476,5.7
6.0477147222222225,5.1899999999999995,0.20248456731315778,-0.4178858791139594,-19.3793,-173.3476,5.2
3.512353611111111,5.35,0.5482294734466199,-0.2391451096045109,-43.3991,39.3035,6.8
0.8069708333333333,5.46,0.5796550698475832,0.30002642162074045,-10.2725,161.4437,6.1
1.6352799999999998,5.4399999999999995,0.589161362540957,-0.4178858791139594,-43.8739,39.3827,5.1
1.3447469444444444,5.488,0.5778273483009021,-0.4178858791139594,40.3775,-125.5628333,5.58
0.15549555555555555,5.468,0.5921861569172749,0.435313324053892,-6.0844,147.6383,5.0
2.3054586111111113,5.508,0.5701617704164782,-0.4178858791139594,-52.1547,139.5343,5.4
1.1398233333333332,5.548,0.5521030499624028,1.3099415594773762,29.8362,129.1107,5.5
4.4254525000000005,5.537999999999999,0.5619371257830743,-0.4178858791139594,26.8674,97.023,5.0
1.995725,5.488,0.5681314401908601,-0.4178858791139594,-6.6092,129.2493,5.2
2.1234422222222222,5.508,0.5603332341859989,-0.35223836649023915,-23.7799,171.7145,5.4
0.8320611111111111,5.338,0.3389460789630809,-0.4178858791139594,34.4462,139.3058,5.1
5.799556944444444,5.228,0.22275048322680882,-0.13241701012186913,-15.7375,-173.5636,5.0
0.09280666666666666,5.2379999999999995,0.21857111733560017,-0.4178858791139594,-7.6524,158.1943,5.2
8.162036388888888,5.18,0.19321835661585252,-0.4178858791139594,-22.9658,170.4881,5.0
1.1381025,5.18,0.19321835661585252,-0.4178858791139594,-22.6736,169.8453,5.0
7.466540833333333,5.15,0.1779513042005117,-0.2790539514188705,-23.2419,170.634,5.1
0.32938972222222224,5.21,0.3381321240777511,-0.4178858791139594,-22.9954,170.3067,6.1
2.744304722222222,5.21,0.3381321240777511,-0.4178858791139594,-22.7825,170.7932,5.0
3.5664961111111113,5.1899999999999995,0.34464152068167214,-0.4178858791139594,-3.8159,151.4158,5.0
2.0716894444444445,5.16,0.3373096170846222,-0.03594664480051954,3.0781,126.7467,5.1
9.653185,5.17,0.33681514877517227,-0.3397165825818273,5.6719,124.2704,5.2
9.82015,5.22,0.34576806613039646,-0.4178858791139594,-56.7484,-140.8124,5.5
2.696632777777778,5.2,0.3527668414752759,0.10788009439808337,-4.7194,153.1603,5.0
2.574151111111111,5.32,0.4638007234913645,1.0517604479637281,-6.9484,129.5293,6.2
11.266264999999999,5.470000000000001,0.5774464862170791,-0.3880957508623847,8.9223,-77.0904,6.5
0.15664694444444444,5.46,0.5853773711604107,-0.4178858791139594,8.8411,-77.0924,5.0
7.4112536111111105,5.4,0.5416025603090684,-0.4178858791139594,-23.2483,170.774,5.5
3.1476313888888887,5.41,0.5342700108039469,-0.4178858791139594,21.1001,122.0167,5.1
2.7598472222222226,5.41,0.5342700108039469,0.5936279956255107,-59.5954,-26.3697,5.0
9.566145555555556,5.42,0.5287301349039611,0.16284288102223873,-6.1715,149.9685,5.2
7.922681944444444,5.51,0.5626327003965942,-0.10012451109716208,35.5294,140.5281,6.1
11.506453888888888,5.46,0.5853773711604108,-0.4178858791139594,-43.1776,39.1764,5.0
0.7438713888888888,5.5600000000000005,0.5834761729877701,-0.4178858791139594,-39.0059,-91.372,6.0
1.8765369444444446,5.54,0.5621387729022159,1.687283183997323,-18.4836,-175.1849,6.0
15.179574722222222,5.4399999999999995,0.4501851470969168,-0.05797147962118384,-57.9373,-25.6017,5.5
12.135274722222222,5.5,0.42426406871193767,0.456235924129248,-10.1728,161.2187,5.6
2.333978611111111,5.4799999999999995,0.42895221179055265,1.7708544237857407,36.6064,71.0508,5.3
7.045159722222222,5.4799999999999995,0.42895221179055265,0.8390390721619835,-5.5104,149.7567,5.1
2.8883402777777776,5.5,0.40824829046387257,1.1094440663015275,6.6964,-73.0303,5.2
2.320161388888889,5.49,0.41753243386992206,-0.4178858791139594,-58.3678,-139.9059,5.1
10.87328777777778,5.39,0.37252889522529953,1.0123580383296455,-7.9935,-74.5543,5.1
5.1233425,5.41,0.3541813722437269,-0.1696348103508365,-14.9553,166.9806,5.2
11.785486666666667,5.36,0.2913569784455014,-0.4178858791139594,-52.8793,10.4622,5.5
3.0002199999999997,5.34,0.2458545188611494,-0.4178858791139594,24.0473,142.9966,5.8
15.991443888888888,5.34,0.2458545188611494,-0.27288739487079455,-20.7038,-70.6344,5.5
8.11833388888889,5.29,0.23781411975649572,-0.30779149513888965,-0.8752,98.673,5.1
1.378505,5.39,0.3984692933938352,-0.3704401348519514,-49.6093,163.8553,6.3
1.724828888888889,5.38,0.4077035960378893,-0.11977606570045089,39.6636,54.9322,5.0
6.840153055555556,5.389999999999999,0.4040077006966906,-0.4178858791139594,1.4577,-90.6898,5.3
0.41557805555555555,5.470000000000001,0.4191260749066725,-0.4178858791139594,25.1051,96.2315,5.9
2.692033611111111,5.51,0.3984692933938397,-0.4178858791139594,55.3206,163.0997,5.5
7.914651111111111,5.51,0.3984692933938397,0.6505867208425216,-3.6262,128.2527,5.2
2.144233888888889,5.47,0.4191260749066725,-0.1696348103508365,-5.7635,151.9878,5.1
22.790641388888886,5.43,0.40290610982378894,0.18677428405100377,-11.693,166.357,5.4
5.646731388888889,5.39,0.41486276177926074,-0.4178858791139594,-23.7819,171.8772,5.1
0.9013830555555555,5.39,0.41486276177926074,-0.4178858791139594,12.4233,144.7323,5.1
10.283152222222222,5.29,0.26436506745198096,-0.4178858791139594,-60.9422,-25.4991,5.3
1.9454030555555555,5.3,0.2538591035288006,0.2820331841567893,-22.7789,-176.1183,5.1
6.540374999999999,5.2700000000000005,0.27100635498903963,-0.4178858791139594,-27.4475,-66.5322,5.0
1.5453341666666667,5.18,0.16865480854230816,-0.1696348103508365,-18.4392,168.1268,5.0
0.079715,5.17,0.14944341180972556,-0.4178858791139594,-15.6647,-71.5943,5.4
0.6400236111111112,5.16,0.15055453054180823,-0.4178858791139594,-15.8595,-71.7954,5.1
0.34256527777777773,5.15,0.15811388300841042,-0.4178858791139594,-15.8418,-71.9907,5.0
3.587525277777778,5.130000000000001,0.13374935098491356,-0.4178858791139594,12.4599,48.2599,5.2
0.9052088888888888,5.2,0.24944382578492688,-0.4178858791139594,12.6434,48.1757,5.8
2.846562222222222,5.1899999999999995,0.25582111805799546,0.4766520920243272,-20.6949,-68.7311,5.0
0.12252166666666665,5.220000000000001,0.28596814119369507,-0.4178858791139594,12.4621,47.9835,5.6
0.32927805555555556,5.21,0.29230881691191507,0.09460362724063152,41.978,142.5738,5.0
3.3730241666666667,5.26,0.2951459149490498,-0.4178858791139594,12.5626,48.0922,5.5
10.451927777777778,5.279999999999999,0.28205594401741796,0.6239742062711149,-6.8207,130.3819,5.2
2.863020277777778,5.2700000000000005,0.27908580918579473,-0.1696348103508365,-15.2113,-173.1804,5.3
2.585297777777778,5.2700000000000005,0.27908580918579473,0.001648497052967806,-3.0827,137.3178,5.1
16.307740555555554,5.2700000000000005,0.27908580918579473,-0.4178858791139594,25.1816,128.2919,5.0
2.456017777777778,5.279999999999999,0.2780887148615251,-0.4178858791139594,-56.6991,147.6358,5.3
2.1348783333333334,5.279999999999999,0.2780887148615251,-0.4178858791139594,-62.2765,155.4298,5.8
9.158673333333335,5.279999999999999,0.2780887148615251,-0.4178858791139594,-15.8993,-72.0405,5.0
3.769568888888889,5.24,0.25473297566057057,-0.4178858791139594,-5.7319,151.9904,5.2
30.105978611111112,5.25,0.24608038433722396,-0.4178858791139594,-23.0558,170.2262,5.1
1.8354372222222222,5.22,0.22997584414213632,-0.34388720053704774,-23.053,170.4734,5.2
0.37102277777777776,5.21,0.23309511649395895,-0.1696348103508365,-60.3542,-26.9678,5.1
17.074906666666667,5.24,0.2633122354417532,-0.3384455371097601,-8.8517,110.7921,5.6
0.5745730555555556,5.239999999999999,0.2633122354417532,-0.4178858791139594,6.0189,-77.8504,5.1
10.385756111111112,5.26,0.25033311140691566,-0.4178858791139594,-55.4402,-1.7995,5.2
3.5052108333333334,5.2299999999999995,0.26267851073127313,-0.4178858791139594,-5.6982,151.9814,5.0
1.7766919444444444,5.220000000000001,0.23944379994757137,-0.4079558363634345,-22.3497,170.28,5.7
11.205101944444444,5.29,0.2685351208149741,-0.4453523773619113,52.1605,177.7846,5.7
15.030569722222221,5.3,0.2666666666666704,-0.4178858791139594,7.1882,-34.015,5.3
9.164629722222223,5.359999999999999,0.2836272984824424,-0.4178858791139594,-47.3188,-12.6236,5.7
0.6372447222222223,5.430000000000001,0.3233505150074174,-0.4178858791139594,-60.5065,160.2974,5.9
11.852089999999999,5.49,0.3107338983045848,-0.4178858791139594,-15.954,-179.0523,5.7
17.753182777777777,5.45,0.32058973436120025,-0.4178858791139594,46.1872,153.1618,5.2
3.895983611111111,5.460000000000001,0.3098386676966054,-0.09235921766625163,-2.9534,136.6526,5.2
3.049375,5.5600000000000005,0.3717824931626462,0.6843488661943063,42.5268,141.9005,6.2
1.669033888888889,5.58,0.34253953543108695,-0.4178858791139594,-6.2358,150.6449,5.2
1.5649919444444442,5.59,0.3478505426185388,-0.4178858791139594,-56.9169,147.6805,5.8
12.249011944444444,5.5200000000000005,0.39101008796308345,-0.4178858791139594,24.1082,143.0146,5.0
30.665701666666667,5.51,0.3984692933938408,-0.4178858791139594,33.1191,75.9074,5.2
4.442865277777778,5.45,0.4116363011742907,-0.4178858791139594,-3.172,147.506,5.1
3.763345277777778,5.39,0.38137179293236834,-0.32639046521062287,51.5094,-178.5094,5.3
0.7388580555555556,5.340000000000001,0.36878177829171965,-0.02036640772494599,-29.2435,-177.0723,5.2
0.021318055555555555,5.36,0.36575644598254387,-0.08162484145293417,-29.3404,-176.9828,5.4
0.028466944444444444,5.36,0.36575644598254387,0.10259731165480407,-29.199,-177.2744,5.2
0.5824502777777778,5.26,0.21705094128132985,-0.06939102878428748,-29.346,-177.1333,5.2
0.9598630555555556,5.27,0.2162817093001124,-0.1696348103508365,-29.2012,-177.0261,5.3
22.29969472222222,5.24,0.14298407059684626,-0.3364495985169046,-29.1869,-176.778,5.5
7.134759444444444,5.26,0.11737877907772762,-0.03846887565915285,-29.2585,-177.145,5.2
1.7416330555555555,5.27,0.1159501808728431,-0.4178858791139594,-29.3252,-176.9084,5.3
0.5486691666666667,5.38,0.3047767853510064,0.5949784814395821,13.7629,120.7203,6.2
15.784805555555556,5.57,0.6481597882552748,1.2602913457247515,-22.9936,-177.1067,7.2
1.0183255555555557,5.59,0.6384877968032584,-0.10256730161379124,-34.5251,-71.882,5.4
9.643559999999999,5.55,0.6637435917246708,-0.4178858791139594,24.7339,92.0224,5.0
3.4230066666666668,5.630000000000001,0.6650814486462144,-0.31858545160871027,-23.5201,-175.9259,6.0
0.5002194444444444,5.62,0.6729701991090707,-0.3424672044237227,-23.4104,-175.9564,5.1
2.064053888888889,5.67,0.6650814486462154,-0.31858545160871027,-23.5603,-175.602,5.8
6.318840833333334,5.62,0.6972963661329633,-0.4178858791139594,-23.4576,-175.8382,5.0
2.1049080555555557,5.720000000000001,0.7020604595680531,-0.3583056226108099,-23.5577,-175.6208,6.2
1.3315738888888888,5.74,0.6915361322608096,-0.37831465875311765,-23.5832,-175.8992,5.5
3.925117777777778,5.68,0.6729701991090725,-0.17956485310136142,41.1421,142.7329,5.6
4.533760833333334,5.49,0.4148627617792664,-0.3500338969996227,7.6011,-82.3225,5.3
5.284431666666667,5.5,0.4136557881997068,-0.15623918268037842,19.1623,121.2038,5.5
1.1832802777777778,5.609999999999999,0.41217579852400626,-0.29872536610766043,-23.4652,-175.472,6.1
0.06708583333333333,5.51,0.42804464979979845,-0.4178858791139594,-23.2651,-175.8247,5.0
0.09416472222222222,5.56,0.40331955899345895,3.6244657138979757,47.9724,147.3699,5.6
0.1109713888888889,5.4799999999999995,0.4289522117905546,0.011290568563727465,41.3973,142.6033,5.0
7.038088333333333,5.55,0.39791121287712483,-0.43774596461500925,-14.9328,-173.2694,5.7
4.484691111111111,5.4399999999999995,0.34705106892855403,-0.4178858791139594,-23.7875,-175.473,5.1
0.03861611111111111,5.43,0.3465704994818779,-0.4174191671046848,-23.8866,-175.6426,5.4
9.902079166666667,5.380000000000001,0.3552776691859874,-0.2530471694552458,-0.6767,-77.5799,5.1
0.06741444444444444,5.35,0.3749073959734061,0.3189232929749894,58.1016,-154.6028,5.0
0.7491322222222223,5.33,0.37133393177690216,0.6596230597454993,-15.3895,167.5081,5.3
4.436281666666667,5.23,0.2584139659108594,-0.4178858791139594,-23.8469,-175.9568,5.1
0.05170611111111111,5.239999999999999,0.2503331114069172,-0.4178858791139594,-23.9165,-175.977,5.1
0.014248055555555555,5.25,0.2677063067368201,-0.4178858791139594,-23.9629,-175.8514,5.7
0.5872869444444445,5.34,0.32041639575195174,-0.4178858791139594,-23.8159,-175.9282,5.9
0.09055861111111112,5.27,0.30930028559099176,-0.4178858791139594,-23.7473,-175.92,5.0
2.1032022222222224,5.279999999999999,0.3047767853510034,-0.4178858791139594,-23.8042,-175.8024,5.2
0.2921930555555555,5.25,0.3064129385141734,-0.10274604238330069,10.2332,126.2476,5.1
2.9391608333333332,5.38,0.46856755708815534,-0.47746613561710893,23.1671,-108.6922,6.4
1.4822183333333332,5.4799999999999995,0.4848825745591613,-0.43774596461500925,-48.6733,31.1318,6.0
3.685239166666667,5.51,0.481779110289271,-0.38295198871761277,15.2546,96.2895,5.6
3.172686111111111,5.5,0.49216076867445696,0.20395325800941191,42.5016,142.8235,5.0
0.3897013888888889,5.51,0.48407988321489226,-0.4178858791139594,-27.8174,172.1769,5.2
0.0841,5.470000000000001,0.4831608887776965,-0.4178858791139594,5.9842,-82.3534,5.3
3.5993208333333335,5.4,0.46427960923947803,-0.4178858791139594,23.1118,-108.5169,5.2
2.38416,5.5200000000000005,0.5028805910839069,-0.28041436727569247,-4.4729,144.8345,6.2
11.365896944444444,5.51,0.5108815909778023,-0.4178858791139594,-4.4717,144.8664,5.1
5.091361944444444,5.51,0.5108815909778023,-0.4178858791139594,-23.809,-175.6816,5.1
4.894389722222222,5.42,0.40496913462634104,-0.318654961907964,-0.9713,98.6027,5.5
7.041233888888889,5.34,0.35339622081863564,-0.29817921375638157,-23.8496,-175.64,5.2
1.3514319444444445,5.31,0.34140233677518905,-0.4178858791139594,0.9148,-28.3025,5.3
0.08494611111111111,5.31,0.34140233677518905,-0.4178858791139594,-23.7361,-175.8594,5.0
2.855240277777778,5.36,0.3596294389136393,4.978417112889297,-17.4349,-178.8012,5.7
3.5754088888888886,5.33,0.37727090178456385,3.5578748472129553,33.7277,136.0713,5.0
4.618169444444445,5.36,0.37771241264574873,-0.4178858791139594,-12.7671,-14.7485,5.5
11.230695833333332,5.26,0.23664319132398975,-0.4178858791139594,-60.4494,-27.0376,5.2
9.992444166666667,5.25,0.2460803843372276,-0.14880158066023524,26.3496,127.8415,5.0
6.210452777777778,5.26,0.24129281427805638,-0.4178858791139594,-24.5361,-175.7791,5.2
11.9472675,5.22,0.22997584414214028,-0.4178858791139594,-28.6819,-176.4541,5.1
11.878892777777779,5.21,0.23309511649396292,-0.28926203536641015,-27.0949,-176.6428,5.1
6.023821388888889,5.2,0.23094010767585135,-0.4178858791139594,44.8921,-28.0466,5.2
1.7540425,5.2299999999999995,0.22135943621178983,-0.4178858791139594,44.8104,-27.9149,5.3
2.434630277777778,5.220000000000001,0.1988857852023534,2.6008471170456153,45.8109,143.1203,5.6
1.4508027777777779,5.26,0.18973665961010924,-0.1696348103508365,-15.1566,-172.9883,5.4
0.04269861111111111,5.25,0.17795130420052785,-0.4178858791139594,44.9723,-27.9893,5.4
2.659902222222222,5.29,0.20789954839351063,-0.4178858791139594,44.9547,-28.0502,5.6
1.2908036111111112,5.35,0.20138409955992315,-0.4178858791139594,-15.3499,-177.3496,5.6
25.878649166666666,5.37,0.19465068427543497,-0.4178858791139594,-24.2319,-175.4991,5.4
0.3131536111111111,5.38,0.18135294011649053,-0.3932395130071566,29.9143,139.937,5.2
5.993349722222223,5.49,0.2923088169119341,-0.4278159218644843,-24.0818,-175.576,6.2
1.1593444444444445,5.51,0.27668674625931466,-0.4178858791139594,-24.0746,-175.7088,5.4
7.058533055555555,5.4799999999999995,0.31552425509866167,-0.030266660347219334,-11.5358,166.3443,5.0
18.709117777777777,5.4399999999999995,0.32386554137310947,0.3910849136430539,2.1413,98.479,5.2
2.3921763888888887,5.42,0.3326659986633355,-0.1696348103508365,-23.8874,-175.9695,5.2
25.522109166666667,5.380000000000001,0.35839146815242506,-0.1696348103508365,0.5974,-79.9871,5.0
9.514996388888889,5.4,0.37712361663283467,3.8718925891128047,42.0836,133.9943,5.8
4.718765277777778,5.39,0.3725288952253025,-0.4178858791139594,-16.2722,178.5024,5.5
6.5457350000000005,5.39,0.3725288952253025,0.6512520337068067,-19.2514,-174.969,5.4
11.794641666666667,5.380000000000001,0.3794733192202138,0.7479209998831668,-59.0079,-26.1043,5.1
6.267951388888889,5.26,0.26331223544175664,0.7723985552632107,37.2073,71.798,5.0
6.538713888888888,5.24,0.2590581230363412,-0.29871543606490986,10.1859,126.9028,5.2
25.45668888888889,5.33,0.3164033993355879,0.24167749041865613,-8.6478,110.0229,5.9
6.020449166666666,5.3100000000000005,0.331494930412054,0.03220323859633296,-16.3426,-173.3848,5.0
4.649012222222222,5.29,0.3446415206816797,-0.4178858791139594,-34.0581,58.137,5.0
7.864061388888889,5.38,0.37653389990515346,-0.20935498135293618,-0.1517,88.7184,5.9
1.7549969444444444,5.33,0.3465704994818739,0.8000835144516742,49.8759,155.0264,5.3
13.10783638888889,5.279999999999999,0.355277669185983,-0.05693875517512926,-17.7783,-173.5802,5.0
3.0588877777777777,5.24,0.36270588023294664,-0.042212501776100766,-15.9842,-73.7322,5.0
1.2711980555555555,5.29,0.3754996671103757,-0.4278159218644843,-23.5361,-175.5015,5.6
7.773924166666667,5.4799999999999995,0.6160808027812309,1.7567934832509975,-17.881,-174.9484,6.9
7.760409166666667,5.47,0.6219146064997892,-0.3203927193893058,-0.1034,97.3302,5.1
1.3121147222222223,5.4,0.6073622386096258,0.11945852424519539,-29.1576,-177.5613,5.2
7.3249216666666666,5.4399999999999995,0.5910442735813808,-0.3802112969184679,-3.7466,140.1181,5.4
8.583714722222222,5.470000000000001,0.5735852159880082,-0.3087447792429401,-21.4916,169.6578,5.3
1.6174138888888887,5.41,0.5546770832355292,-0.4178858791139594,-16.9455,-176.8186,5.3
4.380135,5.39,0.562632700396593,-0.3625556809080345,-23.9581,-175.597,5.1
2.5896566666666665,5.42,0.547316686713975,0.009105959158611995,41.7302,49.2849,5.3
0.9320197222222223,5.49,0.5321862664727763,-0.3980257936129096,-13.3934,166.4775,5.7
3.3397166666666664,5.46,0.5337498373666247,-0.4178858791139594,-23.7007,-175.7538,5.3
11.714796944444444,5.36,0.25473297566058145,-0.4178858791139594,-58.1291,-12.8468,5.9
4.0736574999999995,5.380000000000001,0.239443799947586,0.05316555884269102,-33.0508,-179.4076,5.3
20.02945638888889,5.369999999999999,0.24966644414766515,-0.4178858791139594,0.0089,97.2079,5.1
12.41230111111111,5.41,0.2846049894151672,0.8233694647016552,-23.8192,-67.7929,5.8
0.8278686111111112,5.389999999999999,0.29981475762359594,-0.4178858791139594,-18.7026,65.2543,5.1
9.158679722222223,5.45,0.33747427885528986,-0.4178858791139594,-60.5509,153.7183,5.9
6.7030449999999995,5.47,0.3198958163736174,0.7392222824337069,-7.0119,129.4318,5.3
2.84495,5.4399999999999995,0.3502380143083777,-0.4178858791139594,-9.5077,148.9127,5.0
7.589414722222222,5.369999999999999,0.36224607965059935,-0.4178858791139594,-54.9282,-129.8573,5.0
10.212479444444444,5.35,0.3719318934070306,-0.28593547104498435,-24.5781,-175.7966,5.1
29.917620833333334,5.32,0.3326659986633304,-0.47746613561710893,21.9267,121.5692,5.6
1.5811008333333332,5.299999999999999,0.3399346342395243,-0.4178858791139594,21.8848,121.6092,5.1
2.7389011111111112,5.34,0.33730961708463447,-0.32851549435923516,-7.4416,156.0819,5.5
13.537034722222222,5.3,0.298142396999978,-0.4178858791139594,24.0087,143.0668,5.4
0.5072969444444444,5.3100000000000005,0.29230881691192345,-0.1418207606066162,5.508,94.5895,5.2
3.041856944444444,5.29,0.2514402955419545,0.46588792568275816,-33.2105,-70.3351,5.7
1.5349555555555556,5.29,0.2514402955419545,-0.4178858791139594,-15.7717,166.9122,5.3
0.09292361111111111,5.3,0.24037008503094004,-0.4178858791139594,24.0081,143.0829,5.1
3.5625069444444444,5.32,0.220100986922932,-0.467536092866584,64.0461,-22.1636,5.2
0.6543033333333333,5.3100000000000005,0.2330951164939695,-0.15826491140148544,-30.1926,-177.2307,5.0
13.982483055555555,5.25,0.2273030282831017,0.1871019754617711,11.3685,125.3559,5.0
7.4540597222222225,5.4,0.47609522856953057,-0.37816570811185973,20.0634,-61.1021,6.6
1.1072616666666666,5.41,0.4794672969962561,-0.4178858791139594,-34.9508,-107.7462,5.6
16.55331222222222,5.38,0.489444129146077,-0.37957577418243427,-56.9541,-25.2366,5.1
3.3065886111111107,5.36,0.5015531433014462,-0.4178858791139594,-34.849,-107.4449,5.0
2.195653611111111,5.319999999999999,0.4871686908385403,-0.4178858791139594,-59.5989,-29.7419,5.3
13.021945555555556,5.29,0.4976611966656327,-0.35070913990665836,-10.1507,118.8415,5.0
18.841024166666667,5.3100000000000005,0.49317565047579737,-0.4178858791139594,10.0272,-104.1235,5.3
1.2320644444444444,5.29,0.5021066730398173,-0.1696348103508365,40.067,142.7592,5.0
8.3754125,5.299999999999999,0.49665548085838124,-0.4178858791139594,75.1834,135.8186,5.1
2.761911111111111,5.319999999999999,0.4871686908385403,3.8138316291504855,29.8747,138.6684,5.2
10.16143611111111,5.1899999999999995,0.19119507199599792,-0.4178858791139594,28.6508,143.302,5.3
0.7137677777777778,5.13,0.13374935098491508,0.05026598635953781,-59.3761,-25.8255,5.0
6.739124722222222,5.25,0.3922867431979958,-0.17956485310136142,14.9004,-93.9011,6.3
7.069903055555556,5.25,0.3922867431979958,-0.1696348103508365,14.8727,-94.1187,5.0
28.640156111111114,5.220000000000001,0.39944405810520683,-0.1696348103508365,48.2602,154.8056,5.0
9.6123725,5.4399999999999995,0.7321202087089306,-0.26893523785608564,54.3926,-160.762,7.2
0.04971972222222223,5.49,0.7385421074281779,-0.1696348103508365,54.6283,-160.8146,5.8
6.887236111111111,5.5,0.7318166133366786,0.1058245755487247,18.3051,-100.8784,5.1
2.4905455555555553,5.51,0.7264066813202348,0.8821950379557648,-5.7118,148.305,5.2
10.85314138888889,5.65,0.7919736247011246,1.329801644978426,-38.1862,-70.4427,6.6
1.617208611111111,5.680000000000001,0.7828722046981266,-0.4178858791139594,-1.5393,126.4716,5.6
5.072393888888889,5.680000000000001,0.7828722046981266,-0.4178858791139594,-1.5166,126.3639,5.0
5.8140025,5.59,0.7549098548097661,-0.4278159218644843,5.7772,124.0668,5.4
18.640025833333333,5.65,0.7261006970264094,-0.4178858791139594,17.9986,-105.731,5.6
14.1386425,5.8,0.731816613336686,0.18594016045995979,12.8,-88.0796,6.5
2.392313611111111,5.6,0.5597618541249008,-0.4178858791139594,-35.0147,-107.69,5.2
0.02143527777777778,5.52,0.5846176338238422,0.19267272944481564,12.842,-88.2108,5.0
4.662116111111111,5.52,0.5846176338238422,1.6188254692752042,36.5193,70.0961,5.1
2.763313611111111,5.5,0.600000000000008,0.8819567169297522,-7.9713,-74.3216,5.0
5.105507777777778,5.36,0.46236109025066346,-0.22504444889876551,-3.1814,139.7735,5.2
0.9402775,5.319999999999999,0.4565571644870413,0.9825877701635716,-58.5711,-26.3937,5.2
11.162222222222223,5.319999999999999,0.4565571644870413,-0.4178858791139594,-28.0883,-176.6011,5.0
0.10983861111111111,5.3,0.45704364002673853,-0.4178858791139594,-1.5687,126.4517,5.2
39.50284166666667,5.31,0.46535530034110284,-0.4178858791139594,-22.7009,-175.1192,5.7
41.529494166666666,5.17,0.2057506581601391,0.4422842140647605,-8.6271,111.1186,5.1
14.27412,5.25,0.33416562759605745,4.6762260519053225,-24.0956,178.7423,6.0
2.196156388888889,5.25,0.33416562759605745,5.126682581197385,-24.169,178.6547,5.0
0.0185775,5.279999999999999,0.33266599866332613,4.996181959369986,-24.1938,178.619,5.4
19.372636111111113,5.34,0.3306559138036656,0.35181159456472794,-9.0432,123.9238,5.6
1.1920544444444443,5.33,0.33681514877518187,-0.4178858791139594,48.0778,154.955,5.1
4.135880277777778,5.36,0.33730961708463403,-0.3869438659033238,37.5794,35.9482,5.5
4.841030277777778,5.42,0.31902629637348834,3.245316821597433,17.0901,145.5391,5.6
4.996373888888889,5.409999999999999,0.32812599206200244,0.03140883517629098,2.2525,126.8188,5.1
3.917190277777778,5.339999999999999,0.3339993346633482,-0.04414886011245313,-11.0768,163.0416,5.0
15.164941388888888,5.36,0.3238655413731035,-0.4178858791139594,-57.9604,-23.9995,5.3
2.0761205555555553,5.4,0.4216370213557913,-0.3880957508623847,-14.74,167.9135,6.4
0.30423333333333336,5.42,0.40496913462634043,-0.4178858791139594,-14.824,168.0443,5.2
0.9517255555555556,5.38,0.42635405214185923,-0.4178858791139594,-14.6621,168.0709,5.0
2.3431216666666663,5.32,0.43410188256266236,-0.4178858791139594,-7.3328,121.9453,5.0
1.4569755555555555,5.32,0.43410188256266236,-0.4012331974213291,4.775,124.963,5.1
5.419672222222222,5.279999999999999,0.4341018825626606,-0.399187608614721,-14.5494,167.8834,5.1
1.2639044444444443,5.27,0.42700507413066474,-0.4178858791139594,-16.2994,-172.8553,5.5
0.9482072222222222,5.3,0.42426406871193123,-0.4178858791139594,-14.5653,167.8651,5.4
5.619073333333334,5.33,0.4110960958218935,-0.4178858791139594,-14.6812,168.0322,5.3
4.065096944444445,5.33,0.4110960958218935,0.256185282877173,44.2396,147.7014,5.3
0.6154141666666667,5.2299999999999995,0.17669811040931327,3.4660716019843525,-24.8104,-179.2769,5.4
8.4893,5.22,0.18135294011647057,-0.4178858791139594,3.2786,-31.4507,5.1
1.9570811111111113,5.22,0.18135294011647057,-0.4178858791139594,-14.6856,167.8003,5.0
0.05495333333333333,5.22,0.18135294011647057,-0.4178858791139594,30.35,94.8318,5.0
8.819840833333334,5.26,0.1955050439815377,-0.4178858791139594,-30.4395,59.8464,5.5
0.16911833333333334,5.290000000000001,0.19119507199600477,-0.4178858791139594,-30.5124,59.9154,5.4
0.7612369444444445,5.33,0.26687491868331437,-0.4178858791139594,-30.4971,59.7825,5.9
9.651519444444444,5.290000000000001,0.2846049894151575,5.428863712138608,-17.9647,-178.4785,5.0
1.5558555555555555,5.26,0.29888682361946656,0.5413562505867474,59.0039,-153.9767,5.0
0.2066813888888889,5.32,0.36147844564602977,0.3655051235177018,10.5368,93.5418,5.9
0.18745972222222224,5.33,0.3653004851412709,-0.1468255021528808,-58.7654,-25.1897,5.5
11.377981666666665,5.36,0.35652645218989804,0.6296939108954172,-58.6267,-26.1765,5.4
4.357721944444445,5.36,0.35652645218989804,0.20832247681964283,1.4539,128.233,5.0
13.8554775,5.430000000000001,0.3465704994818779,-0.4278159218644843,12.8061,-90.9046,5.7
0.003649722222222222,5.380000000000001,0.3705851229250018,-0.4178858791139594,-54.1926,-61.6532,5.0
1.2727638888888888,5.360000000000001,0.37475918193481134,-0.01396153015085739,9.0817,-76.6299,5.2
6.281711944444445,5.29,0.3247221034122042,0.0002880811961458878,-55.923,-27.372,5.2
47.32250194444445,5.33,0.3093002855909933,-0.1973793497958031,19.256,121.2607,5.4
1.6051441666666668,5.33,0.3093002855909933,0.561285846387051,-10.1535,161.186,5.0
7.1697130555555555,5.3100000000000005,0.27264140062238507,-0.3941232868119533,54.6595,168.2148,5.7
0.4266111111111111,5.32,0.2820559440174208,-0.44767600736553415,15.2211,39.5264,5.6
3.446491388888889,5.28,0.29739610697594177,-0.4178858791139594,-32.6842,-178.4184,5.0
3.4664205555555556,5.3100000000000005,0.2806737924669495,-0.4178858791139594,9.3458,93.9282,5.3
0.9515122222222222,5.26,0.2458545188611447,-0.4178858791139594,9.5163,94.0695,5.2
0.4215433333333333,5.34,0.27968235951204695,5.629510155955715,-21.604,-179.2848,5.8
23.87967,5.41,0.3247221034122114,-0.44767600736553415,5.6396,-82.6062,5.9
18.14149972222222,5.45,0.3205897343612016,-0.1696348103508365,54.6385,-161.0718,5.6
2.595945277777778,5.42,0.33928028399999605,1.0830003624568796,3.5131,-76.2356,5.1
2.3689280555555556,5.470000000000001,0.3056868404829578,5.199449934473232,-6.1265,113.093,5.5
11.281845,5.46,0.2988868236194794,-0.11998459659821192,-0.2079,124.954,5.6
15.290515833333334,5.4,0.3265986323710998,-0.06091077227533921,34.8611,72.8455,5.0
4.233648055555555,5.52,0.3794733192202197,5.192588274932619,-28.1775,-63.1836,6.2
6.837812222222222,5.5200000000000005,0.3794733192202197,-0.4178858791139594,52.3862,-31.7979,5.3
1.8576897222222222,5.58,0.37058512292501217,1.5581926282404992,36.4504,70.7227,5.8
1.6139980555555555,5.51,0.39001424475411356,0.4835435416931915,-19.5528,-69.0472,5.1
0.9220133333333334,5.46,0.36575644598255036,-0.3384455371097601,37.2306,116.3908,5.4
3.0121308333333334,5.42,0.3705851229250039,-0.4178858791139594,-33.7603,118.2467,5.2
2.9684897222222224,5.4399999999999995,0.3565264521899024,1.6480197949617474,36.431,70.6689,5.3
1.195905,5.41,0.36347092196091507,-0.4178858791139594,-1.1715,120.2762,5.2
2.331125277777778,5.4,0.35901098714230884,-0.4178858791139594,-54.3073,-136.6058,5.5
6.08204,5.43,0.3334999583541646,-0.4178858791139594,-1.0804,120.281,5.3
3.2312461111111115,5.32,0.20976176963403773,0.328525644314747,36.5314,70.9379,5.1
0.9098575,5.359999999999999,0.24129281427806112,-0.3980257936129096,-55.7055,-27.106,5.7
0.12168805555555555,5.3,0.18856180831641886,-0.3044152806037112,-55.6352,-26.9503,5.2
3.792558055555556,5.34,0.18378731669454695,-0.3895753272322129,30.7578,131.4022,5.5
5.708581666666666,5.34,0.18378731669454695,-0.36339973454182917,-55.7362,-27.2008,5.4
7.469253055555556,5.319999999999999,0.2097617696340378,-0.4178858791139594,9.1915,93.7124,5.0
16.16343277777778,5.29,0.23309511649396536,3.5394744779962326,-15.5425,-177.4341,5.0
0.26420611111111114,5.33,0.24966644414766043,-0.3880957508623847,-55.7487,-27.0444,5.6
15.704740555555555,5.33,0.24966644414766043,-0.44767600736553415,-5.4436,34.9505,5.5
3.1266138888888886,5.41,0.3478505426185312,-0.10012451109716208,-15.2082,-173.1883,6.1
6.306629166666667,5.43,0.3334999583541647,0.098774245195852,6.5014,126.3305,5.3
8.386238333333333,5.430000000000001,0.3334999583541647,3.8421024608612298,13.3986,144.1398,5.7
0.21604444444444446,5.49,0.3414023367751973,0.5056080966848578,16.1516,-93.7276,5.8
16.450805833333334,5.46,0.3533962208186406,0.34172267113019456,-5.761,131.4651,5.2
4.9690891666666674,5.43,0.37133393177690655,-0.4178858791139594,-5.6391,133.8123,5.1
2.5006830555555557,5.43,0.37133393177690655,-0.293780204817899,-24.2774,-176.3682,5.0
8.322468333333333,5.45,0.3503966006938223,-0.4178858791139594,38.2665,38.2011,5.2
6.088514722222222,5.4,0.3620926830400158,1.282911983110447,-40.2095,173.5365,5.1
0.35368805555555555,5.4399999999999995,0.39496835316263984,-0.17956485310136142,41.1218,142.8297,5.9
37.095594166666665,5.33,0.3400980250849309,-0.3341458285987828,-0.6518,121.2134,5.0
12.381451111111112,5.34,0.34058772731853393,-0.019830185416417626,20.4838,121.5736,5.4
2.4374866666666666,5.34,0.34058772731853393,-0.32009481810679,-6.4047,148.7654,5.7
3.668286111111111,5.2700000000000005,0.30568684048294564,-0.4178858791139594,35.2795,23.8505,5.1
26.84078361111111,5.35,0.38078865529320144,-0.4178858791139594,-43.5041,39.1083,6.0
3.1987863888888888,5.45,0.4352521619066963,-0.43774596461500925,13.347,147.5297,6.1
0.9652516666666666,5.48,0.4104198392432488,-0.1532700998979714,24.9796,92.2481,5.3
7.3900175,5.46,0.4299870799092664,-0.1547695363533007,53.7138,-164.4125,5.0
5.680547222222223,5.5,0.41096093353127794,1.200711089221602,-8.3786,121.4462,5.5
13.224558888888888,5.41,0.4121757985239982,-0.1299841496479905,24.8191,125.4234,5.0
8.500213333333333,5.42,0.4022160834399651,-0.014338871775377304,40.2712,53.143,5.1
2.525835,5.380000000000001,0.42373996218855864,1.7204594568268268,-12.5848,167.0795,5.0
8.643009444444445,5.46,0.5481281277625272,1.3496617304794758,-13.8882,167.2249,6.5
2.250204166666667,5.4799999999999995,0.5370702416299511,-0.31265721608664687,49.3209,156.0464,5.3
0.9617663888888889,5.43,0.5056349144063079,-0.2297314290770133,-24.5924,-176.008,5.5
12.473704722222221,5.36,0.44771022374349395,0.02685094555380001,-7.4965,105.5471,5.4
12.047803888888888,5.34,0.45509461775669824,-0.32066083054357,-23.6941,-175.5754,5.1
0.15598194444444444,5.4399999999999995,0.4812021982031709,-0.4178858791139594,-0.3289,-19.5802,6.0
0.3963861111111111,5.5,0.5249338582674641,-0.4178858791139594,4.3463,-73.6199,6.1
0.20803555555555556,5.56,0.4948624949305633,-0.4178858791139594,4.258,-73.5289,5.6
7.969128055555556,5.55,0.5060742150229782,-0.4178858791139594,4.3633,-73.485,5.0
6.7086266666666665,5.619999999999999,0.46856755708816505,-0.4178858791139594,-0.4522,-19.7274,5.7
2.4993636111111113,5.51,0.35418137224373525,-0.28663057403752107,-16.0718,-75.0613,5.4
10.188518055555555,5.5200000000000005,0.3489667287547469,-0.4178858791139594,-29.6046,-112.4033,5.4
18.115123611111112,5.470000000000001,0.38600518131238776,-0.4178858791139594,30.3522,94.7507,5.0
8.414130833333333,5.470000000000001,0.38600518131238776,-0.4178858791139594,14.8785,144.3949,5.4
2.632080833333333,5.4799999999999995,0.37653389990515795,-0.4178858791139594,51.627,-167.3235,5.2
18.181678333333334,5.45,0.34075080500436045,0.2672870706722598,-56.0011,-27.6161,5.7
1.6867033333333332,5.348,0.2698476936677104,-0.46912489970666793,34.4085,-119.1883333,5.08
7.719732222222222,5.328,0.2561596724267537,-0.11650908163552819,-3.1989,-79.9653,5.4
4.618462777777778,5.348,0.23460605277785304,4.600737866915833,-7.4132,120.4887,5.2
52.01415888888889,5.298,0.20230889473498617,0.3271552984151745,-20.4159,-69.1166,5.2
0.3427016666666667,5.378,0.3508022551555623,4.984057377171595,-26.8836,-63.2947,6.2
3.478395,5.348,0.3613800707780666,0.3899429587267436,-55.8968,-27.4842,5.1
6.528985833333333,5.348,0.3613800707780666,-0.41753832761769105,46.3859,149.6557,5.0
19.751729166666667,5.308,0.3767934889741814,-0.1696348103508365,-17.9055,168.0097,5.0
2.6688547222222225,5.368,0.4044420024346371,-0.3384455371097601,39.5518,143.3026,5.8
11.753858888888889,5.298,0.40115943076150123,0.08812923936728927,-56.3181,-27.1749,5.0
6.8214041666666665,5.3100000000000005,0.39567101935264204,0.4637628965341458,-59.4143,-26.4807,5.2
1.8464144444444444,5.27,0.4056544780420367,-0.3852557586357345,6.2438,124.7479,5.0
0.018274166666666668,5.26,0.408792259113492,-0.4178858791139594,-1.8393,152.1727,5.1
1.5434997222222222,5.29,0.41486276177925835,-0.4178858791139594,-39.5626,-16.0369,5.5
12.890046944444444,5.180000000000001,0.26583202716502086,-0.4178858791139594,-58.5712,148.8833,5.1
7.606905833333333,5.18,0.26583202716502086,0.4691747698331819,-56.0754,-27.2458,5.1
23.776724444444444,5.18,0.26583202716502086,-0.4178858791139594,36.4491,142.6936,5.0
4.686438055555556,5.25,0.3027650354097505,-0.27850779906759165,5.3394,-76.6839,5.7
20.237850833333336,5.2,0.23570226039551298,-0.2308733839933237,4.3673,126.5051,5.3
1.9372025,5.409999999999999,0.6349978127696426,4.44783506864325,-6.7888,116.5211,7.1
0.1894813888888889,5.4399999999999995,0.6310485101972997,4.587570630228637,-6.8165,116.6136,5.5
0.020403611111111112,5.51,0.6154492487425671,4.268836118022287,-7.0269,117.2121,5.7
3.281930833333333,5.5,0.6236095644623331,0.2513294919721663,-43.8022,-73.2189,5.0
5.161493888888889,5.54,0.6363087999461446,1.4986123717373496,-5.5578,129.9456,5.9
0.41127416666666666,5.58,0.6178816859057998,-0.1800812153243887,9.9367,-78.4562,5.5
5.267749444444445,5.590000000000001,0.6100091074001496,0.9174268296346272,13.1887,143.8269,5.2
16.027696944444447,5.590000000000001,0.6100091074001496,-0.03930299925019697,-6.1023,103.9727,5.0
5.372716388888889,5.529999999999999,0.6272515001532142,-0.4178858791139594,-22.5031,-12.7687,5.1
6.25294,5.51,0.6384877968032584,-0.4178858791139594,-22.073,170.2134,5.1
0.02091611111111111,5.33,0.30930028559099393,-0.4178858791139594,-14.7383,168.0239,5.3
0.35372333333333333,5.3100000000000005,0.3034981237357389,-0.08916174390058258,-29.446,-71.3456,5.3
4.704657777777777,5.25,0.2758824226207806,-0.05466477538525899,54.8166,-161.2124,5.1
2.3487074999999997,5.25,0.2758824226207806,-0.4178858791139594,-10.8336,164.4588,5.0
13.15241722222222,5.2,0.16996731711975205,-0.04897486088920821,-9.4768,123.9031,5.4
9.070586111111112,5.16,0.13498971154209424,-0.29136720442952146,-9.8238,160.2109,5.1
14.463882777777778,5.14,0.14298407059682935,-0.2246770373169961,-58.7823,-25.4423,5.0
9.124299444444445,5.17,0.14181364924120374,0.6571802692288701,-4.4157,143.8415,5.3
1.6816688888888889,5.27,0.3233505150074085,0.843229550202705,50.6792,156.313,6.1
14.352021944444445,5.29,0.3178049716414168,0.980075469347689,-8.2098,-74.2328,5.3
16.68121888888889,5.26,0.3306559138036602,-0.4178858791139594,-17.1651,-172.445,5.0
6.6173725,5.24,0.33399933466334153,0.030098069533221642,-5.333,153.758,5.1
11.0173025,5.279999999999999,0.33928028399998783,-0.4178858791139594,6.8178,147.9139,5.5
11.688338055555555,5.279999999999999,0.33928028399998783,0.518795193457555,2.1697,127.241,5.0
4.683116666666667,5.24,0.3470510689285421,-0.4178858791139594,-47.2899,-12.5902,5.0
0.9203558333333334,5.24,0.3470510689285421,-0.4178858791139594,-2.369,-12.3731,5.1
10.13179,5.31,0.3634709219609101,-0.4079558363634345,-23.9538,175.5059,5.7
14.044422222222222,5.29,0.36953424138441815,-0.28068247842995664,2.5656,95.8459,5.1
0.08689166666666667,5.26,0.30258148581093974,-0.03061421184348767,-5.3081,142.8841,5.8
0.651176388888889,5.24,0.3062315754094883,-0.4178858791139594,-5.4349,34.9283,5.1
2.1331683333333333,5.24,0.3062315754094883,-0.4178858791139594,-5.0279,-11.5582,5.0
29.962322777777775,5.36,0.4477102237434946,-0.15970476760031158,-30.2737,-71.4817,6.3
5.022421111111111,5.34,0.44522154285504506,-0.4178858791139594,-55.4432,-128.2299,5.3
0.19355166666666665,5.35,0.43779751788546234,-0.4178858791139594,-55.3678,-127.9775,5.1
14.319741944444445,5.359999999999999,0.42998707990926244,0.7785452517257856,4.405,127.7487,5.1
13.82890888888889,5.51,0.568526360182389,0.2672870706722598,-32.7996,-179.3741,6.6
0.31432,5.46,0.5719362823874018,-0.11549621727497468,38.9143,142.1007,5.2
1.4329922222222222,5.470000000000001,0.5657836257007817,0.8112945327170168,19.0392,145.8277,5.2
4.975276388888888,5.45,0.5562773089426303,-0.37816570811185973,19.3843,-105.0882,5.6
0.6919883333333333,5.46,0.5501514942874165,1.633760253571994,-19.0323,-175.5564,5.2
0.03946555555555555,5.54,0.5337498373666296,-0.3880957508623847,19.436,-104.981,5.8
0.8612672222222222,5.409999999999999,0.4840798832148899,-0.2955179622992409,29.1423,129.5972,5.0
0.6561169444444445,5.39,0.4931756504758009,-0.40439095101599604,29.2727,129.4376,5.1
2.3961094444444444,5.38,0.5006662228138355,-0.4178858791139594,-32.193,-13.8094,5.0
1.6502772222222222,5.55,0.6587024281789948,-0.32851549435923516,31.058,-8.3847,6.8
1.920305,5.45,0.5482294734466268,4.575177936875981,-6.8316,116.5593,5.6
0.6581625000000001,5.43,0.5618422079789624,1.1153921619090919,-18.8902,168.9232,5.0
2.4014355555555555,5.489999999999999,0.5665686189686223,-0.4178858791139594,-4.7589,-105.5478,5.8
11.559863055555555,5.529999999999999,0.5888784066153145,-0.3880957508623847,0.0018,119.7663,6.0
22.3422475,5.51,0.6045200116162057,-0.2554005895871202,54.274,-160.9245,5.0
1.9674702777777777,5.46,0.598516684999034,-0.4178858791139594,29.2562,129.4839,5.3
0.0216825,5.49,0.5801340841181181,-0.11456279325642532,-28.7389,-177.2589,5.3
14.180357222222222,5.4799999999999995,0.5884065110297759,0.3785929198628936,-55.9543,-27.5796,5.0
4.1138125,5.57,0.5755190893638874,-0.4178858791139594,0.7352,-26.0932,5.9
3.510135833333333,5.49,0.4201851443775323,0.9822501487100538,1.1246,127.4888,6.0
0.7598816666666667,5.4799999999999995,0.4184627953726863,-0.30822841701991277,-27.1693,-71.1762,5.5
3.914480833333333,5.4799999999999995,0.4184627953726863,0.5775214662841593,24.3645,94.8511,5.0
5.318287499999999,5.430000000000001,0.40565447804204585,-0.3822171655540739,55.4742,166.4214,5.3
2.4624711111111113,5.34,0.36270588023295125,0.1887106423873562,-10.2681,161.4926,5.1
0.33416333333333337,5.340000000000001,0.36270588023295125,-0.4178858791139594,-22.3635,169.7685,5.0
1.0322122222222223,5.319999999999999,0.3705851229249991,0.12274536839561917,15.1471,-93.4529,5.1
2.2965061111111114,5.32,0.3705851229249991,0.584194455012512,-20.6565,-68.5181,5.3
6.077591388888889,5.4399999999999995,0.44271887242358404,-0.20826267665037843,19.2355,121.2293,6.2
12.238922222222223,5.35,0.4301162633521371,-0.025212268587202148,51.4926,-176.4217,5.0
3.2587025,5.26,0.3687817782917159,-0.4178858791139594,70.6481,-14.6524,5.1
3.023534722222222,5.209999999999999,0.3665151201974225,5.943845659223581,-5.754,110.1746,5.0
6.0392825000000006,5.2299999999999995,0.35916569992135766,-0.06935130861328541,-9.6539,159.8291,5.2
0.20582750000000002,5.31,0.4532597979574706,-0.4178858791139594,-36.2299,-97.9312,6.1
4.929967777777777,5.3,0.45946829173634307,-0.4178858791139594,-23.0514,170.0367,5.0
1.100933611111111,5.3,0.45946829173634307,-0.4178858791139594,15.2251,39.473,5.0
13.165819444444443,5.3,0.45946829173634307,1.0597938525489028,6.7906,-73.0327,5.1
7.400714166666667,5.29,0.46055522047970837,-0.4178858791139594,5.2515,-76.7301,5.2
5.559842777777778,5.23,0.3560586718193737,-0.11998459659821192,-6.1561,149.5901,5.6
2.878836111111111,5.29,0.36347092196090836,-0.4178858791139594,-36.4961,-98.0875,5.6
0.40150694444444446,5.279999999999999,0.3705851229249961,-0.4178858791139594,-6.516,149.5054,5.0
0.5986383333333333,5.29,0.36347092196090836,-0.06167538556712961,-57.9461,-25.2568,5.1
2.772285277777778,5.279999999999999,0.3675746333890741,-0.4178858791139594,-60.7689,-23.7438,5.1
6.871293611111111,5.17,0.23593784492247585,-0.4178858791139594,-60.3746,-26.1018,5.0
3.539489166666667,5.180000000000001,0.22997584414212943,-0.15278352780319568,-30.1101,-177.7841,5.1
5.087266944444444,5.249999999999999,0.2718251071716677,-0.43774596461500925,-27.3052,-71.5671,5.7
0.13932194444444446,5.24,0.279682359512039,-0.3968937687393497,1.1311,126.3201,5.0
4.850201666666666,5.22,0.2898275349237856,-0.1696348103508365,-24.2258,-175.6664,5.0
2.9147380555555555,5.159999999999999,0.2633122354417441,0.030376110730236397,-30.6066,-178.1079,5.0
11.76700888888889,5.15,0.24608038433721247,-0.4178858791139594,-13.7282,66.2319,5.5
3.721584722222222,5.15,0.24608038433721247,-0.04283809446938386,-57.9544,-25.2839,5.0
3.773843055555555,5.14,0.2503331114069028,-0.4178858791139594,-0.4861,133.1929,5.0
6.735360555555555,5.14,0.2503331114069028,-0.04157697904006717,-29.4341,-71.2613,5.1
7.440081666666667,5.1899999999999995,0.2685351208149649,-0.4178858791139594,50.8131,-130.3127,5.5
11.441580555555555,5.1899999999999995,0.2685351208149649,0.12004439676747633,-55.9744,-27.0531,5.1
4.2593877777777776,5.13,0.20027758514398145,-0.4178858791139594,44.0201,11.6768,5.1
10.185775277777777,5.26,0.41419265512024206,1.2305012174731766,26.5312,125.2312,6.3
3.467200555555556,5.26,0.41419265512024206,-0.4178858791139594,-55.3686,-128.5952,5.0
2.727243055555556,5.3100000000000005,0.40947120370872175,-0.010754126342437838,38.5226,141.6584,5.5
10.825854444444445,5.34,0.4351245032554909,-0.43774596461500925,30.9964,141.9897,5.8
14.870152222222224,5.39,0.4201851443775262,-0.4008856459250607,-43.704,171.1198,5.5
1.0494858333333332,5.41,0.40400770069669495,-0.4178858791139594,30.9761,142.008,5.2
4.345780833333333,5.41,0.40400770069669495,-0.02203465490703417,-29.7599,-177.6606,5.1
6.899581666666666,5.36,0.4221637386396747,-0.4178858791139594,-14.6967,167.995,5.0
5.215831944444444,5.369999999999999,0.4164666186436199,-0.4178858791139594,-4.5602,-105.6816,5.2
0.007982222222222222,5.45,0.43525216190669813,-0.4178858791139594,-4.5869,-105.6088,5.9
0.29446666666666665,5.4,0.3464101615137863,-0.4178858791139594,-4.6444,-105.8825,5.8
4.3156791666666665,5.470000000000001,0.32676869155074967,-0.4178858791139594,-44.8936,35.2016,5.7
5.857257777777778,5.46,0.32727833889691166,-0.017228514215780092,54.9138,-160.3674,5.4
8.573338333333334,5.380000000000001,0.33266599866333363,0.9907999155182556,13.8086,144.6809,5.0
5.535648333333333,5.390000000000001,0.3381321240777639,-0.17956485310136142,-30.6653,-178.2396,5.6
5.854885277777778,5.4799999999999995,0.3966526608171753,1.3198716022279011,-14.0192,167.2467,6.1
0.17323027777777777,5.54,0.37771241264576105,-0.390429310908758,30.966,141.8013,5.7
3.824901388888889,5.55,0.3628590176179755,-0.4178858791139594,-3.7656,151.9866,5.1
7.882991944444445,5.53,0.38887301554908216,-0.08855601129280057,54.8986,-160.4219,5.0
5.9098186111111115,5.5200000000000005,0.3794733192202238,0.9425299777079541,-7.0623,129.7277,5.8
1.3378177777777778,5.4799999999999995,0.3675746333890885,-0.1278194003283761,-14.9131,166.9028,5.4
0.22845388888888887,5.409999999999999,0.38715486421959977,-0.4178858791139594,30.9131,142.0334,5.0
23.301728055555557,5.4,0.38873012632302945,-0.4178858791139594,-22.2668,170.4284,5.3
9.6037975,5.42,0.37058512292500584,-0.186783994180993,1.9095,96.9269,5.2
13.56740361111111,5.359999999999999,0.38643671323172485,0.5639173077159402,52.6283,-171.7732,5.0
34.63499111111111,5.340000000000001,0.34705106892854903,0.4162377119301336,4.7109,127.5053,5.9
4.698766111111111,5.3100000000000005,0.324722103412205,-0.4178858791139594,15.0877,-104.3164,5.4
7.731088055555556,5.319999999999999,0.3190262963734818,4.750254520610486,-23.4315,-179.8079,5.2
12.820355833333334,5.319999999999999,0.3190262963734818,-0.40047851417228925,31.4154,141.7419,5.0
13.343351666666667,5.24,0.2836272984824324,-0.3426856653642342,-3.3385,128.858,5.0
1.370913888888889,5.26,0.3025814858109382,-0.4178858791139594,-53.5274,-134.774,5.6
0.16279666666666667,5.3100000000000005,0.29608557321603646,-0.4178858791139594,0.8622,93.1129,5.5
7.9365225,5.279999999999999,0.31198290551460334,-0.3576403097465247,-15.1407,-173.458,5.0
12.948004166666667,5.37,0.4029061098237886,0.724069037196406,-15.5866,167.741,6.1
2.9947291666666667,5.45,0.4006938426723892,-0.2192850241034611,44.3313,148.671,5.8
1.6855394444444445,5.43,0.3802046232695813,-0.24907515235503583,-5.2534,152.8231,5.7
0.3728652777777778,5.39,0.40400770069669306,0.4005085242133021,-5.9177,149.1913,5.0
5.599759166666667,5.430000000000001,0.40290610982379255,-0.011906011301498725,-4.6058,153.2711,5.6
0.5613741666666666,5.430000000000001,0.40290610982379255,-0.1696348103508365,-5.1954,152.8589,5.0
14.9720025,5.4399999999999995,0.3921450978627516,-0.4178858791139594,-8.9346,152.7769,5.1
2.2358563888888887,5.38,0.4104198392432443,-0.37690459268254306,38.4809,-30.347,5.0
3.5067041666666667,5.35,0.41163630117428773,-0.1696348103508365,-57.9717,-25.4371,5.2
1.9304869444444444,5.43,0.4137900702315499,-0.4178858791139594,-52.8414,140.1915,5.8
27.47358361111111,5.35,0.34075080500435456,0.6053454460711301,-6.9332,106.7791,5.3
22.096114166666666,5.29,0.3034981237357365,-0.4178858791139594,-57.1117,-30.1791,5.2
0.45913194444444444,5.22,0.2780887148615184,-0.4178858791139594,28.7973,142.6035,5.0
6.415112777777778,5.25,0.2677063067368153,-0.4178858791139594,-4.1801,134.0052,5.3
5.083895277777778,5.22,0.23944379994756793,-0.38319030974362533,38.7862,71.6977,5.3
0.23816083333333335,5.22,0.23944379994756793,-0.4178858791139594,29.8135,140.0454,5.0
11.639125555555555,5.28,0.2780887148615242,0.33679736992593423,-4.543,153.6881,5.7
6.550422222222222,5.28,0.2780887148615242,-0.4178858791139594,29.8291,139.9757,5.0
0.8621158333333334,5.33,0.30568684048294903,-0.3880957508623847,29.4973,81.242,5.7
2.283661388888889,5.35,0.34399612400917823,-0.4178858791139594,29.9183,140.0108,6.0
2.250146388888889,5.33,0.3529242915351096,0.30580570650154604,4.5477,127.5947,5.1
1.4919852777777778,5.390000000000001,0.3784471194529416,-0.4576060501160591,29.8738,140.0784,5.8
0.08109388888888888,5.390000000000001,0.3784471194529416,-0.4178858791139594,29.7644,139.8887,5.0
3.6170427777777774,5.359999999999999,0.39777157040470773,-0.4178858791139594,-19.882,-173.562,5.0
0.20813,5.36,0.39777157040470773,4.63475819337913,28.3705,138.7659,5.3
1.2603158333333333,5.38,0.3823901439920078,-0.4178858791139594,29.8599,140.0114,5.2
3.6861380555555554,5.359999999999999,0.3687817782917225,-0.4178858791139594,29.964,140.0704,5.5
2.0891744444444447,5.42,0.35213633723319226,-0.4178858791139594,29.9723,140.2052,5.6
1.2678069444444444,5.42,0.35213633723319226,-0.24907515235503583,19.2007,121.2365,5.7
1.343394722222222,5.380000000000001,0.29739610697595,-0.4178858791139594,31.0417,141.862,5.6
1.0250502777777777,5.42,0.2820559440174307,-0.43774596461500925,30.8019,142.0655,5.5
5.1335625,5.37,0.24966644414766478,-0.4178858791139594,29.7389,140.0585,5.3
0.1338836111111111,5.37,0.24966644414766478,-0.4178858791139594,30.7434,141.8692,5.0
0.14103388888888888,5.51,0.37844711945295056,0.604908524190107,5.3171,126.0438,6.4
4.836694722222222,5.4799999999999995,0.4077035960378988,-0.4178858791139594,64.4897,-17.7682,5.0
1.1782072222222224,5.4799999999999995,0.4077035960378988,-0.4178858791139594,29.9176,140.1414,5.2
1.1264483333333333,5.43,0.43474130238569375,-0.4178858791139594,29.8675,140.0623,5.0
2.5249566666666663,5.4,0.43204937989386605,-0.09101866189493073,-20.6583,169.4199,5.3
1.338102222222222,5.36,0.4195235392680669,4.922024400109066,-18.1296,-178.3065,5.3
0.9348658333333333,5.33,0.41109609582189366,-0.4178858791139594,29.8095,140.0285,5.3
0.016845000000000002,5.29,0.4121757985239918,-0.4178858791139594,30.1843,139.9953,5.1
0.4695202777777778,5.2700000000000005,0.4164666186436132,-0.4178858791139594,31.0223,141.7953,5.1
1.2972147222222221,5.29,0.4067486256208444,-0.4178858791139594,29.9611,140.089,5.2
0.62063,5.1899999999999995,0.13703203194061464,0.6333680267131114,-4.4647,153.4548,5.4
0.2928572222222222,5.3,0.3055050463303924,-0.4178858791139594,29.8466,139.9904,6.1
0.10938222222222223,5.319999999999999,0.30477678535100383,-0.4178858791139594,29.8971,139.98,5.4
0.14515583333333335,5.35,0.2838231060987815,-0.4178858791139594,29.9226,139.9345,5.3
0.6328936111111111,5.39,0.3034981237357455,-0.4178858791139594,29.9443,139.8719,5.7
1.1132688888888889,5.38,0.3084008934992202,-0.4178858791139594,30.0033,139.8586,5.2
0.4290569444444445,5.35,0.33082388735466045,-0.4178858791139594,-4.4736,127.0835,5.0
1.2580661111111109,5.34,0.340587727318534,-0.4178858791139594,29.9491,140.0941,5.0
0.6826444444444444,5.4,0.34641016151378595,-0.4178858791139594,30.0884,140.0279,5.7
0.4363886111111111,5.4,0.34641016151378595,-0.4178858791139594,30.0975,140.0015,5.2
6.858795,5.36,0.36878177829172243,-0.4178858791139594,29.9617,139.784,5.0
8.278140833333334,5.2700000000000005,0.26267851073127435,-0.4178858791139594,31.1734,141.8975,5.2
3.578037222222222,5.340000000000001,0.3717824931626372,-0.4178858791139594,30.1409,139.9683,6.1
1.9466255555555556,5.35,0.37193189340702965,-0.4178858791139594,3.8796,-82.562,5.4
0.3512883333333333,5.290000000000001,0.3573047252229782,-0.4178858791139594,47.2404,153.9347,5.1
0.7687891666666666,5.2700000000000005,0.36832956257496735,-0.4178858791139594,47.2296,153.9465,5.0
0.3628372222222222,5.279999999999999,0.3614784456460266,-0.4178858791139594,31.1964,141.908,5.1
0.8718247222222222,5.33,0.3529242915351096,-0.4178858791139594,30.1062,139.991,5.5
7.4347658333333335,5.26,0.34058772731852743,-0.4178858791139594,30.1985,140.1588,5.0
15.857861111111111,5.33,0.39454615277134586,0.5552583104374824,17.0471,-95.0442,5.9
0.8851255555555556,5.33,0.39454615277134586,-0.4178858791139594,29.5133,81.2055,5.0
0.6837097222222223,5.4399999999999995,0.49486249493056,-0.37816570811185973,34.5982,61.9263,6.3
0.14384138888888887,5.369999999999999,0.4372896319628765,-0.4153338581270745,34.5167,61.9462,5.4
0.38570722222222226,5.46,0.5274677451960763,-0.43774596461500925,34.5442,61.8891,6.3
0.05402722222222222,5.47,0.5207899981971941,-0.4178858791139594,34.4905,61.8943,5.2
0.40719,5.56,0.5081557066709361,-0.39325937309265757,34.6262,62.0006,5.9
0.8991391666666666,5.720000000000001,0.5921711464320865,0.02896604465966183,-5.5729,146.138,6.7
0.09566,5.86,0.6915361322608202,-0.0008240835919129214,-5.4749,146.1439,6.9
0.6441197222222222,5.91,0.6384877968032762,0.19155063461400634,-5.4976,145.9875,5.5
1.0757963888888888,5.819999999999999,0.7004760286167522,-0.4178858791139594,31.2682,141.9129,5.0
2.787941111111111,5.88,0.6460134157533935,-0.20935498135293618,-5.52,146.0369,5.6
1.0491244444444445,5.779999999999999,0.6511528238440099,0.12001460663922475,-5.632,145.9243,5.3
0.09866361111111112,5.76,0.6669999167083276,0.22452830658849957,-5.729,146.1525,5.2
0.115695,5.64,0.6669999167083226,0.013713498994855543,40.2023,142.3093,5.1
1.9021777777777777,5.69,0.6488451279003513,0.11765125646459983,-5.6561,145.8972,5.7
6.313252777777778,5.609999999999999,0.6690789689316841,0.10791981456908545,-5.6381,145.9288,5.1
6.9530725,5.46,0.5561774297230547,-0.4178858791139594,29.7935,140.1109,5.2
12.5180825,5.36,0.2988868236194725,-0.44767600736553415,-3.1582,148.4386,5.9
2.883513611111111,5.3100000000000005,0.31428932176862023,-0.4178858791139594,29.7418,140.0495,5.0
0.08108166666666666,5.35,0.2953340857778289,-0.4178858791139594,29.7638,139.9661,5.4
0.13208333333333333,5.29,0.2998147576235855,-0.4178858791139594,29.7985,140.0281,5.0
0.0668036111111111,5.29,0.2998147576235855,-0.4178858791139594,29.77,140.0739,5.3
6.555675277777778,5.2700000000000005,0.3128720008068607,0.8467845055073929,0.3711,122.1918,5.0
1.3148,5.29,0.30713731999438587,1.2899225932923177,44.7118,146.168,5.3
8.351195,5.23,0.2750757471436982,-0.4178858791139594,34.6202,62.0531,5.1
4.872943333333334,5.220000000000001,0.28205594401740963,-0.45301837036531656,49.095,21.7882,5.0
5.835793611111111,5.26,0.30623157540948737,5.157316763082754,-23.6084,-63.6903,5.6
7.136711388888889,5.220000000000001,0.22997584414213018,-0.4178858791139594,-15.5316,-174.2228,5.5
2.667111944444444,5.32,0.32249030993194505,1.9951145092635953,-22.9147,-66.2547,6.0
14.673402222222222,5.41,0.4483302354292056,-0.43774596461500925,34.5364,62.0509,6.3
0.18042472222222222,5.41,0.4483302354292056,-0.4178858791139594,34.5654,62.1362,5.0
0.9588333333333334,5.38,0.46619023298792805,-0.4178858791139594,15.0413,147.1179,5.0
2.077488333333333,5.45,0.455216676124932,-0.4178858791139594,-63.7692,172.3039,5.7
0.7033908333333333,5.42,0.4756282395129936,-0.2688061473003288,-20.4851,-174.0596,5.0
5.996788333333333,5.43,0.4691600058733897,-0.3580573715420468,23.2664,121.3166,5.2
9.467046111111111,5.5600000000000005,0.5146735750831817,-0.4178858791139594,-52.0446,139.6131,6.3
6.604211111111111,5.56,0.5146735750831817,0.6696722630090305,52.8792,-171.3013,5.6
3.624470277777778,5.529999999999999,0.5271516754112633,-0.4178858791139594,-4.5721,133.9193,5.2
4.270710277777778,5.4399999999999995,0.5146735750831756,-0.15107556045010542,-6.746,155.2721,5.1
11.9788075,5.32,0.42373996218855453,-0.11749215586783018,44.2409,148.51,5.1
1.8434875000000002,5.32,0.42373996218855453,-0.4178858791139594,13.7815,120.8353,5.0
2.020137222222222,5.36,0.40879225911349554,-0.10832672640909567,-56.3268,-26.6345,5.4
1.3177780555555556,5.38,0.43153472887153294,-0.4470404846295006,-51.7952,139.5001,5.9
5.1667113888888885,5.39,0.4228212125447156,4.816904967552009,-23.513,-179.9896,5.1
1.0885855555555555,5.38,0.4289522117905505,1.154099468550638,41.074,140.1515,5.1
20.571805833333336,5.319999999999999,0.31198290551460595,3.469298865878273,-31.3068,179.7272,5.7
1.9234991666666665,5.3100000000000005,0.3034981237357372,-0.4178858791139594,7.4663,-36.7005,5.5
13.675107222222222,5.3,0.30912061651652545,0.003435904748062288,-58.9822,-25.6543,5.1
5.43198,5.42,0.4315347288715352,-0.4278159218644843,34.6529,62.1244,6.3
0.3411752777777778,5.45,0.41699986677323714,-0.4178858791139594,34.5747,62.0974,5.4
5.282507222222223,5.47,0.39735234853829476,-0.3552670295291493,33.7721,141.7225,5.2
2.0365302777777776,5.459999999999999,0.4005551702880061,-0.4178858791139594,31.0601,49.4494,5.3
19.549630555555556,5.39,0.37549966711037924,0.10216038977378102,53.4531,160.2061,5.2
1.9593316666666667,5.4,0.36817870057291696,-0.4178858791139594,-15.8606,-179.6159,5.2
1.933635,5.46,0.3627058802329576,-0.3855040097044977,25.1582,125.5573,5.7
0.8888552777777777,5.53,0.46678569910495477,1.2106411319721269,52.5592,-176.924,6.4
6.963698055555555,5.48,0.4962078417581007,1.1966397716938868,-24.5208,-67.0178,5.0
10.434138888888889,5.4799999999999995,0.4962078417581007,-0.4178858791139594,27.7117,56.1329,5.1
0.1779186111111111,5.4,0.405517502019889,-0.4178858791139594,27.704,56.1419,5.5
3.202275555555555,5.359999999999999,0.42478752858864477,-0.4178858791139594,27.6897,56.1309,5.0
5.305603888888888,5.4,0.42687494916219715,-0.4178858791139594,-22.1584,170.7372,5.6
2.7717130555555554,5.4,0.42687494916219715,-0.4178858791139594,27.7307,56.1175,5.3
5.424020555555555,5.4,0.42687494916219715,-0.4178858791139594,-29.2123,-176.0956,5.2
10.320143333333334,5.4,0.42687494916219715,-0.4178858791139594,13.4286,146.2842,5.2
2.3003186111111114,5.380000000000001,0.415799096787011,-0.4178858791139594,-55.316,-128.4371,5.5
11.760279444444445,5.25,0.2173067468400853,-0.26560867353465983,30.8272,141.3689,5.1
2.507492222222222,5.279999999999999,0.19888578520235115,-0.4178858791139594,-29.2941,-176.1819,5.3
3.1062777777777777,5.2700000000000005,0.21108186931983344,-0.4178858791139594,25.9383,128.4834,5.0
10.274513055555557,5.23,0.20027758514399163,0.06397937539801271,-7.8723,107.2582,5.1
4.840683888888889,5.32,0.2740640638812637,-0.43284052349624996,7.4623,126.3516,5.9
5.091973888888889,5.33,0.2869378562221027,-0.35067934977840676,12.4144,143.3404,5.7
18.9561725,5.3,0.3055050463303915,-0.23113156510483732,30.9402,141.3646,5.0
0.8366711111111111,5.29,0.3107338983045725,0.09058195992666891,0.7895,125.206,5.1
14.900505277777778,5.29,0.3107338983045725,-0.4178858791139594,9.4763,-83.6299,5.2
6.400901944444445,5.25,0.3064129385141688,-0.4203088095450875,14.1937,-93.41,5.1
8.738768055555555,5.26,0.3025814858109381,-0.2619246276742151,27.8879,84.7252,5.2
1.1501919444444444,5.2299999999999995,0.3128720008068583,-0.2035459063438791,-58.7558,-25.2864,5.0
1.7071275,5.24,0.3062315754094867,-0.4178858791139594,-26.0046,69.982,5.1
10.473510277777779,5.2299999999999995,0.3128720008068583,-0.4178858791139594,39.3155,97.2486,5.0
4.291799722222222,5.1899999999999995,0.2330951164939519,4.765755317344055,-23.6936,179.3579,5.5
14.642118611111112,5.220000000000001,0.31198290551459795,-0.32851549435923516,-29.9334,-177.45,6.0
0.3553469444444444,5.24,0.3025814858109362,2.7137517031190836,-15.0241,-176.0829,5.2
4.980241388888889,5.23,0.30930028559098416,-0.41893846364551507,1.1821,127.962,5.0
7.530800277777778,5.22,0.3119829055145979,-0.1696348103508365,-29.9366,-177.4892,5.1
0.053213333333333335,5.3,0.3741657386773961,-0.20935498135293618,24.0413,122.6384,5.9
0.3230652777777778,5.32,0.3735713526965874,0.04050475433577177,-7.051,146.9304,5.4
10.755358611111111,5.32,0.3735713526965874,-0.4178858791139594,5.7628,-82.4617,5.0
1.3685063888888889,5.35,0.3659083066683415,-0.4178858791139594,39.2853,97.2985,5.4
10.792366666666666,5.37,0.3497618237219988,-0.4178858791139594,64.7362,-17.7358,5.2
5.494427222222222,5.34,0.3502380143083703,0.4745767130894675,-6.4253,146.5876,5.2
9.592612222222224,5.26,0.2633122354417517,0.8598623718098344,1.0473,124.7792,5.2
1.2049788888888888,5.25,0.2677063067368142,-0.4178858791139594,-9.299,159.2492,5.1
0.7965327777777778,5.27,0.25407785333545946,0.012442453522788352,-56.2135,-26.7521,5.2
11.56564388888889,5.300000000000001,0.24944382578493213,-0.14627934980160193,-29.9373,-177.5309,5.4
2.7546741666666663,5.26,0.1577621275493202,1.0120402769616286,-7.1498,129.2243,5.5
1.6184594444444445,5.3100000000000005,0.2558211180580022,-0.4178858791139594,-58.8428,149.0001,5.9
8.730075,5.4,0.2905932629027232,-0.4178858791139594,56.0868,164.7796,5.9
2.9200786111111108,5.380000000000001,0.29739610697594904,-0.42322824211374177,-7.297,27.9293,5.2
0.32885499999999995,5.42,0.29739610697595265,-0.4178858791139594,-61.1269,160.7629,5.6
1.234276388888889,5.41,0.30713731999439703,-0.4178858791139594,32.0893,59.7196,5.1
1.2561341666666666,5.43,0.2983286778035401,0.4872375175963868,-28.7053,-70.2597,5.4
1.6113877777777779,5.4399999999999995,0.2875181153713199,-0.4178858791139594,-22.9917,170.2434,5.2
3.6024808333333334,5.48,0.2780887148615427,-0.1696348103508365,-17.555,-173.763,5.6
4.7908494444444445,5.4399999999999995,0.31692971530680647,0.23954253122729324,-9.5654,120.1216,5.0
19.199356944444443,5.4,0.33333333333334364,-0.44568999881542914,59.0183,-136.4596,5.1
0.7059841666666667,5.34,0.2836272984824418,-0.4585990543911116,59.0033,-136.5501,5.3
0.8220280555555556,5.3,0.2160246899469323,1.6104147230655093,-20.6015,-176.3616,5.5
0.9745138888888889,5.33,0.2213594362117936,0.2226018782948977,-10.2234,161.3324,5.5
2.6041175,5.3,0.20000000000000398,0.7249230208729511,18.1617,145.9463,5.3
1.787511388888889,5.35,0.20682789409985766,1.468822243485775,-13.123,167.1025,5.6
3.1569430555555558,5.359999999999999,0.2118699810942871,-0.4178858791139594,-7.6305,125.8938,5.5
1.9517094444444445,5.38,0.20439612955675926,-0.27602528837996043,1.7474,120.2411,5.4
4.427780555555556,5.319999999999999,0.22010098692292832,-0.4178858791139594,34.5493,62.1142,5.0
5.473941388888888,5.33,0.20575065816015387,0.03865776638417414,-4.2937,102.0246,5.1
3.6005052777777777,5.42,0.27808871486153686,0.15805660041648575,-19.3871,168.8034,6.0
7.936334444444444,5.39,0.3071373199943954,-0.13905027867921976,-30.6583,-178.1551,5.0
1.4896224999999998,5.35,0.31710495984068093,-0.4178858791139594,43.9459,-28.3663,5.1
18.202574722222224,5.3100000000000005,0.32128215360057666,-0.1696348103508365,-58.8134,-25.6077,5.1
7.791703055555556,5.32,0.32249030993194633,-0.4178858791139594,18.1898,-76.607,5.4
6.7937497222222225,5.26,0.32041639575194414,-0.4178858791139594,32.6712,141.6876,5.0
1.4377336111111112,5.21,0.3178049716414099,-0.4178858791139594,-60.483,-26.1822,5.0
0.9983736111111111,5.180000000000001,0.3119829055145958,-0.4178858791139594,11.2818,139.2163,5.1
8.042555,5.1899999999999995,0.3071373199943792,-0.4178858791139594,31.9891,59.7557,5.1
1.9544719444444445,5.33,0.5121848624601633,5.043637633674745,-17.5412,-179.0263,6.5
1.3796636111111111,5.39,0.6226288353960748,-0.17956485310136142,-28.7431,-71.5573,6.6
9.516568333333334,5.4,0.6164414002969028,-0.4178858791139594,-21.2628,171.4958,5.1
8.783074722222223,5.409999999999999,0.6118278625016519,0.019145232379392713,-10.9121,166.6043,5.2
3.4004075,5.4,0.618241233033052,3.55361485887298,-15.5063,-177.5648,5.0
3.8677569444444444,5.359999999999999,0.6310485101972959,-0.4178858791139594,-8.3219,121.5495,5.0
6.950051111111112,5.47,0.6566751268490622,-0.010754126342437838,-10.0561,123.7541,6.1
0.7913555555555556,5.5,0.6394442031083712,-0.014666563186144638,13.5497,-90.7696,5.3
1.797322222222222,5.499999999999999,0.6394442031083712,-0.30566646599027736,-57.1587,-25.1542,5.1
7.171700277777777,5.5600000000000005,0.6257440016137346,-0.3880957508623847,11.4081,125.875,5.7
17.11532638888889,5.42,0.5432413009990298,-0.08232987448822142,-59.877,-26.459,5.1
6.488268055555555,5.2700000000000005,0.3560586718193766,-0.4142614135100178,38.6857,23.5581,5.1
0.3477383333333333,5.26,0.3627058802329456,-0.21594852973928472,52.0015,-172.3426,5.0
1.085685277777778,5.31,0.38715486421959294,-0.4178858791139594,-62.2954,-155.5432,5.7
4.025941111111111,5.339999999999999,0.37178249316263684,4.993212876587579,-17.8155,-178.7134,5.3
6.144841111111111,5.409999999999999,0.36651512019743526,-0.3980257936129096,28.858,82.1531,5.7
0.48928083333333333,5.3,0.2943920288775986,0.13040143135627388,50.0317,156.3754,5.0
42.92020138888889,5.279999999999999,0.30110906108363444,0.1823355549415191,51.3952,178.3467,5.1
2.0307383333333333,5.340000000000001,0.3204163957519507,-0.1696348103508365,-20.4745,169.4006,5.7
14.255793333333333,5.2700000000000005,0.3093002855909891,-0.4178858791139594,-34.072,57.8268,5.0
5.033525,5.29,0.3034981237357371,-0.4178858791139594,28.8564,82.0652,5.3
1.2948541666666669,5.33,0.3020301677353204,-0.4178858791139594,-1.2167,-24.1298,5.5
1.7804097222222224,5.34,0.29135697844550235,-0.21066574699600546,-33.0743,-71.9579,5.1
1.7592644444444443,5.29,0.2643650674519811,1.1993407433220296,-7.498,127.7793,5.2
5.904748888888889,5.29,0.2643650674519811,-0.13922901944872923,-7.4821,156.1245,5.3
3.3782147222222223,5.25,0.222361067735438,-0.03756524176885514,-4.3152,152.9663,5.3
2.667689166666667,5.25,0.222361067735438,-0.26844866576130993,-0.9016,-79.2503,5.0
3.948494722222222,5.279999999999999,0.22010098692292485,-0.4178858791139594,-8.299,160.9393,5.4
0.27344361111111115,5.26,0.18378731669453657,-0.4126924667554349,-8.275,160.8708,5.5
10.37867611111111,5.29,0.15951314818674364,-0.4456502786444271,40.5253,77.7107,5.3
0.0960013888888889,5.3,0.16329931618555163,5.666052713277646,18.7786,145.2812,5.4
10.621421944444444,5.42,0.4732863826479779,-0.4178858791139594,-6.4442,129.7518,6.7
0.01617722222222222,5.619999999999999,0.6941021378570993,-0.4576060501160591,-6.416,129.5466,7.1
0.8139394444444444,5.62,0.6941021378570993,-0.4178858791139594,-6.1801,129.8961,5.2
0.40310555555555555,5.6,0.7071067811865596,-0.4178858791139594,-6.345,129.957,5.1
2.1610722222222223,5.63,0.6992853494818967,0.25468584642184366,44.9784,149.7296,5.6
2.188383611111111,5.65,0.681909084849307,-0.44353517953856525,31.622,-103.982,5.2
2.571411388888889,5.78,0.7495183638696277,-0.4178858791139594,-6.131,129.8738,6.7
0.08116333333333332,5.74,0.776316086827196,-0.4178858791139594,-30.6396,-178.3512,5.1
1.6769924999999999,5.709999999999999,0.8006247560499379,-0.4178858791139594,-6.1015,129.9979,5.0
2.624333888888889,5.7,0.8055363982396517,-0.4178858791139594,-5.4786,130.2365,5.3
15.820626111111112,5.539999999999999,0.7411702458499987,-0.4178858791139594,-5.5021,130.199,5.1
4.9642825,5.34,0.5059644256269451,0.7474344277883911,-15.3103,167.4697,5.1
3.6384758333333336,5.33,0.5100108931298576,0.7502049097157876,-6.7886,-76.6766,5.1
3.054841388888889,5.359999999999999,0.503763612995007,-0.03061421184348767,-5.4356,145.8819,5.4
4.2073986111111115,5.3,0.5077182070575963,0.18727078618852996,-5.4457,145.8853,5.0
2.7399505555555557,5.37,0.5396500923952744,-0.4178858791139594,-6.02,130.2186,5.9
2.9193077777777776,5.22,0.2699794230842184,-0.4178858791139594,-15.7893,-171.7652,5.2
3.4048422222222223,5.290000000000001,0.3212821536005761,0.3169372844248844,45.8669,151.1087,5.8
7.2078525,5.290000000000001,0.3212821536005761,-0.16224685854444595,19.639,-71.6347,5.0
0.6403713888888889,5.279999999999999,0.3224903099319442,-0.467536092866584,63.8898,-22.4083,5.2
0.13473083333333333,5.3,0.3162277660168418,-0.4178858791139594,63.9517,-22.346,5.3
2.6030686111111114,5.4,0.3944053188733171,-0.41819371043922565,-6.0976,130.0606,6.1
0.08845444444444443,5.42,0.3823901439920106,0.5666977196860871,31.2909,130.7679,5.3
0.04447444444444445,5.380000000000001,0.40496913462633954,-0.4178858791139594,63.9711,-22.4497,5.0
0.21348805555555556,5.380000000000001,0.40496913462633954,-0.43200639990520584,-6.104,129.9405,5.0
0.12678027777777778,5.32,0.36147844564603,-0.4178858791139594,-6.0958,130.1099,5.3
0.11021333333333333,5.36,0.36878177829172265,-0.4178858791139594,-6.1476,130.1327,5.6
9.360939444444444,5.35,0.35668224265055165,-0.4178858791139594,-5.7066,130.1561,5.7
5.894162777777778,5.41,0.3414023367751947,-0.25900519510556075,-17.9168,168.1049,5.6
13.512712777777779,5.41,0.3414023367751947,-0.09360047301006726,-9.9173,123.699,5.2
2.7571519444444443,5.47,0.3713339317769115,-0.4178858791139594,-3.6674,151.3162,5.9
1.0494683333333332,5.41,0.29981475762359816,-0.4178858791139594,-3.8247,151.1705,5.5
0.2944936111111111,5.39,0.3142893217686289,-0.44002987444763003,-3.8982,151.1122,5.1
3.6061983333333334,5.409999999999999,0.29230881691193045,-0.4178858791139594,-3.7633,151.0852,5.2
10.826201388888888,5.4399999999999995,0.25905812303635783,-0.10558603460995077,-3.6024,140.1941,5.3
11.088133888888889,5.5200000000000005,0.3259175083088296,-0.4178858791139594,-3.8855,151.067,6.1
4.551136388888889,5.49,0.331494930412067,-0.26317581306078125,38.5216,72.2855,5.3
2.404189166666667,5.49,0.331494930412067,3.593851392098107,-30.6725,-179.7978,5.7
15.214448055555556,5.4799999999999995,0.3293090409394437,-0.4178858791139594,-4.0043,151.0374,5.5
0.4851122222222222,5.4799999999999995,0.3293090409394437,-0.4178858791139594,-5.8841,130.1522,5.2
0.6346552777777777,5.5,0.36209268304002473,-0.4278159218644843,-4.033,87.1044,6.1
0.7516241666666668,5.5,0.36209268304002473,0.3106416373210516,-32.5772,-179.4576,5.5
5.105714166666667,5.58,0.3521363372332041,-0.13984468209926176,-5.958,148.1596,5.9
0.5804961111111111,5.57,0.3653004851412886,-0.4178858791139594,-3.9416,151.0171,5.1
0.040411388888888886,5.55,0.3865804501581267,-0.4178858791139594,-3.9184,150.9707,5.1
5.205063888888889,5.45,0.3566822426505597,0.32733403918468396,-4.447,143.1649,5.1
28.738310555555557,5.5,0.36817870057292634,2.3525960482824924,1.9998,124.1476,5.8
0.4905863888888889,5.43,0.3917198545446145,5.538650264788412,-22.2027,179.4053,5.0
2.4354494444444446,5.389999999999999,0.40400770069669434,0.4095051429452777,-3.785,138.674,5.1
6.991899722222223,5.37,0.419126074906672,-0.4178858791139594,76.3365,7.0233,5.0
16.264634166666667,5.33,0.35605867181938194,-0.3609569440252,21.217,99.3304,5.7
1.4186625000000002,5.3,0.352766841475283,-0.4178858791139594,-2.4108,138.8023,5.2
5.197716944444444,5.38,0.5432413009990296,-0.0008240835919129214,5.5627,125.0013,6.7
18.782601944444444,5.42,0.534997403939712,-0.4178858791139594,-3.7553,151.3021,5.5
25.007770277777777,5.5,0.5416025603090763,5.291888702437868,18.798,145.3216,5.9
12.979156944444444,5.5200000000000005,0.5287301349039695,-0.4178858791139594,0.9787,-29.0482,5.3
3.4061741666666667,5.4399999999999995,0.5420127099780851,-0.4178858791139594,25.8857,128.4509,5.0
0.613191111111111,5.52,0.5287301349039696,-0.10012451109716208,41.2349,142.214,5.8
2.2381777777777776,5.56,0.5081557066709362,1.8611085823452616,-17.7445,-175.1507,5.5
5.699016111111111,5.569999999999999,0.49676732760699416,0.5498563671811969,11.4434,125.0377,5.1
14.511476666666667,5.5,0.5249338582674667,0.3205816101143271,5.677,125.2156,5.0
9.700130277777777,5.529999999999999,0.5143496432929359,-0.4178858791139594,0.8865,-28.9827,5.5
1.9967469444444443,5.41,0.31073389830458475,-0.4576060501160591,-9.5673,148.6819,5.5
0.0334275,5.380000000000001,0.31552425509865706,-0.3482862094755303,-0.5476,135.8426,5.2
8.333326666666666,5.31,0.26012817353502815,-0.3903200804385023,-15.778,179.8499,5.2
5.977733888888889,5.279999999999999,0.2780887148615254,0.03338491368364542,-4.9067,152.3197,5.0
5.2991608333333335,5.38,0.3392802839999957,0.4956780539343329,1.7827,127.1887,6.0
1.977763611111111,5.470000000000001,0.5292552419306988,-0.3880957508623847,-14.9603,167.9718,6.7
7.040724166666666,5.42,0.5493430419854124,-0.4178858791139594,-6.9569,150.779,5.0
26.936368055555555,5.4399999999999995,0.5399588461684515,-0.4178858791139594,38.0841,38.552,5.3
0.8498372222222222,5.46,0.5253570214625582,0.529807610867887,-21.9263,-68.4252,5.2
4.507168333333333,5.41,0.5445691467165248,2.232849662753912,-15.9226,-174.7707,5.0
12.958208611111111,5.55,0.7214953607304561,-0.2971067691393249,20.1319,145.5195,6.9
0.1556486111111111,5.57,0.7134423592694903,-0.4178858791139594,20.1336,145.1921,5.4
0.03988027777777777,5.5600000000000005,0.7198765326236425,-0.4178858791139594,20.0957,145.4625,5.1
0.2230447222222222,5.58,0.7052186422190995,-0.4178858791139594,20.1387,145.2906,5.2
0.7148158333333333,5.49,0.7030884249746583,-0.4178858791139594,20.1655,145.4784,5.1
0.2952869444444444,5.33,0.5657836257007756,-0.4178858791139594,20.036,145.4477,5.1
0.1746822222222222,5.34,0.5601587076693376,-0.4178858791139594,20.0893,145.4446,5.1
0.32083333333333336,5.3100000000000005,0.5704773829385767,-0.4178858791139594,20.1684,145.3876,5.0
3.0849044444444447,5.3,0.5734883511361774,-0.4178858791139594,19.9896,145.3566,5.1
2.251716111111111,5.3100000000000005,0.5685263601823801,-0.4178858791139594,20.2293,145.5723,5.1
2.375895277777778,5.12,0.11352924243947876,-0.4178858791139594,20.2156,145.4086,5.0
0.7131555555555555,5.13,0.141813649241195,-0.4178858791139594,19.8673,-109.2911,5.5
1.5879480555555556,5.15,0.1509230856356059,1.774071757636911,18.4517,145.6331,5.3
3.8534480555555555,5.14,0.15055453054179663,-0.4178858791139594,20.1232,145.276,5.1
3.924589722222222,5.13,0.1567021236472216,0.9455189205758621,-4.8403,145.315,5.0
1.5447602777777778,5.12,0.1619327706865267,-0.4178858791139594,20.0854,145.4646,5.0
6.652969166666666,5.12,0.1619327706865267,1.0271438719851769,-2.0798,-77.281,5.1
2.1836177777777777,5.18,0.21499353995461923,-0.4178858791139594,20.0637,145.5349,5.6
2.1199766666666666,5.2299999999999995,0.24966644414765124,-0.4178858791139594,19.9451,145.4157,5.6
15.1080875,5.2299999999999995,0.24966644414765124,0.651976926827595,13.5312,120.8468,5.1
1.2537866666666666,5.26,0.23664319132398584,0.5451991771312006,26.8593,126.9983,5.3
2.0530041666666667,5.249999999999999,0.22730302828309765,-0.4178858791139594,-21.2791,174.0377,5.4
14.862653611111112,5.279999999999999,0.2529822128134736,-0.4178858791139594,-26.1136,70.7432,5.6
0.9419322222222223,5.319999999999999,0.25298221281347794,-0.4178858791139594,-21.0213,173.8925,5.5
0.4126508333333333,5.359999999999999,0.2270584848790319,-0.4178858791139594,-21.106,174.105,5.4
0.3605966666666666,5.38,0.19888578520236846,-0.4178858791139594,-20.9526,174.0012,5.2
0.9250952777777778,5.37,0.21628170930012627,0.09956864861589398,-57.5055,-25.9301,5.0
1.3619577777777778,5.3100000000000005,0.22827858224352662,-0.4178858791139594,20.2649,145.3442,5.0
3.4995836111111114,5.25,0.22236106773543968,-0.4178858791139594,20.158,145.4878,5.0
11.697448055555556,5.39,0.4458450154232807,-0.4178858791139594,-3.5605,144.0313,6.5
0.17028833333333335,5.37,0.45472824607427276,-0.4178858791139594,-3.4876,144.055,5.1
4.499665555555556,5.33,0.46916000587338597,-0.4178858791139594,7.6346,-82.4263,5.0
1.182161111111111,5.2700000000000005,0.4691600058733826,-0.1696348103508365,44.4657,149.1778,5.0
2.5918905555555556,5.279999999999999,0.47562823951298777,-0.3880957508623847,52.7331,-167.0686,5.6
1.4375988888888889,5.32,0.5028805910839003,-0.4178858791139594,-21.1453,174.05,5.8
6.081814444444444,5.3100000000000005,0.5065131346328139,-0.4178858791139594,-22.979,-175.8201,5.1
1.6946583333333334,5.319999999999999,0.500666222813833,-0.20061654373247426,12.6842,-59.7331,5.1
0.7706841666666667,5.319999999999999,0.500666222813833,-0.4178858791139594,-6.2501,154.5215,5.0
39.70878694444445,5.4,0.5077182070576022,0.46588792568275816,-56.293,-27.3246,5.8
8.635840277777778,5.25,0.340750805004348,-0.036274336211286874,51.4774,-176.8271,5.0
6.7902177777777775,5.24,0.34705106892854254,5.034392763874005,-17.9596,-177.9921,5.0
6.498634166666666,5.25,0.340750805004348,0.49269904110917545,62.9574,-150.4351,5.1
2.911779722222222,5.25,0.340750805004348,0.6570313185876122,-19.7642,-69.1087,5.0
6.180026944444445,5.21,0.3178049716414108,-0.4178858791139594,39.2538,97.2918,5.2
2.6770275000000003,5.13,0.24517567397909734,-0.4178858791139594,24.2615,98.1476,5.0
0.3729288888888889,5.119999999999999,0.24855135843074913,-0.3244044566605178,-2.7223,129.4178,5.0
9.610123333333334,5.16,0.2756809750417958,-0.0697683704088074,23.1475,90.9317,5.5
0.26440555555555556,5.16,0.2756809750417958,1.0679364876043331,-8.4361,158.3796,5.0
1.207853888888889,5.08,0.16193277068651948,0.7908783648219377,-56.1432,-27.5641,5.0
0.5589436111111111,5.1,0.1632993161855202,-0.08504077615911475,-9.7881,112.511,5.2
2.304342777777778,5.18,0.2699794230842146,0.5949784814395821,-19.2172,-69.1694,5.8
0.8786963888888888,5.2,0.2708012801545276,-0.08840706065154269,16.6796,-61.221,5.3
3.1646783333333337,5.220000000000001,0.2616188916046454,-0.4178858791139594,19.9061,145.3452,5.2
0.04546138888888889,5.25,0.2758824226207818,0.6469721852813306,-7.0345,129.6876,5.5
2.0194747222222222,5.3,0.27080128015453847,-0.4079558363634345,-55.7132,147.1049,5.5
0.5815361111111111,5.5600000000000005,0.7589466384404234,-0.11998459659821192,8.5266,126.4161,7.6
0.11636138888888889,5.55,0.7604823031033343,0.1434991577442163,8.5324,126.5047,5.4
0.00917388888888889,5.59,0.7385421074281853,-0.08720552547872915,8.0495,126.6059,5.4
0.06801416666666667,5.62,0.7177124153246436,0.10626149742974776,8.3993,126.7463,5.3
0.19174027777777777,5.63,0.7118832613412125,0.10304416357857771,8.6266,126.8901,5.3
0.10966194444444445,5.63,0.7118832613412125,0.09505047916440516,8.3198,127.0017,5.8
0.036102499999999996,5.640000000000001,0.7074209810604066,0.09163454445822458,8.3335,126.5833,5.4
0.01922611111111111,5.62,0.7238784428341699,-0.4178858791139594,8.3316,127.1679,5.0
0.18380416666666669,5.57,0.7498888806572297,-0.12611143297528576,8.33,126.6462,5.0
0.016071944444444444,5.5600000000000005,0.7515909052728803,0.08326351841953211,8.3389,126.6551,5.4
0.12428416666666667,5.3,0.24944382578493662,-0.14286341509542136,8.3172,127.0409,5.0
0.03254888888888889,5.3100000000000005,0.25582111805800667,0.14619019932960853,8.4758,126.7648,5.5
0.18830527777777778,5.3,0.253859103528804,-0.3493487240498364,8.5072,126.852,5.3
0.06029388888888889,5.3,0.253859103528804,0.019532504046663127,8.515,126.8914,5.3
0.07146972222222223,5.29,0.2558211180580044,0.0753592043901142,8.4619,126.7007,5.2
0.21647305555555554,5.35,0.4116363011742903,-0.1696348103508365,8.4377,126.757,6.4
0.08446694444444446,5.33,0.4137900702315458,0.2232969812874344,8.4782,126.4787,5.2
0.005242777777777778,5.36,0.3977715704047102,0.14154293932236284,8.5779,126.6901,5.3
0.07141583333333333,5.38,0.3823901439920105,-0.06653117647213627,8.4217,126.8856,5.2
0.06106333333333334,5.4,0.3887301263230321,-0.07992680414259441,8.4904,126.7396,5.6
0.045955833333333335,5.470000000000001,0.37133393177691476,0.007328481506268015,8.3677,126.7855,5.7
0.06016444444444445,5.4399999999999995,0.380642731296554,0.08818881962379242,8.2291,126.564,5.2
0.18416416666666666,5.41,0.40400770069669734,0.0328983415888697,8.4138,126.7358,5.0
0.009167222222222222,5.42,0.4022160834399693,0.06820957360973628,8.6092,126.6631,5.4
0.30266722222222225,5.470000000000001,0.4029061098237985,-0.05487330628302002,8.4005,126.8647,5.7
0.07985249999999999,5.33,0.262678510731284,0.0851899467131339,8.2761,126.6311,5.0
0.06815277777777777,5.340000000000001,0.2590581230363506,-0.03453657872994505,8.3663,126.666,5.3
0.4942622222222222,5.31,0.28067379246695245,0.049491443024996834,8.6831,126.7248,5.0
0.019061666666666668,5.290000000000001,0.29608557321603773,0.11740300539583672,8.7159,126.7491,5.0
0.12382583333333334,5.34,0.38355066303047497,-0.1588011337100138,8.423,126.722,6.1
0.03381222222222222,5.33,0.37431418769680147,0.2753601954284366,8.4261,126.5207,5.6
0.015941944444444443,5.35,0.37193189340703187,-0.1696348103508365,8.2748,126.8279,5.4
0.030797777777777778,5.390000000000001,0.35103022978403287,-0.006007565907686913,8.3044,126.5663,5.4
0.07748416666666666,5.35,0.37193189340703187,0.34857440062805684,8.3332,126.671,5.0
0.006647777777777778,5.279999999999999,0.3645392830531316,0.2597303081391104,8.4132,126.6901,5.0
0.018935,5.279999999999999,0.3645392830531316,0.08996629727613639,8.4873,126.728,5.0
0.0699775,5.3100000000000005,0.3784471194529379,0.12106719117078048,8.6642,126.7521,5.6
0.09884250000000001,5.33,0.3653004851412733,-0.030743302399244474,8.4454,126.8357,5.2
0.05535444444444445,5.34,0.35652645218989976,-0.05063317802854588,8.4814,126.5757,5.1
0.029524722222222223,5.24,0.24129281427805166,0.05292723781667842,8.4214,126.7036,5.1
0.04899833333333334,5.3100000000000005,0.40400770069669,-0.056650783935364,8.4402,126.9387,6.3
0.06620083333333333,5.279999999999999,0.4077035960378871,0.08744406641750309,8.302,126.5678,5.1
0.12125472222222222,5.279999999999999,0.4077035960378871,-0.03125966462227177,8.5944,126.6118,5.4
0.1317897222222222,5.279999999999999,0.4077035960378871,-0.3640749774488649,-2.8417,129.769,5.0
0.8069175,5.31,0.39567101935264304,-0.2975536210630985,8.4791,126.8697,5.3
0.0392525,5.339999999999999,0.38064273129654613,-0.29647124640329126,8.4136,126.8349,5.3
0.29429888888888894,5.3100000000000005,0.36953424138442115,-0.11161357055951938,8.4696,126.8694,5.3
0.335705,5.31,0.36953424138442115,0.2286095541589653,8.553,126.5629,5.2
0.7057908333333334,5.34,0.3627058802329531,0.11481126423794977,8.259,126.7494,5.4
0.2126525,5.430000000000001,0.4056544780420479,-0.4278159218644843,8.4475,126.7782,6.0
0.2598533333333333,5.31,0.27668674625930256,-0.06365146407448405,8.3123,126.6272,5.1
0.6473291666666667,5.3100000000000005,0.27668674625930256,0.07151627784566106,8.4305,126.6716,5.1
0.8166416666666666,5.319999999999999,0.28205594401742395,-0.25720785736771573,8.3688,126.8873,5.5
3.4489627777777776,5.35,0.25927248643507955,-0.036353776553291105,8.5953,126.8367,5.3
0.6216605555555555,5.34,0.26331223544176424,-0.4178858791139594,-2.7823,129.3648,5.2
0.806075,5.319999999999999,0.2740640638812681,0.08226058410172903,8.0774,126.7675,5.1
0.1352313888888889,5.3100000000000005,0.27668674625930256,0.13137457554582532,8.352,126.8035,5.2
1.0908691666666666,5.3100000000000005,0.27668674625930256,-0.06659075672863941,8.3166,126.7681,5.2
0.2899527777777778,5.279999999999999,0.28205594401742023,-0.05483358611201794,8.6742,126.4283,5.1
0.7409955555555555,5.22,0.1398411797560181,0.11229896342206695,8.6422,126.6671,5.4
3.332359166666667,5.22,0.1398411797560181,0.050077315547277776,8.403,126.8476,5.1
0.6992283333333333,5.21,0.15238839267549575,0.058865403381492376,8.7017,126.7225,5.0
0.8377838888888889,5.32,0.4638007234913672,-0.32851549435923516,8.488,126.7454,6.6
0.05859027777777778,5.359999999999999,0.47888759989515284,-0.06771285155944873,8.5597,126.6174,5.7
0.228235,5.39,0.47714428286072436,-0.1259227621630258,8.2897,127.0525,5.5
0.030447777777777775,5.4399999999999995,0.46951511631091847,-0.1584337221282444,8.5622,126.862,5.6
0.061985,5.459999999999999,0.4623610902506716,-0.09169390480196647,8.8293,126.83,5.4
0.030806944444444446,5.4399999999999995,0.4788875998951572,-0.0896582460381088,8.6963,126.5575,5.0
1.6519977777777777,5.470000000000001,0.46439925351649636,-0.23868832763798678,8.6744,127.0239,5.4
0.08682611111111112,5.45,0.47199340861688854,0.04486404310325221,8.4676,126.805,5.2
1.8522108333333334,5.54,0.4835057163858499,-0.3880957508623847,8.732,126.823,6.0
0.04410722222222222,5.55,0.4719934086168942,0.027138916793565268,8.6927,126.7887,5.1
0.25953472222222224,5.4,0.31269438398824273,0.21318819776740014,8.2957,126.689,5.1
2.1279930555555553,5.33,0.31640339933558903,0.07868576871154007,8.531,126.7048,5.0
1.158215,5.290000000000001,0.3178049716414188,0.06956005942380769,8.8674,126.5348,5.1
0.9948994444444444,5.25,0.29907264074877415,-0.18128275049720224,-58.7806,-25.2882,5.2
0.6427252777777778,5.4,0.6036923425425018,-0.31858545160871027,8.9705,126.6121,6.9
0.48825722222222223,5.4,0.6036923425425018,0.1026966120823093,8.9241,126.6255,5.0
0.19064333333333333,5.39,0.6045200116162018,-0.046174588833560216,8.9031,126.4867,5.3
1.221838888888889,5.41,0.6008327554319999,-0.27666081111599405,8.7398,126.8062,5.4
0.9776147222222222,5.32,0.5692099788303124,-0.1696348103508365,8.7045,126.9358,5.1
0.7151108333333333,5.32,0.5692099788303124,0.06714705903543013,8.4018,126.758,5.1
1.7106366666666668,5.359999999999999,0.5660781257427735,0.1420791616308912,8.4547,126.8072,5.5
1.0540011111111112,5.359999999999999,0.5660781257427735,0.19510558991869414,8.4825,126.7738,5.0
0.4538216666666667,5.37,0.5618422079789609,0.06638244574363972,8.5649,126.7867,5.2
1.65143,5.38,0.5593647190240878,-0.05228156512513306,8.8321,126.7554,5.3
0.44040166666666664,5.2,0.169967317119754,0.13629987675008562,8.3955,126.8925,5.1
0.2534416666666667,5.23,0.15670212364724118,0.03344449394014857,8.879,126.666,5.3
0.15954166666666666,5.27,0.21628170930011537,-0.24907515235503583,8.8354,126.6446,5.7
0.11886527777777778,5.26,0.21186998109427913,0.14744138471617457,8.3448,126.7748,5.3
0.8793255555555556,5.25,0.22236106773544065,-0.06300601129569995,8.4944,126.7589,5.0
1.564168888888889,5.25,0.22236106773544065,-0.41672406411214796,40.4371,28.848,5.1
4.617686944444444,5.220000000000001,0.20439612955674336,-0.4178858791139594,27.3166,66.363,5.2
12.251565833333334,5.24,0.18973665961010347,-0.11598278936975039,8.9528,126.5493,5.2
0.40081611111111115,5.2299999999999995,0.19465068427541848,-0.1696348103508365,8.7119,126.7423,5.1
2.9203516666666665,5.206,0.19978877735136694,-0.4965318176981168,19.325166666667,-155.2055,5.06
1.557686388888889,5.206,0.19978877735136694,-0.13113603460705137,8.4351,126.9638,5.1
2.072202777777778,5.236,0.23490896581914933,-0.4278159218644843,12.3004,47.4452,5.6
0.8723922222222222,5.236,0.23490896581914933,0.22756689967016017,13.9089,120.5645,5.7
0.7693266666666667,5.276,0.2772563995854978,-0.32159425456211926,9.0829,126.6785,5.7
0.5467502777777777,5.326,0.26684160928245265,-0.25879666420779973,9.0999,126.6497,5.5
2.8961655555555557,5.3260000000000005,0.26684160928245265,0.10819785576610012,2.5629,128.2423,5.1
0.09952055555555556,5.306,0.2842612257140395,0.25270976791448924,8.4519,126.6751,5.0
0.8999208333333334,5.366,0.3204233310967194,-0.3980257936129096,9.1609,126.785,5.8
3.667089722222222,5.406000000000001,0.30826395615880153,-0.4178858791139594,-57.2473,-141.096,5.5
1.8077591666666666,5.4399999999999995,0.28362729848245394,-0.4178858791139594,-56.8222,-142.1462,5.4
1.246666388888889,5.47,0.25841396591088067,-0.4178858791139594,12.3408,47.4887,5.4
5.6014486111111115,5.4399999999999995,0.2590581230363597,0.02841989230838296,8.6155,126.4644,5.3
0.04580388888888889,5.37,0.2750757471437164,-0.4178858791139594,-44.288,-78.3505,5.0
4.341244722222222,5.3,0.2708012801545389,-0.16373636495702468,19.0797,121.0522,5.0
4.369633333333334,5.26,0.26749870196985515,0.06638244574363972,8.6273,126.6017,5.1
0.6099616666666667,5.26,0.26749870196985515,1.0816895968138105,-5.6113,147.1624,5.1
4.110867222222222,5.29,0.25144029554195463,-0.37200908160653434,8.5184,127.058,5.3
5.719372222222223,5.22,0.1813529401164721,-0.4178858791139594,-14.7371,167.9588,5.1
3.645136111111111,5.21,0.16633299933166004,-0.3542740252540968,8.9973,126.7508,5.4
0.5203163888888889,5.24,0.22211108331943757,-0.4178858791139594,-35.1496,-104.4933,5.7
0.8603350000000001,5.2,0.22607766610417301,-0.4178858791139594,-1.1405,126.8473,5.0
2.1052919444444447,5.209999999999999,0.23309511649395978,-0.12724345784884564,41.1658,49.7285,5.4
0.5020100000000001,5.22,0.22509257354845474,-0.02258080725831304,8.7042,126.6965,5.1
1.8840563888888888,5.24,0.21186998109427801,-0.07446528062980567,8.8293,126.7893,5.2
6.294645833333333,5.4399999999999995,0.6186005711819842,-0.040544254594012584,-20.6152,169.3089,7.1
1.8755666666666666,5.4399999999999995,0.6186005711819842,-0.4178858791139594,12.2214,47.4657,5.1
0.21218194444444444,5.409999999999999,0.6332456079595096,-0.4178858791139594,34.8398,119.9328,5.0
4.1757027777777775,5.42,0.6285786435372431,-0.19077587136670401,-31.294,-178.1385,5.2
0.8555441666666667,5.45,0.6346477588220009,0.019036001909136912,18.2702,-98.7384,5.7
4.623098888888888,5.46,0.639791632747213,-0.4079558363634345,-8.394,157.17,5.8
2.0650908333333335,5.46,0.639791632747213,-0.27164613952697897,-22.9326,-175.9405,5.0
0.1460847222222222,5.46,0.639791632747213,-0.4178858791139594,-20.3291,-173.6241,5.4
0.5354944444444444,5.46,0.639791632747213,-0.36494882121091105,9.5093,126.4941,5.1
3.448201111111111,5.4399999999999995,0.6518350166176248,-0.3911839941577979,8.7458,127.2197,5.0
0.12018000000000001,5.25,0.29154759474226716,-0.02660247457227557,-59.6528,-26.2132,5.2
0.33357000000000003,5.3,0.30550504633039527,-0.03522175167973122,-20.3756,169.4438,5.6
2.6492883333333332,5.3100000000000005,0.2960855732160397,-0.4178858791139594,-20.2785,-173.2338,5.1
0.5625783333333333,5.3100000000000005,0.2960855732160397,-0.027724569403084952,8.7897,126.8612,5.2
4.9132388888888885,5.29,0.2726414006223861,-0.4178858791139594,-6.522,153.2543,5.5
0.8673788888888888,5.2299999999999995,0.2057506581601469,-0.4178858791139594,-20.9949,169.1639,5.2
2.734589722222222,5.25,0.19002923751652628,-0.36478001048415215,-20.4346,168.8423,5.2
9.769552222222222,5.23,0.18287822299127016,-0.41277190709743905,-45.7602,-75.8158,5.2
3.2433030555555553,5.220000000000001,0.19321835661585868,-0.4178858791139594,56.5364,-34.3471,5.0
1.5893461111111111,5.24,0.17763883459299185,-0.4178858791139594,56.6283,-34.2992,5.2
1.2765225,5.24,0.17763883459299185,-0.4178858791139594,56.616,-34.4088,5.2
2.0394208333333332,5.2,0.1247219128924603,-0.4178858791139594,56.5996,-34.3505,5.2
1.4785727777777777,5.26,0.19550504398154028,-0.44767600736553415,18.8785,-64.3833,5.7
2.6801555555555554,5.24,0.21186998109427793,-0.4178858791139594,56.5798,-34.334,5.0
1.4403558333333333,5.2,0.194365063161507,-0.4178858791139594,56.7049,-34.2966,5.1
1.1698761111111111,5.180000000000001,0.20439612955673994,0.02593738162075173,1.8063,126.3784,5.0
4.057627222222222,5.16,0.21186998109426863,-0.4178858791139594,57.0411,-34.3541,5.0
1.7190008333333333,5.159999999999999,0.21186998109426863,-0.4044108111014971,56.6463,-34.2904,5.2
1.2587294444444446,5.17,0.20575065816013977,-0.4178858791139594,56.6021,-34.4838,5.1
2.0483544444444446,5.16,0.2065591117977213,0.08902294321483654,-3.6376,140.6335,5.1
4.201759444444445,5.16,0.2065591117977213,-0.4178858791139594,56.774,-34.3939,5.2
2.644113611111111,5.15,0.20682789409983884,-0.33317268440923137,-14.2686,-76.3452,5.1
0.20436138888888888,5.15,0.20682789409983884,-0.37816570811185973,-14.3228,-76.4362,5.7
1.6105433333333334,5.2,0.226077666104173,-0.4178858791139594,-24.0125,-115.398,5.5
0.7025766666666666,5.25,0.2549509756796417,0.4261677546806585,18.8214,146.0987,5.6
4.186277222222222,5.279999999999999,0.2394437999475787,-0.4178858791139594,-63.5703,-166.7843,5.3
1.489675,5.279999999999999,0.2394437999475787,-0.41435078389477253,-4.4103,139.4579,5.0
3.0127302777777776,5.27,0.2451756739791152,-0.4178858791139594,8.7373,127.2677,5.1
3.5848744444444445,5.29,0.23781411975649977,-0.4178858791139594,56.6979,-34.502,5.3
1.3716780555555557,5.279999999999999,0.24855135843076887,0.05005745546177677,-7.9464,127.5926,5.0
2.720108333333333,5.38,0.37947331922021554,1.9454642955109709,-18.8139,-175.6541,6.2
3.718730277777778,5.37,0.3888730155490727,2.0188175213090984,-0.4441,101.3587,5.0
3.3840791666666665,5.37,0.3888730155490727,-0.4178858791139594,-60.2769,-33.039,5.7
3.938966666666667,5.32,0.40221608343996207,-0.4178858791139594,-6.9241,150.0725,5.0
0.9991675000000001,5.31,0.3956710193526433,1.3870880616062042,-24.0849,-66.7812,5.5
5.121191111111111,5.279999999999999,0.4077035960378877,-0.4178858791139594,8.5062,127.106,5.0
0.21970083333333335,5.29,0.4012480529547818,-0.4178858791139594,-60.3964,-28.7797,5.1
0.6838769444444444,5.29,0.4012480529547818,-0.1696348103508365,-10.3354,116.8988,5.1
0.03092777777777778,5.26,0.4115013163202948,-0.4178858791139594,-15.1354,-173.2535,5.0
2.4553397222222224,5.26,0.4115013163202948,-0.1696348103508365,8.8298,126.803,5.0
0.893446111111111,5.22,0.31902629637347746,2.1142750222698945,-18.0396,-175.304,5.8
1.5485530555555556,5.27,0.3198958163736058,-0.4178858791139594,-15.17,-173.2535,5.5
2.196854722222222,5.23,0.2830390628713847,-0.4178858791139594,-31.5513,57.744,5.3
5.151460555555556,5.299999999999999,0.3055050463303955,-0.4079558363634345,-20.0152,-173.3704,5.7
0.28759250000000003,5.26,0.30258148581094235,-0.4178858791139594,-6.2699,150.8216,5.1
0.784546388888889,5.27,0.29458068127048015,-0.09467291762712392,8.5843,126.6104,5.1
13.098464166666666,5.2700000000000005,0.29458068127048015,-0.1696348103508365,-20.6272,169.4485,5.1
0.8584711111111112,5.3,0.29059326290271814,-0.4178858791139594,-25.6281,-116.154,5.4
15.582655833333334,5.33,0.27100635498904746,-0.4178858791139594,72.5563,3.5933,5.3
0.8233133333333333,5.38,0.24855135843077827,-0.4178858791139594,72.5853,3.5864,5.5
4.760748333333333,5.3,0.22607766610418406,0.5183880617047835,0.1199,124.0114,5.0
5.770765833333334,5.25,0.23213980461973854,-0.4178858791139594,17.1934,-46.3756,5.0
2.6277030555555556,5.279999999999999,0.25733678754158945,-0.4178858791139594,-55.9588,-122.8187,5.6
5.462996388888889,5.23,0.21108186931983522,1.3662349718301017,-24.0695,-66.8093,5.2
1.3988169444444445,5.220000000000001,0.2201009869229222,-0.10000535058415579,14.2679,-92.8796,5.0
0.6036955555555555,5.2299999999999995,0.2162817093001121,-0.16677495803868536,-58.7809,-25.2473,5.2
0.9560905555555556,5.26,0.21705094128133381,0.25972037809635984,13.988,-91.3759,5.4
1.8354494444444445,5.220000000000001,0.22509257354845488,-0.30041347337524965,19.947,145.4364,5.0
26.642534444444443,5.28,0.31198290551460706,-0.4178858791139594,-35.9655,-17.0092,5.9
7.786684722222222,5.26,0.3025814858109423,4.836735262924807,-24.2694,179.2181,5.3
0.5836861111111111,5.26,0.3025814858109423,-0.008976648690093857,-0.3273,98.8494,5.0
3.0824955555555555,5.33,0.31640339933558936,-0.4178858791139594,20.2452,145.6855,5.7
0.45059444444444446,5.2700000000000005,0.3164033993355849,-0.4178858791139594,20.0946,145.5889,5.0
5.106643611111111,5.25,0.3274480450731441,-0.4178858791139594,20.0602,145.45,5.0
16.22736527777778,5.31,0.3314949304120552,-0.43774596461500925,-21.4764,169.1599,5.6
6.827226944444444,5.3,0.3366501646120752,-0.4178858791139594,-2.4708,140.1438,5.1
19.854860555555558,5.27,0.3400980250849293,-0.4178858791139594,33.1836,76.8401,5.1
3.7893580555555557,5.2700000000000005,0.3400980250849293,-0.4178858791139594,-16.2521,-172.9994,5.0
1.887688611111111,5.27,0.3400980250849293,-0.3980257936129096,35.7386,102.8149,5.9
9.7807525,5.26,0.34058772731853104,-0.4178858791139594,39.9543,77.8492,5.2
0.9356138888888889,5.29,0.3281259920619977,-0.4178858791139594,-22.7837,172.3996,5.3
4.242370277777778,5.2299999999999995,0.29832867780352684,-0.11778012710759538,-6.9607,155.3316,5.1
4.947135833333333,5.24,0.29135697844549724,-0.4178858791139594,-22.7264,169.8416,5.1
7.896990000000001,5.24,0.29135697844549724,-0.06480334903354494,-6.9474,155.3759,5.0
2.806322222222222,5.199999999999999,0.26246692913372516,1.2084068723532588,2.7011,128.2749,5.2
13.5529075,5.25,0.28771127502720384,0.5711066586673202,-56.153,-27.7345,5.6
0.035444444444444445,5.36,0.40879225911349937,0.40630766917960864,-15.8585,-72.5207,6.2
23.413149166666667,5.36,0.40879225911349937,-0.3793473831991722,-8.5023,-74.5606,5.0
2.4674305555555556,5.29,0.3634709219609111,-0.4178858791139594,35.2431,141.0136,5.2
0.8624222222222222,5.38,0.44171383395940783,-0.31858545160871027,51.2097,-175.3313,6.1
1.4321505555555556,5.41,0.44584501542328303,0.09557677143018295,-21.8997,-70.1585,5.6
4.391941111111111,5.4,0.4546060565662053,-0.3861991126970344,35.2045,140.9422,5.0
14.810220000000001,5.4,0.4546060565662053,0.10750275277356339,2.6388,128.1978,5.1
6.042278055555556,5.51,0.479467296996264,-0.4178858791139594,-52.0879,27.9516,6.1
0.8948516666666666,5.515,0.47612440017757907,-0.4178858791139594,19.5388,-68.8215,5.25
4.453575,5.495,0.47635770873019434,-0.12866345396217072,-15.0577,-173.5664,5.4
15.416743055555555,5.385,0.4190266499082626,-0.10182254840750184,8.1936,126.7418,5.1
1.1433966666666666,5.385,0.4190266499082626,-0.28366149125511414,53.9199,168.8317,5.0
1.1255780555555557,5.385,0.4190266499082626,-0.1696348103508365,8.8625,126.8234,5.2
1.1584205555555556,5.3549999999999995,0.37002252183708156,-0.10149485699673451,51.9532,158.955,5.8
2.9279783333333333,5.3149999999999995,0.36213103828433935,-0.4178858791139594,-20.3914,168.9535,5.2
3.017658055555555,5.375,0.3537497546131965,-0.4178858791139594,-20.4101,-173.8524,5.6
2.2471755555555557,5.455,0.37449966622149605,-0.4178858791139594,-20.5072,168.9641,5.9
0.014654722222222222,5.425,0.3259601202601484,-0.4178858791139594,-20.4518,169.06,5.8
0.33673583333333335,5.430000000000001,0.32335051500742384,0.049114101400476916,8.2927,127.0403,5.3
0.025786666666666666,5.4399999999999995,0.32386554137311374,-0.05700826547438291,-22.7019,-175.7829,5.5
0.6636508333333333,5.44,0.32386554137311374,-0.009790912195636908,8.5352,126.5233,5.1
0.3602519444444444,5.5200000000000005,0.3011090610836573,-0.3583056226108099,-38.0746,-73.8923,5.8
0.1514288888888889,5.51,0.314289321768641,-0.4178858791139594,-38.1075,-73.9764,5.1
11.335461111111112,5.470000000000001,0.2983286778035472,-0.4178858791139594,-20.8222,-173.815,5.4
2.6642811111111113,5.45,0.3240370349204111,-0.4178858791139594,-20.4247,168.757,5.0
1.1656791666666666,5.39,0.3478505426185343,-0.26206364827272244,52.85,160.8894,5.0
3.8546819444444442,5.3,0.31622776601684455,-0.4178858791139594,-55.8178,-25.267,5.0
6.250244444444445,5.220000000000001,0.27406406388126,2.8215919673897845,33.149,137.7852,5.0
26.589870833333336,5.22,0.27406406388126,-0.4278159218644843,19.6258,-68.8005,5.3
5.788330555555556,5.18,0.25733678754158035,0.348425449986799,-5.2714,145.3057,5.1
1.0200141666666667,5.17,0.2626785107312697,0.7299277624192158,-56.3856,-27.2106,5.0
14.940159722222221,5.119999999999999,0.15491933384828158,-0.4178858791139594,57.0045,108.7206,5.3
10.446551944444444,5.15,0.1779513042005129,-0.4178858791139594,-53.1275,-117.7908,5.4
0.075025,5.11,0.1595131481867225,-0.4178858791139594,56.4341,-34.0131,5.0
3.2018886111111113,5.11,0.1595131481867225,-0.1202427777097256,-9.9486,123.7035,5.0
2.676242222222222,5.1899999999999995,0.2643650674519756,-0.4178858791139594,-53.0898,-118.1134,5.8
1.177235,5.2,0.25819888974715954,0.19973298984043886,-7.7769,107.9533,5.1
0.8281191666666666,5.209999999999999,0.2514402955419475,-0.4178858791139594,56.3932,-34.1628,5.1
2.025936666666667,5.2,0.24944382578492783,-0.1696348103508365,6.121,125.4786,5.2
7.630082222222222,5.2700000000000005,0.309300285590992,-0.4178858791139594,-65.4365,-179.6885,5.8
0.03789833333333333,5.42,0.4802776974487535,-0.20935498135293618,44.596,149.0388,6.5
0.36967694444444443,5.390000000000001,0.49766119666563813,-0.09791011156379505,44.4629,149.0713,5.0
0.5191747222222223,5.369999999999999,0.501220732035527,-0.4178858791139594,-61.0903,-53.9128,5.2
5.665839444444445,5.369999999999999,0.501220732035527,-0.002015688721975886,8.5588,126.4999,5.0
6.817779444444445,5.4,0.48534065928537695,-0.4178858791139594,-12.9186,66.4515,5.3
2.007734166666667,5.33,0.4715223571935256,-0.4178858791139594,-7.1878,68.0211,5.1
0.6792133333333333,5.39,0.4771442828607244,-0.41859091214924665,-7.1134,67.98,5.7
1.3222952777777777,5.4,0.471404520791041,-0.4178858791139594,-7.101,67.9432,5.2
0.9858141666666667,5.4,0.471404520791041,-0.4178858791139594,-7.0109,155.0124,5.2
5.079608888888889,5.32,0.4638007234913678,-0.4178858791139594,-7.2313,68.0639,5.0
7.819626666666666,5.17,0.2162817093001065,-0.4178858791139594,25.0911,96.5235,5.0
2.5438002777777777,5.180000000000001,0.20976176963402668,-0.31560643878355277,-18.0123,173.021,5.1
7.642038333333333,5.24,0.28751811537130656,-0.4178858791139594,-49.3266,-116.1747,5.8
2.617405833333333,5.3100000000000005,0.30713731999439253,-0.32851549435923516,2.4949,92.9942,5.7
0.9525533333333334,5.31,0.30713731999439253,-0.4178858791139594,-54.5762,-23.2713,5.3
8.726136666666667,5.3,0.3162277660168444,1.0279482054479696,-11.5203,166.415,5.0
0.047232222222222224,5.26,0.2836272984824392,0.21236400421910645,-6.4131,154.9575,5.3
1.0455972222222223,5.26,0.2836272984824392,-0.4178858791139594,-14.753,-173.9714,5.2
1.1772791666666667,5.37,0.43217794688968697,-0.18949489585188634,-2.9934,139.372,6.3
37.82823444444445,5.45,0.4301162633521442,-0.4178858791139594,37.4933,137.2491,5.8
0.0677775,5.7,0.7483314773548034,-0.4178858791139594,37.4874,137.271,7.5
0.1422522222222222,5.8100000000000005,0.7309810759064568,-0.4178858791139594,37.1895,136.8272,6.2
0.3521344444444444,5.75,0.7560864148142669,-0.4178858791139594,37.4861,137.4519,5.2
0.21499527777777777,5.71,0.7694875639743206,0.28925232523642097,-0.1092,123.6177,5.3
0.06789166666666667,5.74,0.7574812062208556,-0.4178858791139594,37.2997,136.8875,5.6
0.09921638888888888,5.74,0.7574812062208556,-0.4178858791139594,37.5444,137.401,5.0
0.07382972222222221,5.72,0.772873426463452,-0.4178858791139594,37.1718,136.6149,5.1
0.9439533333333333,5.75,0.7560864148142669,-0.4178858791139594,37.5339,137.4185,5.5
0.07465111111111111,5.68,0.7315128919650923,-0.4178858791139594,37.5146,137.4029,5.6
0.36772166666666667,5.62,0.7450577904505998,-0.4178858791139594,37.4998,137.3585,5.2
0.16066944444444445,5.37,0.36832956257497684,-0.4178858791139594,37.1479,136.6562,5.0
0.09066833333333334,5.26,0.23190036174568532,-0.4178858791139594,37.8107,137.5664,5.1
15.534819722222222,5.279999999999999,0.23475755815545957,-0.4576060501160591,37.247,136.7689,5.4
18.700088888888892,5.25,0.2505549396395514,-0.04346368716266688,17.1111,120.1731,5.0
2.9580783333333334,5.19,0.2282785822435161,1.355967307626059,-23.3669,-66.6178,5.0
2.2418030555555557,5.19,0.2282785822435161,0.2434251779427484,8.3515,126.5376,5.0
0.529015,5.2,0.22607766610417365,0.09770180057879527,-5.5053,145.9632,5.2
0.18842444444444445,5.18,0.20439612955674075,-0.4178858791139594,37.3466,136.9204,5.3
6.158395833333333,5.17,0.18287822299126313,0.6446286951922067,-28.4508,-68.8167,5.5
10.052540277777776,5.159999999999999,0.18378731669452883,-0.4178858791139594,-52.3954,27.9066,5.1
3.094592222222222,5.159999999999999,0.18378731669452883,-0.4178858791139594,19.9265,145.3765,5.0
3.5063247222222222,5.15,0.19002923751651454,0.8481052011932129,-6.9962,129.7689,5.0
4.222393888888889,5.18,0.24855135843075976,1.4390321152342,-21.1187,-176.5067,5.7
22.337449166666666,5.1899999999999995,0.24244128727957312,-0.4178858791139594,-49.8157,115.1839,5.1
17.166317777777778,5.2,0.23570226039551417,-0.4178858791139594,37.2225,136.8266,5.1
15.327936944444444,5.26,0.2547329756605747,-0.4178858791139594,3.1484,65.4881,5.6
0.7752394444444445,5.29,0.2643650674519846,-0.4178858791139594,-24.4019,-116.0254,5.5
18.420466944444442,5.26,0.2796823595120442,-0.4178858791139594,11.9785,143.2291,5.0
1.6211702777777777,5.239999999999999,0.2674987019698539,0.8980433861856026,-18.2465,-69.1267,5.3
9.510791944444446,5.29,0.2846049894151602,-0.4178858791139594,-62.2113,165.5051,5.6
1.8988994444444443,5.34,0.271620650499522,-0.4178858791139594,-62.3294,165.3253,5.5
1.6829486111111112,5.35,0.25927248643507933,-0.4178858791139594,-19.936,-173.6129,5.1
9.979020555555556,5.279999999999999,0.24855135843076914,-0.4178858791139594,20.1982,145.3365,5.0
2.194382777777778,5.29,0.24244128727958267,-0.34690593353320737,-2.284,99.6708,5.2
10.953384166666666,5.45,0.4972144630058875,0.10417618845213752,4.9225,126.1575,6.7
6.104078333333334,5.41,0.4998888765404746,1.4655651894636024,-14.0404,167.2986,5.2
1.8360372222222223,5.37,0.5078276172963577,-0.4178858791139594,0.0777,96.5636,5.1
3.137350833333333,5.43,0.49452558635076255,-0.4178858791139594,-20.8063,-173.6067,5.6
1.0969169444444444,5.49,0.5130518708885438,-0.4178858791139594,37.8629,137.7814,5.9
7.804377499999999,5.470000000000001,0.5121848624601719,1.2230040351965306,-21.8843,-67.2296,5.4
9.693556111111112,5.42,0.5329165037789781,-0.4178858791139594,-49.2149,-8.1614,5.0
20.260136944444444,5.41,0.5404730438339365,-0.4178858791139594,17.4642,147.6218,5.0
1.1685913888888888,5.41,0.5404730438339365,0.6817869151646709,-5.9215,-76.7022,5.0
4.995923055555556,5.409999999999999,0.5404730438339365,-0.4178858791139594,-26.4576,-141.2625,5.2
4.4319138888888885,5.380000000000001,0.46380072349137064,1.5085424144878745,36.4979,70.6013,6.4
16.74398777777778,5.36,0.47656176001764766,-0.07950974234707235,4.8837,126.43,5.0
1.0430625,5.35,0.48362060428490355,-0.4178858791139594,18.9592,144.8122,5.0
0.7239355555555556,5.290000000000001,0.4863697724525643,-0.23171743762711827,34.8918,22.8905,5.0
3.9209125,5.29,0.4863697724525643,-0.40696283208838196,56.4383,-135.7137,5.9
5.240956388888889,5.279999999999999,0.48488257455915473,0.13129513520382116,-16.9464,-72.6584,5.3
9.523764166666666,5.32,0.4756282395129912,-0.4178858791139594,-22.7238,-175.4777,5.4
10.601994444444445,5.34,0.46475800154489655,-0.03009784962046038,-4.5098,153.6413,5.2
15.997823333333333,5.35,0.4576510072582065,0.6972182015989866,-21.1059,-68.4615,5.1
23.711015,5.33,0.46916000587338713,-0.4178858791139594,-22.9137,-175.1313,5.0
4.445857222222222,5.1899999999999995,0.28848262031224825,0.4750235650132411,-22.8576,-68.1246,5.0
7.580066944444445,5.21,0.2806737924669443,-0.4178858791139594,54.7762,109.7358,5.2
1.2024774999999999,5.21,0.2806737924669443,0.36410498748987774,4.3428,125.7007,5.0
2.642227222222222,5.22,0.2740640638812596,0.9801449796469426,-18.7157,168.754,5.1
0.7886466666666667,5.14,0.13498971154209635,-0.4178858791139594,-53.8774,3.0625,5.1
4.442394722222222,5.130000000000001,0.12516655570344004,-0.19188803615476283,-30.682,-178.0763,5.2
38.583893055555556,5.15,0.17795130420051244,-0.12991463934873684,8.558,126.5225,5.6
0.4799711111111111,5.13,0.18287822299125744,0.9357477585093457,17.1875,145.9299,5.0
8.555995555555555,5.12,0.1873795909673896,-0.4178858791139594,-28.9612,-93.9187,5.0
0.611503888888889,5.12,0.1873795909673896,-0.4178858791139594,-22.914,-175.1371,5.0
6.652603611111111,5.2,0.278886675511357,1.0219703197121535,-21.6325,-176.3137,5.8
0.3704336111111111,5.209999999999999,0.2806737924669445,0.047773545629156006,-59.652,-26.2875,5.3
7.565708611111111,5.27,0.29458068127048065,-0.43774596461500925,-55.3553,-28.506,5.6
3.456589722222222,5.26,0.3025814858109428,-0.4178858791139594,-15.2384,-172.8992,5.0
5.979572777777777,5.39,0.46296148147912086,1.5581926282404992,-18.9103,-175.4225,6.4
6.747719166666667,5.42,0.4589843860815717,-0.19942493860241126,-13.5862,166.8644,5.5
4.7294897222222225,5.369999999999999,0.46439925351649164,0.6223853994310309,-24.7895,-67.7423,5.1
1.7510808333333332,5.430000000000001,0.44981477669519093,0.12893178502919608,4.7429,-75.8481,5.6
10.142075833333333,5.459999999999999,0.42739521132867103,-0.41292085773869697,64.4909,-146.9641,5.3
4.026703333333333,5.459999999999999,0.42739521132867103,-0.4178858791139594,9.4409,94.0987,5.0
3.2980694444444443,5.38,0.4315347288715369,-0.1696348103508365,-59.906,-26.2848,5.0
0.43619166666666664,5.38,0.4315347288715369,-0.4178858791139594,-23.3851,170.7536,5.3
10.473771666666668,5.43,0.48545511292670296,1.3099415594773762,18.5192,145.6341,6.1
5.706936388888889,5.59,0.5820461990063994,5.510349642949416,-7.2879,-71.464,6.6
0.6429488888888889,5.57,0.5538752366533424,-0.4178858791139594,-39.93,46.1966,6.2
4.439348333333333,5.55,0.5602578771324025,1.4934189593788247,-23.349,-66.6516,5.3
14.729701944444445,5.54,0.5699902533279895,1.0131524417496873,6.7852,-73.0286,5.0
21.01206638888889,5.51,0.5743595467030247,1.5857584269159564,-22.0034,-177.0023,5.3
3.1148949999999997,5.5200000000000005,0.5711586664161176,-0.4178858791139594,3.821,63.3376,5.4
0.6941638888888888,5.720000000000001,0.7036413227711525,-0.3880957508623847,41.2555,78.6538,7.0
0.08661666666666666,5.8,0.6565905201197634,-0.4178858791139594,41.2703,78.6211,5.8
0.04761972222222222,5.8,0.6565905201197634,-0.4178858791139594,41.2209,78.5081,5.3
0.25938666666666665,5.6899999999999995,0.6919376979019154,-0.4178858791139594,41.1517,78.5204,5.0
0.1643961111111111,5.57,0.6165315167216754,-0.4178858791139594,41.3408,78.7444,5.4
0.9040625,5.5,0.575422550054415,-0.4178858791139594,41.2085,78.6438,5.5
2.1049675,5.49,0.5801340841181198,-0.4178858791139594,41.2285,78.7236,5.2
0.7849027777777778,5.529999999999999,0.5558776843875065,-0.4178858791139594,-30.1991,-72.1731,5.4
0.8206736111111111,5.51,0.5685263601823907,-0.4462063610384565,41.1968,78.7302,5.1
1.9874294444444445,5.5,0.5715476066494211,-0.48316598015591017,41.2353,78.7576,5.3
2.7335830555555556,5.34,0.22211108331945023,-0.4178858791139594,-36.0606,-100.7768,5.4
10.5176625,5.39,0.3541813722437326,-0.20935498135293618,-17.9827,168.0499,6.3
0.8114902777777777,5.36,0.37475918193481517,0.9197504596382499,25.2791,141.3262,5.0
0.06751083333333333,5.37,0.36530048514127716,-0.41356631051748105,-17.9343,168.1974,5.1
5.195444444444444,5.35,0.36893239368632036,-0.4178858791139594,41.1299,78.5932,5.2
0.9267980555555555,5.31,0.37252889522530014,-0.18252400584101786,42.4583,145.0728,5.1
3.932494722222222,5.32,0.3705851229250019,0.8342031413424779,-6.2013,130.11,5.3
0.31237472222222223,5.279999999999999,0.382390143992004,-0.4178858791139594,26.1,-111.0477,5.0
4.6464533333333335,5.2700000000000005,0.3888730155490671,-0.4178858791139594,-22.8787,-174.9812,5.0
1.6311522222222223,5.27,0.3888730155490671,0.6060008288926647,-22.1872,-68.6463,5.3
2.3967625,5.24,0.3893013685508398,-0.0665013863438847,-32.4874,-179.0024,5.1
3.3400880555555554,5.11,0.11972189997376431,-0.29726564982333326,-9.0048,107.2367,5.0
0.48720749999999996,5.12,0.11352924243948821,-0.4178858791139594,-40.2643,176.388,5.1
0.3450572222222222,5.11,0.11972189997376431,0.15490877686456941,-4.0857,141.2074,5.0
7.708262777777778,5.1,0.11547005383789997,-0.44235350445125277,41.1193,78.6392,5.1
14.039878055555556,5.15,0.19578900207450367,-0.3022703913695978,-8.2065,121.1669,5.6
0.6651138888888889,5.119999999999999,0.19321835661584666,-0.3562798938897028,38.1238,38.4224,5.0
3.9434638888888887,5.159999999999999,0.20655911179772216,-0.4178858791139594,11.7346,43.3724,5.4
1.4080549999999998,5.159999999999999,0.20655911179772216,-0.3062920586835604,-6.0135,150.8948,5.0
0.5501055555555556,5.13,0.2057506581601357,0.6846864876478242,-21.807,-68.443,5.0
1.0540502777777778,5.15,0.21213203435595646,-0.4178858791139594,41.2627,78.8624,5.3
2.9929844444444447,5.2,0.23094010767584863,-0.4178858791139594,-1.1487,-13.9615,5.5
2.9384333333333337,5.2,0.23094010767584863,0.4197926672348215,-5.9203,147.1839,5.1
10.815448055555555,5.24,0.2270584848790215,-0.06944067899804006,29.1244,141.5556,5.4
12.841367222222221,5.24,0.2270584848790215,-0.08082050799014162,11.7896,142.2431,5.1
0.644995,5.220000000000001,0.19888578520235142,1.7436659667348036,-5.4377,147.0197,5.4
3.064576111111111,5.2299999999999995,0.1888562063228728,-0.4050661939230318,37.9756,27.1182,5.1
0.5580427777777778,5.3,0.3333333333333401,0.3765175409280339,14.0636,-90.6159,6.1
3.6747869444444445,5.340000000000001,0.31692971530680286,-0.4178858791139594,-11.6263,113.3843,5.4
6.677401388888889,5.380000000000001,0.29363620727395157,-0.4178858791139594,-17.801,-172.8025,5.4
2.264866388888889,5.35,0.3171049598406855,1.1102781898925715,4.5353,125.7835,5.0
5.494268888888889,5.31,0.32128215360058093,0.17842311809781236,35.5331,139.9558,5.1
9.657598333333333,5.45,0.4836206042849099,5.650174574919557,-8.236,-71.4005,6.5
8.540728333333334,5.42,0.4962078417581016,-0.44568999881542914,23.6212,121.3245,5.1
13.43284638888889,5.42,0.4962078417581016,-0.4178858791139594,8.4722,127.445,5.1
14.839039166666666,5.45,0.5038738819277117,-0.4178858791139594,41.1985,78.6388,5.7
14.70879361111111,5.45,0.5038738819277117,0.4959362350458465,-56.001,-27.6187,5.1
4.920596388888889,5.34,0.46475800154489744,-0.10547680413969503,1.8874,126.4795,5.0
16.73547472222222,5.380000000000001,0.48716869083854547,1.2305012174731766,-22.8357,-177.1449,5.8
20.934291666666667,5.34,0.5015531433014476,-0.4178858791139594,11.8469,142.7984,5.0
10.483846111111111,5.34,0.5015531433014476,-0.4178858791139594,-15.1654,-173.0787,5.0
3.349574722222222,5.339999999999999,0.5015531433014476,0.10365982622911024,8.1667,126.9026,5.1
31.088664444444444,5.1899999999999995,0.29981475762358334,-0.4178858791139594,36.9825,97.0732,5.0
0.7249586111111112,5.186,0.30141149428793823,-0.4873961783676338,35.53433333,-96.76383333,5.06
3.0113986111111113,5.176,0.3062025473440716,-0.16076728217461775,2.3788,126.9728,5.0
5.341082777777778,5.116,0.24473114500064902,1.7902080771065139,-12.5135,167.0612,5.1
0.08328138888888889,5.1160000000000005,0.24473114500064902,0.3176820376311738,-17.8111,-174.3547,5.1
9.671158611111112,5.136,0.24235877904003014,-0.16934683911107123,-8.0652,-79.9905,5.2
5.257035555555556,5.066,0.06669999167077681,0.3111480695013284,-17.9073,-174.3723,5.1
5.0734433333333335,5.106,0.12075687236019786,-0.12991463934873684,12.3957,143.5141,5.4
15.027766388888889,5.106,0.12075687236019786,-0.008311335825808687,-2.152,100.4749,5.0
6.569095555555555,5.1259999999999994,0.13533497535948158,-0.4178858791139594,-23.0605,170.2181,5.3
0.04917583333333333,5.126,0.13533497535948158,-0.4178858791139594,-22.9445,170.3281,5.0
1.0226841666666666,5.12,0.1398411797560045,-0.13684580918860323,30.7824,131.4467,5.0
5.373380555555555,5.16,0.1577621275493159,-0.4178858791139594,55.4453,-35.1272,5.4
0.005306944444444445,5.18,0.16193277068654446,-0.4178858791139594,55.4319,-35.2226,5.3
0.7676722222222222,5.17,0.1702938636592589,-0.4178858791139594,55.4525,-35.1925,5.0
4.408825277777778,5.16,0.1712697677155285,1.313307843969804,22.2033,143.3742,5.1
13.953173055555556,5.15,0.1779513042005141,-0.4178858791139594,-41.1551,-87.777,5.0
4.866358888888889,5.12,0.15491933384828283,0.13903063850648004,13.1349,-89.5713,5.1
0.7436441666666667,5.13,0.14944341180971998,0.0016782871812193818,8.9318,126.2817,5.1
11.449174722222223,5.1,0.14142135623729063,0.13691553940061815,13.1591,-89.5919,5.0
0.6190861111111111,5.1,0.14142135623729063,1.5352740895722876,-10.6085,165.983,5.0
0.0486725,5.1,0.14142135623729063,0.1333109338821776,8.8778,126.7356,5.0
0.20187027777777777,5.06,0.09660917830789105,0.2857072999744836,8.7759,126.7802,5.0
1.1332977777777777,5.07,0.12516655570342963,-0.08026442559611226,18.505,120.9687,5.4
15.475735,5.09,0.1286683937707689,-0.4178858791139594,-3.3229,130.8029,5.2
24.468853055555556,5.09,0.1286683937707689,-0.4178858791139594,26.1803,-110.7543,5.1
1.4584433333333333,5.09,0.1286683937707689,-0.4178858791139594,1.6386,-30.5947,5.0
1.1122975000000002,5.08,0.13165611772085228,-0.4589267458018789,26.0178,-110.773,5.0
12.363701111111112,5.180000000000001,0.34896672875472856,-0.3880957508623847,-29.9268,-177.2323,6.1
9.145327222222223,5.267999999999999,0.4049910835781211,-0.15007262613230243,19.186833333333,-155.49316666667,5.88
2.1758302777777776,5.267999999999999,0.4049910835781211,-0.3232227815732054,-18.0931,-73.4949,5.0
5.083966944444444,5.348,0.42470381836444576,-0.19942493860241126,8.6822,125.568,5.8
1.991249722222222,5.388,0.40674316220436796,-0.0191052922956293,8.6931,125.6903,5.4
39.88554583333333,5.388,0.40674316220436796,-0.180200375837395,-28.2449,-71.2847,5.4
4.806365277777778,5.398000000000001,0.402817852412516,-0.1696348103508365,9.7195,126.7002,5.3
1.6676769444444444,5.4079999999999995,0.3957777153908615,-0.4178858791139594,5.6079,-32.8755,5.2
0.4665227777777778,5.448,0.3692876024636423,-0.4178858791139594,5.4755,-32.8611,5.4
1.9936344444444445,5.448,0.3692876024636423,0.6792448242205366,-19.3412,169.1387,5.0
5.146762777777778,5.4479999999999995,0.3692876024636423,1.826303782504672,22.0086,142.7919,6.1
27.17428333333333,5.359999999999999,0.3596294389136415,-0.38658638436430487,-7.2056,-12.5968,5.0
4.720045833333334,5.369999999999999,0.3497618237220025,0.1050698922996848,-4.7817,152.6539,5.1
6.307604444444444,5.37,0.3497618237220025,-0.2391451096045109,-28.8913,-71.4208,5.8
2.9874433333333332,5.4,0.36514837167012354,-0.2887953233571355,-58.2846,-25.0267,5.7
0.19205277777777777,5.380000000000001,0.3705851229250058,-0.388631973170913,-58.3009,-24.8638,5.2
2.1917969444444445,5.369999999999999,0.3743141876968049,3.1799870703417294,31.8124,138.0778,5.2
4.77323638888889,5.45,0.416999866773241,-0.37816570811185973,11.0047,138.5725,6.0
7.303330555555556,5.47,0.4191260749066796,-0.43774596461500925,-16.6583,172.8779,5.6
4.4725075,5.49,0.398469293393847,-0.4178858791139594,-54.9436,-129.8474,5.2
0.7251458333333334,5.390000000000001,0.3510302297840332,-0.4178858791139594,55.3292,164.4456,5.1
1.1643975,5.4,0.3399346342395329,-0.4178858791139594,-17.955,-172.397,5.1
5.310501111111111,5.4,0.3399346342395329,-0.4178858791139594,26.1836,-110.6858,5.1
0.5579675,5.32,0.32930904093943436,-0.4178858791139594,-45.9253,95.7696,5.0
13.6869475,5.2700000000000005,0.3020301677353197,0.15061899839634263,-11.4869,-77.3579,5.2
3.0996616666666665,5.25,0.3135814620371165,-0.42266222967696193,-29.166,-71.8496,5.0
20.798241666666666,5.25,0.3135814620371165,1.0025968063058794,-17.9616,168.5481,5.2
31.748075277777776,5.16,0.17126976771552907,-0.4178858791139594,-20.7662,-173.6078,5.1
1.575528611111111,5.15,0.1433720877840351,-0.4178858791139594,-15.3176,-175.3142,5.5
1.3737905555555554,5.1899999999999995,0.20248456731316425,1.6878988466478557,-16.0835,-174.6161,5.6
1.4757069444444444,5.1899999999999995,0.20248456731316425,-0.4178858791139594,-56.299,-142.1852,5.1
23.830043888888888,5.18,0.20976176963402765,0.09110825219244678,-4.7908,153.2468,5.0
0.059672499999999996,5.18,0.20976176963402765,0.5219628770949725,-6.4714,-76.1941,5.1
6.2942422222222225,5.18,0.20976176963402765,0.9194029081419816,-7.2116,129.2819,5.0
1.2412794444444444,5.159999999999999,0.21705094128132474,0.24042630503208995,-9.3562,-78.7144,5.0
1.640785,5.17,0.21108186931983047,-0.3094498122782273,-57.1294,-25.2958,5.1
5.408163611111111,5.15,0.21730674684008255,-0.4178858791139594,-0.1997,-88.5336,5.0
11.53077388888889,5.15,0.21730674684008255,-0.4178858791139594,42.8637,94.2192,5.1
3.988964722222222,5.1,0.18257418583504215,-0.3071460423601055,23.7516,123.2782,5.0
13.570621666666666,5.05,0.05270462766940552,3.104439305095736,-22.5595,-178.4314,5.1
7.662850833333333,5.090000000000001,0.1523883926754822,-0.4178858791139594,-0.8908,146.0892,5.5
1.9345741666666665,5.130000000000001,0.1766981104093046,2.36805712484506,-20.8809,-176.8685,5.4
4.933512222222222,5.12,0.18135294011646189,-0.4178858791139594,-59.6443,-29.7688,5.0
3.7225019444444443,5.13,0.1766981104093046,5.504858329308376,-6.2111,113.9306,5.1
1.1400436111111112,5.14,0.1712697677155264,-0.4178858791139594,-25.4547,-176.2707,5.1
4.3496516666666665,5.15,0.17159383568310935,1.128638838938292,-4.7435,151.6569,5.2
15.15623,5.16,0.1646545204697067,-0.07753366383971791,47.4681,153.8822,5.1
6.425355277777777,5.279999999999999,0.3938414796731222,-0.4178858791139594,-35.0892,-110.7745,6.3
5.689010277777778,5.31,0.38137179293236806,0.6215512758399868,-19.2914,-174.7496,5.3
0.23118583333333334,5.33,0.37431418769680175,-0.3186251717797124,-0.6873,98.4764,5.3
15.208165,5.279999999999999,0.38239014399200383,-0.4178858791139594,41.0638,78.5847,5.0
0.1966211111111111,5.27,0.3802046232695735,3.495196417371642,32.1658,137.4984,5.3
1.6770666666666665,5.29,0.36953424138442054,-0.4178858791139594,3.9671,128.6605,5.2
6.719952222222223,5.279999999999999,0.3765338999051492,-0.3486536210572997,27.6842,56.1356,5.0
2.718420555555556,5.2700000000000005,0.3831158803518597,-0.4178858791139594,39.5694,143.5279,5.0
11.501042222222223,5.25,0.3922867431979962,0.029621427481196498,-14.947,167.0715,5.0
0.16629472222222222,5.27,0.38887301554906695,0.2972956598643462,12.5384,-87.2505,5.3
1.533398611111111,5.14,0.1505545305418061,-0.4178858791139594,-6.2385,143.1464,5.0
4.755081111111111,5.15,0.1649915822768532,-0.4178858791139594,41.2117,78.4315,5.4
8.867741388888888,5.18,0.2149935399546248,-0.17956485310136142,-7.3405,105.9282,5.6
1.9647752777777778,5.2,0.20548046676563125,-0.06878529617650546,-7.3755,105.9647,5.2
26.17647583333333,5.17,0.21108186931982995,-0.4178858791139594,11.5019,57.6533,5.0
4.334897499999999,5.15,0.21730674684008222,1.3160783258972006,12.9067,-87.2746,5.0
13.898142777777778,5.17,0.21108186931982995,-0.18706203537800775,-10.8045,161.8602,5.2
18.444488333333332,5.21,0.21317702607092617,-0.4178858791139594,-59.1208,158.9796,5.4
9.902763055555555,5.26,0.21705094128133387,0.6741010620757646,52.0016,179.5832,5.5
8.330644444444445,5.24,0.22211108331943838,-0.372515513786811,8.8465,126.8221,5.1
0.22945222222222222,5.28,0.2097617696340368,-0.3384455371097601,8.8593,126.7364,5.4
6.009219166666666,5.26,0.2065591117977336,-0.4178858791139594,85.3528,91.2168,5.2
2.963446388888889,5.2,0.1825741858350541,-0.24971067509106942,51.0421,-177.3209,5.0
1.1098583333333332,5.2,0.1825741858350541,-0.4178858791139594,41.3681,-127.1671,5.2
1.7867058333333332,5.2,0.1825741858350541,-0.4178858791139594,-9.2616,158.8249,5.0
8.452411388888889,5.21,0.17288403306519903,-0.28797112980884193,35.371,140.632,5.1
10.38892972222222,5.21,0.17288403306519903,-0.4178858791139594,-4.7608,139.56,5.2
2.3740586111111113,5.209999999999999,0.17288403306519903,-0.09641067510846574,8.8616,126.74,5.4
8.011689444444444,5.25,0.26770630673681994,-0.4374083431614914,11.5105,57.6508,5.9
6.948785833333334,5.32,0.3119829055146096,4.905590179356947,-20.5625,-178.3442,5.8
12.197039444444444,5.279999999999999,0.32591750830881283,-0.4178858791139594,-55.7171,-25.5983,5.0
10.604508611111111,5.28,0.32591750830881283,-0.4178858791139594,-32.299,-178.1275,5.2
2.7722411111111107,5.28,0.32591750830881283,-0.4178858791139594,-32.4116,-178.0679,5.0
13.110285,5.2700000000000005,0.3301514803843873,0.11224931320831431,-5.0063,103.0276,5.1
0.8137249999999999,5.2700000000000005,0.3301514803843873,-0.4178858791139594,-29.5411,-112.0415,5.0
0.33926083333333334,5.4399999999999995,0.5777350411544959,-0.2869384053627873,-58.8881,159.1441,6.8
1.8607666666666667,5.42,0.5902918298981047,-0.4178858791139594,-28.7289,61.6042,5.0
8.663432777777778,5.4,0.5944184833375734,-0.4178858791139594,-5.8279,102.179,5.2
10.215349722222221,5.31,0.5782156460468164,-0.4178858791139594,-17.821,-172.3887,5.0
13.104405555555555,5.2700000000000005,0.5538752366533279,-0.4178858791139594,33.4841,93.0234,5.4
2.2118283333333335,5.279999999999999,0.549343041985407,-0.1341150474322089,27.0556,59.3526,5.1
5.745103611111111,5.29,0.5486346689738111,-0.2149853155924838,-20.16,-173.9483,5.3
3.906615,5.3,0.5436502143433397,-0.4178858791139594,-55.5655,-124.2267,5.1
5.8921141666666665,5.4,0.5925462944877126,-0.4178858791139594,-59.1953,158.7607,6.1
1.2869183333333334,5.41,0.5858517066820157,4.865830288183846,-23.6534,179.1709,5.1
18.295195833333334,5.2299999999999995,0.33349995835415475,-0.4178858791139594,-17.2455,-172.4015,5.0
1.8274355555555555,5.24,0.32727833889689717,-0.4178858791139594,-14.8958,-173.1921,5.1
2.1599283333333332,5.220000000000001,0.33598941782277786,-0.05748490752640813,-10.8089,165.5313,5.0
0.8779877777777777,5.220000000000001,0.33598941782277786,-0.09384872407883035,7.9178,126.9181,5.0
1.3291730555555556,5.18,0.33598941782277536,-0.38797659034937837,7.8963,127.1014,5.0
2.2909111111111113,5.19,0.33482997343593685,-0.4178858791139594,-4.8258,134.1471,5.2
8.387445833333333,5.22,0.35839146815241674,-0.4278159218644843,9.7718,-86.3228,5.6
1.7722777777777776,5.27,0.37431418769679764,-0.4178858791139594,33.5389,92.9927,5.6
0.045718611111111106,5.16,0.2412928142780468,-0.4178858791139594,33.3794,92.8542,5.0
17.727016111111112,5.15,0.24608038433721788,-0.4178858791139594,-1.6235,126.561,5.0
5.314574444444444,5.25,0.3566822426505473,0.6247686096911568,5.8168,126.9407,6.0
8.169581666666666,5.27,0.35292429153510824,5.4053394408626145,-22.1275,-179.5708,5.3
18.653733888888887,5.3100000000000005,0.34140233677518933,5.371051003245052,-17.99,-178.4182,5.4
15.064985277777778,5.3100000000000005,0.34140233677518933,0.3624168802222885,-7.2929,129.1918,5.0
4.600754722222223,5.3100000000000005,0.34140233677518933,-0.4178858791139594,-18.8498,-172.7477,5.0
4.900825,5.290000000000001,0.35418137224372465,-0.012193982541263982,-6.3183,151.6202,5.0
7.9796411111111105,5.23,0.3465704994818687,-0.4178858791139594,-52.2729,139.9642,5.0
7.222638611111111,5.17,0.32676869155072996,-0.35651821491571545,10.6428,-86.4369,5.0
23.386698055555556,5.17,0.32676869155072996,-0.4178858791139594,-15.1365,-172.9716,5.0
0.5342741666666666,5.18,0.32249030993194006,-0.37925801281441746,-33.8366,-72.5373,5.1
6.975309722222223,5.08,0.14757295747450602,-0.4178858791139594,-8.0757,68.3169,5.0
22.817070277777777,5.08,0.14757295747450602,0.5642052789557053,-18.5627,-69.3029,5.3
5.721617777777778,5.14,0.3169297153067877,-0.08026442559611226,-5.831,150.6843,6.0
1.4330574999999999,5.14,0.3169297153067877,1.1696896356689621,-6.5577,129.8569,5.0
2.2814019444444447,5.209999999999999,0.35730472522297646,-0.12991463934873684,-0.1457,125.2455,5.7
0.16427027777777778,5.209999999999999,0.35730472522297646,-0.09132649322019698,-0.1274,125.2292,5.0
1.0078355555555556,5.26,0.3596294389136343,-0.4178858791139594,-49.6592,125.8833,5.5
2.0666125,5.26,0.3596294389136343,-0.3181485297276872,-19.7124,-71.2587,5.0
1.5964019444444444,5.26,0.3596294389136343,-0.4178858791139594,-48.5615,105.3591,5.0
3.340691111111111,5.290000000000001,0.3573047252229809,-0.3576403097465247,42.954,18.6883,5.4
12.129985277777777,5.35,0.35355339059328167,-0.08026442559611226,37.083,141.1231,5.6
4.758681388888889,5.34,0.356526452189899,-0.4178858791139594,29.7656,-42.7949,5.2
1.17162,5.36,0.40055517028800214,-0.4178858791139594,29.7971,-42.6608,6.2
0.07940694444444445,5.36,0.40055517028800214,-0.4178858791139594,29.9929,-42.8437,5.0
0.23396805555555555,5.33,0.3831158803518624,-0.4178858791139594,29.6206,-42.6288,5.4
13.060308333333333,5.390000000000001,0.3725288952253032,-0.31858545160871027,28.4192,130.1034,5.6
0.5195872222222222,5.340000000000001,0.3893013685508448,-0.3605100921014265,28.432,130.0753,5.0
13.180952499999998,5.430000000000001,0.40565447804204546,-0.4178858791139594,-58.935,158.3538,5.9
3.2862305555555555,5.46,0.38064273129655174,-0.4178858791139594,-5.0223,151.2304,5.3
17.750667222222223,5.45,0.38369548110739043,-0.03508273108122391,37.1332,141.4549,5.3
3.4494719444444444,5.45,0.38369548110739043,-0.040544254594012584,12.3856,-87.6546,5.6
5.331283611111111,5.45,0.38369548110739043,-0.4178858791139594,12.6124,48.0066,5.2
5.1058738888888895,5.359999999999999,0.27968235951205056,-0.4178858791139594,-3.3388,148.6471,5.3
13.129685277777778,5.369999999999999,0.2668749186833194,0.34117651877891575,-6.2159,146.9556,5.1
10.777099722222223,5.359999999999999,0.2674987019698624,-0.1696348103508365,24.2346,142.7619,5.3
13.510482777777778,5.35,0.2592724864350777,-0.43774596461500925,29.6902,65.3791,5.5
1.8368980555555554,5.4,0.23094010767586642,-0.4182731507812299,-31.2982,-179.131,5.5
12.22698,5.31,0.18529256146250683,0.0948816684376462,-10.8006,161.8513,5.0
3.464922222222222,5.33,0.19465068427543042,-0.4178858791139594,-56.4959,-143.3884,5.5
3.3329172222222225,5.33,0.19465068427543042,-0.4576060501160591,29.7493,65.3531,5.3
8.35472611111111,5.33,0.19465068427543042,0.36658749817750896,-56.2515,-27.259,5.6
2.611078611111111,5.3100000000000005,0.21832697191751235,0.1550974476768293,-2.0189,100.4628,5.0
11.432729444444444,5.3100000000000005,0.21832697191751235,3.868645465133383,-31.4035,179.7294,5.3
4.285301944444444,5.32,0.20976176963403975,-0.07031452276008626,35.9739,139.748,5.2
0.18618777777777776,5.3,0.22110831935703376,-0.3943119576242132,-2.008,137.4266,5.1
2.4691119444444443,5.2700000000000005,0.21108186931983872,-0.08135673029867,-59.0115,-25.6366,5.2
24.995024444444446,5.24,0.19550504398153748,-0.4857974414847993,39.3279,71.8628,5.2
0.5948666666666667,5.3,0.20548046676564016,-0.4178858791139594,-5.8155,112.3187,5.6
1.1407555555555555,5.2700000000000005,0.19465068427542395,-0.4178858791139594,-5.909,112.3829,5.2
3.3629855555555555,5.38,0.40770359603789214,-0.42313887172898706,-5.8754,112.3646,6.4
28.45820472222222,5.35,0.4006938426723835,0.10534793349669949,-4.5597,102.7307,5.3
7.026614444444445,5.54,0.6113736809658975,-0.10544701401144345,-4.1292,143.134,6.9
0.3070994444444444,5.51,0.6314885412877971,-0.1696348103508365,-4.1113,143.311,5.0
2.157933888888889,5.5,0.6377042156569755,-0.1696348103508365,-4.0835,143.1375,5.1
1.6821319444444445,5.5,0.6377042156569755,-0.4178858791139594,-9.7782,154.8212,5.1
2.5538066666666666,5.55,0.6311365409587271,0.10020417135192758,-9.4207,122.1832,5.7
0.3756672222222222,5.55,0.6311365409587271,-0.1696348103508365,-4.0667,143.116,5.2
2.929082777777778,5.51,0.6402256546631828,0.07485277220983749,8.7566,126.3895,5.2
5.525625833333334,5.5,0.6463573143221862,-0.09493109873863752,-1.7427,133.2473,5.1
7.937284722222222,5.36,0.5777350411544928,0.2680814740923018,-19.4577,-70.1006,5.0
6.525837777777777,5.35,0.5797509043642074,-0.4178858791139594,12.0769,143.9432,5.2
0.2491888888888889,5.18,0.19888578520234473,-0.4178858791139594,52.4275,163.5655,5.2
2.759873333333333,5.2299999999999995,0.21108186931983386,-0.4178858791139594,16.5556,-46.462,5.5
11.629319722222222,5.27,0.22135943621179022,-0.4178858791139594,-59.0543,158.6349,5.5
16.620158055555557,5.290000000000001,0.21317702607093228,-0.37337942750610675,-20.6273,-174.1986,5.3
3.6149344444444442,5.26,0.16465452046971635,-0.4178858791139594,-1.5815,-15.3842,5.4
4.5906955555555555,5.25,0.17159383568311865,0.1754937554864075,-5.3315,145.8772,5.1
7.645065555555556,5.37,0.40013886478461147,-0.4178858791139594,-21.0715,173.7373,6.4
1.9125758333333334,5.42,0.39384147967312927,-0.4178858791139594,42.3102,-126.7243,5.6
10.437460833333333,5.45,0.3689323936863248,-0.4178858791139594,-20.754,173.8203,5.3
0.44874166666666665,5.43,0.3888730155490755,-0.4178858791139594,-8.7403,-72.7126,5.0
8.560333055555557,5.41,0.406748625620853,4.2070116718575195,-24.3685,-179.7362,5.0
5.256947222222222,5.380000000000001,0.4104198392432454,1.0008093986107849,-7.9054,-74.4016,5.2
3.9442905555555554,5.33,0.42439499421071836,0.07113893622114115,-9.1955,110.1543,5.0
2.887628611111111,5.3,0.43716256828680367,0.5599949408294829,36.247,71.1603,5.0
15.125610833333333,5.26,0.4452215428550415,-0.26720741041749435,17.013,147.3137,5.0
2.938065,5.25,0.4503085362035441,-0.10425540888138042,17.0572,147.2408,5.0
1.5094977777777778,5.11,0.20248456731315137,-0.4178858791139594,-16.8483,168.015,5.0
0.7206191666666666,5.13,0.2584139659108478,-0.2503362677843525,37.3224,21.2557,5.8
2.7381788888888887,5.16,0.2951459149490426,5.151894959740968,-4.562,149.5876,5.6
4.730733055555556,5.2,0.2981423969999689,-0.4178858791139594,-27.9628,-178.0987,5.4
1.6449433333333334,5.2,0.2981423969999689,-0.4178858791139594,12.771,-44.8963,5.0
1.6495963888888887,5.2,0.2981423969999689,-0.4178858791139594,12.7994,-44.8917,5.2
15.827953055555556,5.209999999999999,0.2923088169119144,-0.4178858791139594,-4.0264,-103.9175,5.1
6.677871111111111,5.29,0.3348299734359415,0.5651883531880073,52.1143,178.3963,5.8
0.2576647222222222,5.319999999999999,0.31902629637348284,-0.4154132984690787,-19.7708,-176.0022,5.3
0.8568391666666667,5.34,0.30258148581094646,-0.4178858791139594,-19.7019,-175.9239,5.2
5.334162500000001,5.35,0.29154759474227343,0.2501080967138517,-6.3333,154.7807,5.1
1.4895816666666666,5.2700000000000005,0.26267851073127624,-0.4178858791139594,39.0066,70.8647,5.0
1.086953888888889,5.22,0.2394437999475707,-0.4178858791139594,-36.2214,-100.031,5.1
1.5212252777777777,5.2299999999999995,0.24966644414765216,-0.4178858791139594,-19.847,-176.0058,5.5
14.001861944444444,5.32,0.31198290551460817,-0.4178858791139594,-62.7208,156.0408,5.9
1.30891,5.3,0.32659863237109454,-0.4178858791139594,-22.7357,171.5923,5.0
7.311631944444445,5.3,0.32659863237109454,1.1077360989484373,-6.256,155.0964,5.1
13.102997499999999,5.25,0.27588242262078155,-0.4178858791139594,8.246,-103.2397,5.3
4.655730833333334,5.3100000000000005,0.3446415206816802,0.20770681416911033,40.1435,141.6984,5.9
14.492194166666666,5.409999999999999,0.44083254568298524,-0.4178858791139594,15.8146,146.8779,6.2
12.376697777777778,5.42,0.43410188256266846,-0.4178858791139594,15.8934,146.8532,5.2
1.69097,5.66,0.7351492667781587,-0.11998459659821192,23.8356,121.5976,7.4
0.1138311111111111,5.680000000000001,0.7208020224413749,-0.4178858791139594,15.8214,146.8668,5.3
0.07473527777777779,5.630000000000001,0.7513691207093713,-0.19694242791478003,24.1741,121.7374,5.0
0.03173722222222222,5.680000000000001,0.7871185143011034,-0.378850881061646,24.1021,121.6812,6.4
0.09744916666666667,5.6899999999999995,0.7781031065639474,-0.1696348103508365,24.0059,121.8453,5.1
0.005876944444444444,5.7,0.7702813338861036,-0.13377742597869105,24.0049,121.7509,5.2
0.22640583333333333,5.67,0.7930952023559469,-0.28680931480703054,23.9926,121.7893,5.0
0.07352249999999999,5.64,0.7890923055426948,-0.35965610842488127,24.1511,121.6993,5.6
0.1383661111111111,5.55,0.7691987172809647,-0.41005107538379526,23.9995,121.5898,5.3
0.04712,5.59,0.7593125545884069,-0.3752164854149539,24.1702,121.7273,5.6
0.06726833333333333,5.37,0.419126074906672,-0.2472976747026919,23.7725,121.5952,5.2
0.17381444444444444,5.34,0.4351245032554918,-0.3098072938172462,24.077,121.5601,5.0
0.14011972222222221,5.359999999999999,0.42216373863967555,-0.4178858791139594,24.174,121.766,5.2
0.13450833333333334,5.220000000000001,0.22509257354845452,-0.2504157081263567,23.9694,121.6633,5.0
0.030707222222222223,5.22,0.22509257354845452,-0.4504266292074296,23.873,121.6499,5.1
0.3342244444444445,5.23,0.2263232692902398,-0.34967641546060374,23.7905,121.7975,5.3
0.003578611111111111,5.3,0.2538591035288034,-0.2554005895871202,23.7873,121.7835,5.7
0.16412416666666665,5.25,0.23687784005920062,-0.4178858791139594,23.8897,121.8988,5.1
0.07185555555555556,5.23,0.24060109910158162,-0.29331349280862434,23.8817,121.5533,5.1
0.1355513888888889,5.18,0.2043961295567402,-0.4178858791139594,0.9959,-85.2876,5.1
0.20862444444444445,5.2299999999999995,0.26267851073127446,-0.1021303797327681,24.1954,121.9338,5.7
0.14738555555555555,5.2299999999999995,0.26267851073127446,-0.16219720833069332,24.2305,121.6344,5.0
0.08041444444444446,5.22,0.2658320271650248,-0.3861693225687828,24.1664,121.818,5.1
0.5474775000000001,5.220000000000001,0.2658320271650248,-0.4178858791139594,-31.825,77.4355,5.0
0.5208883333333334,5.21,0.27264140062237924,-0.4250653000225889,-10.382,-75.4725,5.0
1.3166041666666666,5.1899999999999995,0.27264140062237757,0.14876208040199435,8.5051,126.6773,5.1
4.181698055555556,5.13,0.20575065816013555,-0.4178858791139594,-5.8654,112.3387,5.1
4.827834166666667,5.14,0.20655911179771944,-0.15993315858357368,-36.9529,-72.9395,5.2
10.465419722222222,5.13,0.21108186931982384,-0.4178858791139594,-32.8864,-178.5121,5.0
0.32944333333333337,5.130000000000001,0.21108186931982384,-0.4178858791139594,38.4599,90.8993,5.1
2.614452777777778,5.17,0.33349995835414964,-0.229215066853986,37.7104,141.856,6.1
4.359687222222222,5.18,0.3293090409394225,0.024994027559451876,12.8955,-88.8866,5.1
8.440948333333333,5.17,0.33349995835414964,-0.19509543996318238,33.1698,76.816,5.0
4.4546455555555555,5.17,0.33349995835414964,0.11102791794999976,41.9769,142.4449,5.0
2.7762080555555557,5.17,0.33349995835414964,-0.4178858791139594,8.039,-38.114,5.0
0.3180544444444445,5.1899999999999995,0.3348299734359356,-0.4178858791139594,7.9741,-38.1448,5.3
0.1531941666666667,5.1899999999999995,0.3348299734359356,-0.4178858791139594,7.9582,-38.0882,5.1
2.722885,5.17,0.34009802508492165,-0.4178858791139594,14.9227,-44.9831,5.0
2.3468238888888893,5.17,0.34009802508492165,-0.3155667186125507,24.0787,121.684,5.0
4.1844825000000005,5.159999999999999,0.34383458555273216,0.2566222047581961,15.2716,-93.6043,5.0
2.0225275000000003,5.23,0.5598610938835136,1.687283183997323,19.1103,145.3659,6.8
1.7061938888888888,5.29,0.5762908216439975,0.169337128981082,26.4924,96.9139,5.7
7.776261666666667,5.35,0.5739725119240902,0.621670436352993,-18.147,-174.4561,5.6
3.667931111111111,5.39,0.5606543795720679,-0.25517219860385815,40.8775,143.2258,5.4
1.4254280555555556,5.39,0.5606543795720679,-0.4178858791139594,23.6327,122.0266,5.0
0.8592463888888888,5.359999999999999,0.5738757124442009,-0.4178858791139594,27.1432,103.4715,5.0
4.031156388888889,5.36,0.5738757124442009,-0.4178858791139594,-3.9245,-102.9724,5.1
1.8877527777777778,5.36,0.5738757124442009,0.13092772362205168,-3.277,138.2881,5.0
2.3781738888888886,5.380000000000001,0.5633234713140755,-0.22471675748799821,23.86,121.6946,5.2
1.6418733333333333,5.380000000000001,0.5633234713140755,0.11102791794999976,-4.0281,142.903,5.0
14.215465555555555,5.2,0.27080128015452914,-0.3222595674264045,-21.9779,170.2167,5.0
2.7511991666666664,5.17,0.22135943621178003,-0.4178858791139594,-59.4196,-17.7451,5.4
2.0233808333333334,5.12,0.16193277068653245,-0.04976926430925026,-6.3877,149.2718,5.1
1.3530433333333334,5.090000000000001,0.12866839377076664,-0.4178858791139594,41.8956,82.2688,5.1
6.182931944444444,5.090000000000001,0.12866839377076664,-0.4178858791139594,-8.9592,118.6205,5.0
2.8172075,5.090000000000001,0.12866839377076664,-0.1321290388821039,-6.5495,103.9286,5.0
0.05389027777777777,5.08,0.13165611772085026,1.4006922201744234,13.8143,-88.9836,5.0
2.9739449999999996,5.08,0.13165611772085026,-0.4178858791139594,41.8492,82.1566,5.0
4.6252619444444445,5.069999999999999,0.12516655570342766,-0.015431176477935038,31.6565,131.3933,5.1
1.74659,5.08,0.12292725943054351,0.5733607783716893,-30.7975,-178.4494,5.1
17.7959575,5.1,0.12472191289244043,-0.1334894547389258,-16.4488,-172.869,5.2
3.080365277777778,5.15,0.2718251071716612,-0.45105222190071265,-1.6951,134.4237,5.9
0.02048583333333333,5.1899999999999995,0.29230881691191324,-0.4178858791139594,-1.585,134.4849,5.5
9.731661944444445,5.319999999999999,0.4779586221049352,-0.29872536610766043,2.6982,127.0624,6.4
4.318367222222222,5.32,0.4779586221049352,-0.21402210144568287,28.049,100.2389,5.0
17.843470833333335,5.33,0.47152235719352437,-0.4178858791139594,-38.8374,47.1158,5.1
2.999120555555556,5.33,0.47152235719352437,-0.4178858791139594,41.8952,82.4218,5.0
3.9771702777777778,5.369999999999999,0.4571651780265051,-0.43774596461500925,41.9596,82.6648,5.4
0.6237738888888888,5.36,0.4647580015448961,1.5055038214062135,-17.2602,-68.4861,5.0
0.7764469444444444,5.37,0.45958918853931746,-0.42235439835169564,11.8705,125.841,5.2
8.44702111111111,5.35,0.47199340861688194,-0.4178858791139594,-38.6965,78.1286,5.0
2.7805727777777776,5.279999999999999,0.431534728871529,-0.4178858791139594,7.6449,126.1637,5.2
14.002578055555556,5.2299999999999995,0.4321779468896779,-0.06658082668588891,3.6958,126.7665,5.0
15.43640888888889,5.09,0.13703203194060376,0.017933767163828676,28.279,129.2805,5.0
6.982696944444444,5.17,0.2584139659108509,-0.31858545160871027,-10.2257,161.0159,5.8
13.756756666666666,5.21,0.27668674625929246,-0.4178858791139594,33.5479,81.8672,5.5
0.6987327777777778,5.2299999999999995,0.266874918683307,-0.1313445655048124,2.226,126.6873,5.2
0.4525913888888889,5.1899999999999995,0.2685351208149665,-0.4178858791139594,-42.1381,88.8361,5.0
3.8884672222222223,5.23,0.266874918683307,-0.4178858791139594,-15.0413,-173.0667,5.4
4.504425277777778,5.21,0.27668674625929246,-0.4178858791139594,-49.031,121.3854,5.0
1.3935108333333335,5.21,0.27668674625929246,-0.12652849477080783,2.1044,126.6086,5.0
12.797778888888889,5.220000000000001,0.27808871486152104,-0.4178858791139594,7.6417,-37.1742,5.3
15.461329166666667,5.37,0.4785394445602224,-0.03061421184348767,-5.8565,151.0953,6.5
13.783416388888888,5.41,0.4605552204797153,0.19768740103383067,-5.2266,151.892,5.4
11.924535555555556,5.42,0.4709328803319921,-0.4421549035962423,29.4397,131.7622,5.9
9.29549138888889,5.37,0.4877385456255176,-0.4178858791139594,-14.8116,168.0105,5.0
7.037480555555556,5.390000000000001,0.48407988321488893,-0.4256412425021194,12.9353,145.4323,5.4
1.1222247222222221,5.390000000000001,0.48407988321488893,-0.0041407178705882754,9.6873,126.2537,5.0
6.919055833333333,5.35,0.49944413545906197,0.054108912903990884,11.3815,92.9599,5.0
2.7307566666666667,5.35,0.49944413545906197,-0.4178858791139594,26.1567,-110.4997,5.0
6.324255833333333,5.35,0.49944413545906197,-0.4178858791139594,-62.8511,148.4495,5.0
6.16792,5.45,0.5816642788871802,-0.19942493860241126,33.2503,132.3647,6.3
7.1188666666666665,5.35,0.45276925690687675,1.0120402769616286,11.1271,-85.3325,5.5
0.16477055555555556,5.35,0.45276925690687675,3.333436020965591,-21.2737,-177.8682,5.4
8.5714225,5.27,0.4137900702315413,-0.4178858791139594,50.2411,-129.9156,5.1
1.5596524999999999,5.290000000000001,0.4040077006966882,-0.4178858791139594,26.2783,-110.56,5.2
0.7760375,5.27,0.4029061098237838,-0.4178858791139594,-43.6941,-16.0988,5.2
1.0496044444444443,5.3100000000000005,0.3928528138289668,0.09847634391333625,22.7438,143.3267,5.4
5.7037852777777776,5.369999999999999,0.386005181312384,-0.3583056226108099,39.9894,35.9451,5.6
0.01799861111111111,5.43,0.3683295625749799,-0.4178858791139594,25.7087,-110.7948,5.6
2.4587975,5.4399999999999995,0.3565264521899056,-0.4178858791139594,33.5041,81.7676,5.1
8.720613333333333,5.33,0.19465068427543036,-0.4178858791139594,-24.5403,-176.7015,5.2
6.91239,5.35,0.22236106773545114,0.3467274126764592,-21.9186,170.8691,5.7
1.7108558333333335,5.35,0.22236106773545114,-0.4178858791139594,-1.1823,-24.4482,5.4
16.6956825,5.34,0.236643191323995,4.345625138612097,17.0523,145.3641,5.0
22.975326944444443,5.33,0.24517567397911952,-0.2333558946809549,23.4701,121.631,5.1
3.9399913888888887,5.340000000000001,0.24129281427806165,-0.4178858791139594,64.5409,-17.5954,5.3
5.36590611111111,5.31,0.2514402955419548,-0.05718700624389236,-31.6851,-178.7399,5.1
7.0993924999999996,5.290000000000001,0.2330951164939661,-0.4178858791139594,18.2634,-105.6276,5.4
14.057005,5.25,0.20682789409984806,-0.3556741612819208,23.6939,121.5925,5.2
0.05853861111111111,5.25,0.20682789409984806,-0.4178858791139594,23.808,121.5579,5.1
0.06410972222222222,5.25,0.20682789409984806,-0.24085307695760122,23.8125,121.4665,5.2
1.5055766666666666,5.21,0.13703203194062263,-0.4178858791139594,23.6225,121.6563,5.3
0.04590583333333333,5.17,0.13374935098491053,-0.4178858791139594,23.7229,121.6381,5.0
0.023296666666666667,5.23,0.17669811040931155,-0.4178858791139594,23.7053,121.6282,5.6
0.3383730555555556,5.2299999999999995,0.17669811040931155,0.0218164138792839,-8.9573,111.2888,5.1
0.012302500000000001,5.23,0.17669811040931155,-0.1696348103508365,-8.8902,111.2844,5.3
0.027303055555555556,5.2299999999999995,0.17669811040931155,-0.4178858791139594,23.7355,121.6162,5.1
0.21248750000000002,5.1899999999999995,0.17919573407619954,-0.4178858791139594,23.6617,121.5571,5.0
0.14466833333333334,5.1899999999999995,0.17919573407619954,-0.4178858791139594,23.6047,121.6214,5.2
0.09342,5.2,0.17638342073763208,-0.4178858791139594,10.9533,138.7035,5.2
0.0630725,5.18,0.18737959096739296,-0.2998474609384697,23.7275,121.5713,5.0
0.02644972222222222,5.159999999999999,0.1837873166945236,-0.4178858791139594,23.6672,121.573,5.1
0.6206297222222221,5.2,0.18856180831640598,-0.4178858791139594,11.0226,138.6943,5.4
0.8473894444444444,5.15,0.12692955176437826,-0.4178858791139594,23.6479,121.554,5.1
0.9617902777777778,5.220000000000001,0.23944379994756984,-0.43774596461500925,23.7259,121.5781,5.8
0.14622000000000002,5.1899999999999995,0.24698178070456328,-0.4355414951243927,23.716,121.618,5.0
4.1120777777777775,5.29,0.37549966711037447,-0.4278159218644843,23.7141,121.6599,6.1
0.09877416666666666,5.4,0.43716256828680883,-0.4178858791139594,23.8586,121.5662,6.1
0.7846886111111111,5.38,0.45166359162545594,-0.43096374541640076,23.7865,121.6574,5.0
0.7204169444444445,5.38,0.45166359162545594,-0.4294146587473189,23.7626,121.6869,5.2
0.780843611111111,5.43,0.43217794688968925,-0.348375579860285,23.6539,121.6164,5.5
0.24001416666666667,5.46,0.4168666186897058,-0.4592941573836483,23.6611,121.592,5.4
0.2538372222222222,5.45,0.41965594373381804,-0.4235857236527607,23.7371,121.6109,5.3
0.0820563888888889,5.45,0.41965594373381804,-0.43281073336799836,23.6968,121.6096,5.1
0.11868722222222222,5.41,0.4012480529547879,-0.42790529224923907,23.777,121.6532,5.4
2.540791111111111,5.49,0.39001424475411595,-0.3980257936129096,23.7794,121.6664,5.8
0.11590916666666667,5.38,0.3521363372331898,-0.35575360162392494,23.8813,121.6078,5.0
2.1658738888888887,5.28,0.25298221281347366,-0.4178858791139594,23.8243,121.6339,5.1
5.6371111111111105,5.28,0.25298221281347366,0.3707283260044779,-6.0821,147.2213,5.0
4.015946666666666,5.26,0.2674987019698528,0.041189927285558016,-12.756,166.3927,5.0
0.9169466666666666,5.24,0.2547329756605697,-0.2950611803327167,20.1109,121.3468,5.3
0.1743788888888889,5.2,0.25819888974715605,-0.4178858791139594,50.1036,-28.9506,5.0
2.573779722222222,5.1899999999999995,0.2558211180579924,-0.3423281838252153,38.1706,-30.8499,5.2
9.677089166666667,5.220000000000001,0.2616188916046448,-0.4178858791139594,7.5347,-82.372,5.4
0.0530875,5.22,0.2616188916046448,-0.43774596461500925,-22.7802,171.6734,5.4
4.067940277777778,5.16,0.1646545204696984,-0.02030682746844284,-29.9475,-177.9032,5.2
0.42621638888888885,5.2,0.1699673171197519,1.7842004012424462,-18.8438,-175.6555,5.4
1.4770777777777777,5.220000000000001,0.1686548085423091,-0.4178858791139594,28.7426,142.5733,5.3
4.299252222222222,5.2299999999999995,0.15670212364723904,0.02872772363364922,36.4232,140.5874,5.1
6.530190555555556,5.24,0.14298407059684667,-0.16590111427663914,23.9696,122.2944,5.1
0.005772777777777778,5.24,0.14298407059684667,-0.24813179829373597,24.0007,122.2704,5.3
10.132965277777778,5.24,0.14298407059684667,-0.4178858791139594,7.7252,127.1182,5.0
0.7892455555555555,5.26,0.15055453054181855,1.2633299388064123,-31.3001,-179.3193,5.4
4.023946944444445,5.2299999999999995,0.14944341180972948,-0.4178858791139594,14.5517,146.8815,5.1
17.791206666666668,5.1899999999999995,0.15238839267548918,-0.2710999871757001,-55.2848,-29.0154,5.0
10.779189722222222,5.17,0.16363916944843473,-0.4178858791139594,-10.4664,115.0966,5.0
2.7068283333333336,5.14,0.14298407059682738,-0.1696348103508365,-10.0577,160.4903,5.1
1.9284872222222222,5.18,0.22509257354844694,-0.14215838206013404,24.1531,121.6724,5.7
0.4683041666666667,5.1899999999999995,0.22335820757000577,-0.11526782629171257,24.2394,121.6724,5.2
3.568734722222222,5.26,0.2913569784454968,-0.4178858791139594,-37.0467,78.1694,5.8
0.9934172222222223,5.26,0.2913569784454968,-0.4178858791139594,-37.174,78.0321,5.3
2.3422816666666666,5.290000000000001,0.2766867462592995,-0.4178858791139594,-37.332,78.1007,5.3
0.009986666666666666,5.279999999999999,0.274064063881263,-0.4178858791139594,-36.9042,78.2152,5.3
6.334293055555556,5.28,0.274064063881263,-0.4178858791139594,-37.1466,78.1288,5.1
0.5192513888888889,5.430000000000001,0.4547282460742768,4.40811489764115,27.8209,139.6186,6.5
7.904565555555556,5.54,0.4718756898449878,0.07564717562987947,-8.005,107.2798,6.1
8.124354444444444,5.529999999999999,0.4831608887777034,-0.4178858791139594,15.753,39.7214,5.0
12.30963361111111,5.4799999999999995,0.489444129146084,1.1909200670695845,-21.8399,-176.6362,5.2
24.62942222222222,5.48,0.489444129146084,-0.4178858791139594,-14.1367,170.6052,5.2
10.143155277777776,5.409999999999999,0.4886489310105844,0.7885348747328137,16.2436,-93.383,5.1
7.764161388888889,5.39,0.4976611966656378,-0.4178858791139594,-20.1918,-173.4472,5.1
3.9480225,5.3999999999999995,0.49665548085838657,4.5578400822335645,-24.9666,179.841,5.4
2.4618711111111113,5.4,0.49665548085838657,-0.318108809556685,2.2997,126.767,5.3
0.6329072222222222,5.4399999999999995,0.48579831205965585,-0.4079558363634345,-55.7099,-27.0196,5.5
3.3419966666666667,5.3,0.31972210155418596,-0.42151034471790105,13.7994,-58.4107,5.1
7.561110833333333,5.19,0.16633299933165288,0.4922521891854018,-21.4461,-68.9993,5.0
5.801039166666667,5.19,0.16633299933165288,-0.4178858791139594,-62.2182,-56.2735,5.0
16.542020277777777,5.25,0.2549509756796397,-0.229215066853986,-5.8025,151.0714,5.8
2.5124086111111112,5.24,0.25905812303633874,-0.4178858791139594,-13.5527,-72.4815,5.1
3.6285441666666665,5.23,0.2668749186833063,-0.17183927984145306,-55.6383,-27.089,5.0
0.7114472222222222,5.24,0.2633122354417527,-0.24611599961537942,-55.8566,-27.0254,5.2
0.3573247222222222,5.25,0.2718251071716686,-0.3792381527289165,52.1554,-169.4615,5.5
0.06307,5.2299999999999995,0.27507574714370187,-0.4178858791139594,51.9779,-169.2887,5.1
0.07719833333333333,5.209999999999999,0.26012817353501855,-0.38907882509468666,51.9797,-169.3393,5.3
0.07385583333333333,5.24,0.26331223544175275,-0.3351686230020869,52.0509,-169.3645,5.4
0.8599291666666666,5.26,0.25033311140691605,-0.4178858791139594,-55.5137,-26.9201,5.2
15.576413055555555,5.27,0.24060109910158398,-0.4178858791139594,-33.0859,-179.1077,5.1
3.4408077777777777,5.1899999999999995,0.16633299933165255,-0.4178858791139594,48.7806,-128.7293,5.0
7.215120277777778,5.25,0.2273030282830982,-0.4158204302218502,10.8644,125.3349,5.7
1.0683919444444443,5.26,0.21705094128133137,0.7009717577586851,-55.8752,-27.7291,5.1
6.476651944444445,5.25,0.22236106773543957,-0.4178858791139594,-55.5278,-26.8044,5.1
4.975860555555556,5.21,0.20789954839349759,0.9785065225931058,-5.6237,154.2572,5.1
4.500709166666667,5.220000000000001,0.20439612955674177,1.0575595929300348,-14.611,167.2938,5.2
2.5817302777777775,5.23,0.21108186931983222,-0.4178858791139594,-1.1369,-14.245,5.4
22.761667222222222,5.1899999999999995,0.21317702607091915,-0.4178858791139594,-13.4343,-71.604,5.0
1.101853611111111,5.220000000000001,0.23475755815545044,-0.06587579365060167,10.9361,141.3275,5.5
0.5204011111111111,5.2299999999999995,0.23118054512532749,1.5619263243146961,-29.411,-178.6893,5.2
0.9673022222222222,5.3,0.258198889747167,-0.4178858791139594,-19.3137,-175.9129,5.7
1.2351266666666667,5.25,0.2173067468400888,-0.4178858791139594,52.9219,-163.8153,5.2
0.5065575,5.2700000000000005,0.2110818693198373,0.7787537826235468,-5.7715,147.4516,5.3
5.602453333333333,5.28,0.20439612955674977,0.34759132639575485,-58.4609,-25.6943,5.2
1.1014947222222222,5.279999999999999,0.20439612955674977,0.7074163555037756,-5.8783,146.7752,5.1
1.542012777777778,5.3,0.2054804667656398,-0.4178858791139594,-6.0021,-106.8918,5.4
1.3376336111111111,5.369999999999999,0.3267686915507429,-0.3583056226108099,-3.3167,130.9618,6.1
2.0669166666666667,5.42,0.30110906108364816,-0.4178858791139594,-3.3053,130.9364,5.5
4.357998888888889,5.369999999999999,0.3267686915507428,-0.4178858791139594,-6.181,-106.6618,5.0
5.530448888888889,5.35,0.34399612400917956,0.5364805995962397,-20.839,-68.8906,5.0
3.250087777777778,5.34,0.33399933466334997,-0.2827876474930679,23.7213,121.5958,5.6
0.12081611111111111,5.34,0.33399933466334997,-0.22972149903426275,23.7307,121.5574,5.2
1.319941111111111,5.34,0.33399933466334997,-0.42490641933858053,68.0292,-177.6346,5.3
20.733381666666666,5.33,0.340098025084932,0.3140178518562301,-57.5818,-26.0531,5.1
0.11828694444444446,5.32,0.34896672875473606,0.1648686097433459,11.3088,125.7334,5.0
5.164679444444445,5.279999999999999,0.3614784456460275,-0.016612851565247572,5.729,124.6392,5.0
1.3672933333333335,5.23,0.25407785333545707,-0.4178858791139594,-59.4499,-17.9081,5.6
8.89062388888889,5.180000000000001,0.24404006956963262,-0.4178858791139594,-41.3806,-86.576,5.0
8.814212222222222,5.29,0.36953424138441826,-0.32677773687789335,-15.1324,168.0214,6.1
1.7285280555555556,5.3100000000000005,0.3573047252229808,0.5410881394324832,-21.3768,-68.3443,5.2
1.0893108333333332,5.29,0.34464152068167847,-0.4178858791139594,-15.2961,168.1203,5.4
0.7553502777777777,5.29,0.34464152068167847,-0.4178858791139594,-15.1049,168.1397,5.2
15.285673888888889,5.26,0.356526452189892,-0.4178858791139594,-15.1826,168.0865,5.0
28.608443055555558,5.33,0.3888730155490691,-0.40501654370927914,24.1885,121.9049,5.8
4.0565597222222225,5.39,0.37844711945294296,-0.10012451109716208,-5.1446,151.8374,5.6
12.976172777777778,5.39,0.37844711945294296,-0.40600954798433164,41.6969,144.3234,5.0
17.66341027777778,5.34,0.3806427312965451,-0.4178858791139594,-15.107,168.0905,5.1
8.987716944444443,5.38,0.36147844564603565,-0.013286287243821717,-30.039,-177.9539,5.4
8.214618611111112,5.41,0.4332051092342701,0.09758264006578897,14.4264,-92.4617,6.4
7.069381111111111,5.470000000000001,0.4423422506009112,-0.11998459659821192,-31.4942,-178.4799,5.8
5.690831388888888,5.4399999999999995,0.45752959831397166,-0.4178858791139594,-11.6074,165.2327,5.1
0.05665111111111111,5.45,0.4527692569068836,2.2045490409149164,0.9271,123.8264,5.3
2.3129180555555555,5.4799999999999995,0.42895221179055987,-0.4178858791139594,-3.9577,-103.7629,5.3
6.530421944444445,5.42,0.42110964526277855,-0.4178858791139594,-35.3881,-73.2882,5.2
3.2295861111111113,5.38,0.42110964526277583,1.2028956986267174,-5.7461,148.6439,5.2
19.642923611111108,5.41,0.40124805295478916,-0.2910196529332531,-8.2223,115.9724,5.3
6.947065833333334,5.459999999999999,0.38930136855085384,-0.4178858791139594,-54.8785,-129.1774,5.6
0.024548055555555556,5.45,0.3922867431980088,-0.4178858791139594,-54.7488,-129.3987,5.3
0.5732169444444445,5.32,0.22010098692293167,-0.4178858791139594,-54.8458,-129.5199,5.1
0.9839927777777777,5.249999999999999,0.15092308563562368,-0.4178858791139594,-54.8177,-129.4015,5.1
0.5484722222222222,5.3,0.1763834207376477,0.6861561339749018,-5.6475,150.1558,5.6
7.2396275,5.33,0.20027758514400906,-0.44767600736553415,19.2698,-67.4235,5.6
1.1813386111111113,5.3100000000000005,0.21317702607093464,0.18912770418287825,-28.1438,-177.2764,5.1
5.082134166666667,5.29,0.23309511649396608,0.5655061145560241,-18.2071,-174.3255,5.0
13.877186944444444,5.29,0.23309511649396608,-0.4178858791139594,-36.7925,78.5648,5.2
1.5950283333333333,5.29,0.23309511649396608,-0.4178858791139594,-26.3976,-11.3766,5.3
5.561496388888888,5.249999999999999,0.2068278940998473,-0.4178858791139594,-7.1123,148.4382,5.2
1.4313747222222222,5.24,0.20655911179772712,-0.1696348103508365,-14.3351,-76.14,5.2
1.2951997222222222,5.27,0.2057506581601488,-0.4178858791139594,-3.8178,151.52,5.4
0.9620169444444444,5.26,0.21705094128133048,5.218128344886969,-20.6355,-178.6315,5.0
37.485172500000004,5.279999999999999,0.25733678754158706,1.3794518587310507,-29.1155,-178.5347,5.8
4.7233225,5.220000000000001,0.2440400695696378,-0.04940185272748084,-59.8411,-26.2402,5.0
1.417961111111111,5.2299999999999995,0.24060109910157845,-0.4178858791139594,-14.5083,94.82,5.2
3.320708611111111,5.279999999999999,0.23944379994757653,4.686871057733885,3.838,122.9135,5.5
7.642648888888889,5.33,0.27100635498904674,-0.47746613561710893,-3.8452,152.1304,5.7
9.882652499999999,5.39,0.3247221034122145,-0.4178858791139594,-55.8986,-123.3012,5.9
2.5613044444444446,5.42,0.3190262963734935,-0.4178858791139594,85.2392,12.0151,5.5
7.0674675,5.5,0.3559026084010652,-0.2391451096045109,52.0681,-170.9122,6.0
0.07145027777777778,5.48,0.36757463338909174,-0.4178858791139594,17.58,-104.5705,5.2
1.6928497222222223,5.48,0.36757463338909174,-0.15725204704093193,52.2022,-170.8786,5.0
7.146723055555556,5.43,0.3529242915351204,0.12304326967813492,-6.371,147.2559,5.3
4.38302,5.43,0.3529242915351204,-0.15707330627142246,-57.7049,-25.2221,5.0
6.288921944444444,5.42,0.3614784456460402,-0.2285398239469503,40.1736,76.9561,5.1
14.531280833333332,5.37,0.38311588035186606,0.361026674237215,-8.9412,112.6283,5.0
4.192980555555556,5.31,0.37252889522529903,1.740518143182887,-14.9188,-70.2464,5.1
0.7635425,5.26,0.3134042472944858,0.0765110893491751,26.1908,141.52,5.4
2.0587519444444444,5.220000000000001,0.30477678535099667,0.3186551818207252,-3.7141,-79.6819,5.1
0.8800602777777778,5.1899999999999995,0.22335820757000566,0.04882613016071166,-6.3098,147.3092,5.7
4.753015277777777,5.17,0.23118054512531996,0.5394993325923993,-21.9443,-68.479,5.0
0.1797075,5.2,0.22607766610416996,-0.29810970345712784,-2.2033,138.2031,5.3
1.312808888888889,5.21,0.233095116493957,1.9480758967543588,-12.0892,167.2764,5.4
1.3195216666666667,5.24,0.22211108331943535,-0.4178858791139594,-54.9581,-129.7333,5.3
18.4073975,5.2299999999999995,0.23118054512532768,-0.4178858791139594,2.5123,-79.0178,5.0
0.2479747222222222,5.2299999999999995,0.23118054512532768,0.7530250418569366,0.1267,123.6754,5.0
2.1911225,5.24,0.22705848487901825,-0.4178858791139594,23.7696,121.7699,5.2
7.738175277777778,5.209999999999999,0.22335820757000832,-0.4178858791139594,-17.2765,-172.0009,5.1
12.56739111111111,5.2,0.23094010767584477,0.3788511009744073,-6.2348,147.7405,5.0
6.516375277777778,5.18,0.18737959096739262,-0.4178858791139594,5.4521,61.6896,5.5
0.6175016666666666,5.24,0.21705094128132904,-0.4178858791139594,-37.1121,47.7015,5.6
5.674421111111111,5.22,0.2201009869229193,-0.4316191282379353,27.192,53.6491,5.1
12.105309444444444,5.1899999999999995,0.213177026070919,-0.4178858791139594,6.2666,-82.5111,5.1
10.627695,5.16,0.21705094128131805,-0.4178858791139594,-1.7121,151.7671,5.0
10.970496944444443,5.17,0.2110818693198239,-0.4178858791139594,30.1346,-42.6874,5.1
4.792885277777778,5.17,0.2110818693198239,-0.39830383480992426,1.1293,126.3869,5.0
0.5280058333333333,5.159999999999999,0.21186998109426444,-0.22529269996752865,56.1888,163.5596,5.1
14.2382075,5.28,0.4157990967870071,-0.29872536610766043,-17.1173,167.8706,6.3
7.897070555555556,5.31,0.40400770069668973,-0.4178858791139594,-54.7506,-130.4893,5.3
8.11788138888889,5.27,0.4029061098237836,0.4757583881767799,-24.1843,-69.2548,5.1
6.383953611111111,5.37,0.5793674711844581,0.843229550202705,-19.3431,-174.841,6.6
1.0098763888888889,5.359999999999999,0.5853773711604108,-0.4178858791139594,-21.1889,-173.7078,5.0
2.9952908333333337,5.369999999999999,0.5812821078348241,0.7271970006628213,52.3248,157.6272,5.2
1.0626575,5.39,0.5704773829385814,0.00908609907311092,-7.0611,155.5707,5.2
1.265283611111111,5.389999999999999,0.5704773829385814,-0.4178858791139594,28.232,100.6748,5.1
16.779565,5.389999999999999,0.5704773829385814,-0.4178858791139594,-10.2431,111.4012,5.0
15.978491944444446,5.45,0.5681353516353209,-0.3086554088581853,2.8091,95.6066,5.7
10.166038055555555,5.319999999999999,0.4962078417580947,-0.4178858791139594,-15.1301,-173.5833,5.0
15.180280833333333,5.33,0.4967673276069819,0.45150922377999814,23.527,94.6623,5.4
4.025313611111112,5.369999999999999,0.49227363664261004,3.382321621426425,32.3127,137.564,5.5
6.418537777777778,5.209999999999999,0.24698178070456434,-0.1696348103508365,-13.5645,166.4836,5.0
17.470292777777775,5.209999999999999,0.24698178070456434,-0.4178858791139594,-2.7221,122.0453,5.0
15.445525833333333,5.25,0.2758824226207807,-0.1614623851671545,-59.5508,-26.274,5.6
7.1527722222222225,5.2299999999999995,0.2869378562220957,-0.4178858791139594,-23.318,171.5452,5.0
0.03278277777777778,5.340000000000001,0.4141926551202482,-0.4178858791139594,-43.3059,41.7226,6.2
0.14197583333333333,5.46,0.4742245131674463,-0.3583056226108099,-28.9579,-176.8653,6.2
1.2717177777777777,5.41,0.4724639903973971,-0.26591650485992613,24.0165,121.5423,5.2
3.9326880555555555,5.42,0.4638007234913732,-0.4178858791139594,-29.2094,-176.903,5.1
2.0779022222222223,5.4,0.46904157598235247,-0.21435972289920074,-29.1112,-177.0322,5.2
1.5836811111111113,5.44,0.4948624949305618,-0.31153512125583754,34.1381,86.3128,5.9
1.8480647222222224,5.46,0.478887599895159,-0.4178858791139594,28.9087,131.0686,5.2
8.259742777777777,5.470000000000001,0.4691600058733953,0.45560040139321434,-21.3526,-68.6663,5.1
0.1435611111111111,5.41,0.4886489310105849,-0.15932742597579166,-1.6626,134.5006,5.0
14.427859722222221,5.41,0.4886489310105849,-0.4178858791139594,23.7136,121.6602,5.0
2.2285577777777776,5.3,0.4082482904638665,-0.4178858791139594,-29.2299,-176.8992,5.1
14.990226111111111,5.2,0.2581988897471546,-0.4178858791139594,-9.3077,156.4715,5.2
2.852238611111111,5.25,0.30276503540974853,-0.4278159218644843,37.4476,137.2681,5.7
0.20038555555555557,5.24,0.3098386676965918,-0.03156749594753803,-2.9237,138.8345,5.0
8.9696375,5.3100000000000005,0.37252889522529786,-0.4178858791139594,29.6352,-42.82,5.9
0.8935252777777777,5.2299999999999995,0.3128720008068593,-0.1696348103508365,-22.6263,171.7129,5.1
0.10553416666666667,5.21,0.32128215360056883,-0.13156302644532394,-30.2738,-177.8612,5.0
11.174330277777777,5.21,0.32128215360056883,-0.4178858791139594,-18.1046,-173.0474,5.1
15.130068333333334,5.26,0.3238655413730968,5.473668065028977,-17.9343,-178.5016,5.5
4.987693611111111,5.3,0.3126943839882327,-0.4178858791139594,-22.9323,-114.0795,5.4
3.5611752777777776,5.34,0.3098386676966011,-0.4178858791139594,-37.329,-94.6408,5.5
7.716988611111111,5.340000000000001,0.3098386676966011,0.2536630520185396,-4.1233,143.0423,5.2
0.07392750000000001,5.32,0.28982753492379504,-0.32851549435923516,-3.6756,100.6221,5.5
3.987345,5.32,0.28982753492379504,-0.4178858791139594,-3.5702,100.7411,5.0
2.378551111111111,5.24,0.2118699810942738,-0.4178858791139594,-13.711,14.249,5.1
1.9474241666666667,5.279999999999999,0.22010098692292535,-0.41052771743582045,-59.669,-29.5886,5.5
0.6163630555555556,5.29,0.20789954839350688,0.1287729043451878,0.4195,98.5655,5.1
23.860929444444444,5.369999999999999,0.2710063549890499,5.63564692237554,50.1126,147.684,5.9
2.12892,5.319999999999999,0.289827534923795,-0.40828352777420185,-9.0052,116.8448,5.0
9.624090833333334,5.32,0.289827534923795,-0.1696348103508365,-55.1574,-29.1201,5.4
0.09460777777777779,5.34,0.3098386676966011,-0.1696348103508365,-55.2762,-29.1789,5.7
5.5678608333333335,5.319999999999999,0.32591750830881405,-0.3353870839425984,-55.1752,-28.8667,5.0
11.97101027777778,5.3,0.3197221015541852,-0.12773002994362137,-2.994,139.2269,5.3
0.43604777777777776,5.319999999999999,0.30477678535100494,-0.4178858791139594,-54.0047,-2.5375,5.2
0.10460222222222222,5.35,0.29533408577783166,-0.4178858791139594,-54.0569,-2.4625,5.4
2.3545016666666667,5.3100000000000005,0.2998147576235899,1.4900923950573992,-17.9122,-175.025,5.1
38.346693888888886,5.3,0.3091206165165274,-0.4178858791139594,-54.1827,-133.8164,5.0
0.04121888888888889,5.28,0.26997942308422346,-0.4178858791139594,-54.4006,-133.0913,5.7
0.12934305555555556,5.4,0.3771236166328367,-0.4178858791139594,-53.8559,-133.9509,6.2
0.36845944444444445,5.369999999999999,0.38887301554907233,-0.4178858791139594,-53.8417,-134.0696,5.1
1.1629475,5.3,0.38586123009301093,-0.4178858791139594,-53.9214,-134.1183,5.0
5.015495,5.37,0.38887301554907233,0.724069037196406,-5.4569,154.0688,5.7
11.260140277777777,5.34,0.4060651288757678,-0.4178858791139594,-18.7431,65.1681,5.0
0.09078138888888888,5.340000000000001,0.4060651288757678,0.8532390332952342,-12.7631,166.741,5.2
18.75065388888889,5.3,0.41899350299922095,-0.4178858791139594,-9.0299,-108.8113,5.0
4.274290555555556,5.3,0.41899350299922095,-0.4178858791139594,-20.1268,168.6915,5.1
0.08928583333333333,5.32,0.40770359603788886,-0.4178858791139594,-20.1774,168.518,5.2
4.034253333333333,5.2700000000000005,0.38600518131237677,-0.4188788833890119,9.4523,119.739,5.2
4.182103888888889,5.159999999999999,0.2065591117977155,0.7147447270536632,-5.2539,151.1864,5.1
0.4793733333333333,5.17,0.20575065816013413,0.6915977974021895,-5.284,151.2803,5.2
3.8344002777777777,5.19,0.1969207398365494,-0.4178858791139594,-18.6122,-172.8687,5.2
10.959549444444443,5.1899999999999995,0.1969207398365494,-0.4178858791139594,8.3358,-103.3322,5.7
14.590345277777779,5.2700000000000005,0.2626785107312755,-0.12991463934873684,4.3762,126.4544,5.8
11.201495277777779,5.25,0.27588242262078017,-0.4178858791139594,-18.936,-172.7715,5.0
6.160905833333333,5.26,0.26749870196985215,-0.34489013485485076,12.644,144.2593,5.1
6.830090833333333,5.26,0.26749870196985215,0.7202161806092022,-22.7636,-176.6699,5.1
5.565550833333333,5.24,0.2796823595120387,-0.4178858791139594,-8.7048,-76.0219,5.0
5.666344166666667,5.3100000000000005,0.3478505426185265,-0.4178858791139594,-30.9404,-13.4721,5.9
5.022926111111111,5.33,0.34009802508493214,-0.4178858791139594,-31.2116,-13.4498,5.3
0.022435,5.35,0.33747427885528486,-0.4178858791139594,-31.1665,-13.577,5.4
0.35719833333333334,5.33,0.35292429153511107,-0.4178858791139594,-31.1918,-13.3419,5.0
0.016096944444444445,5.35,0.3807886552932029,-0.4178858791139594,-31.1899,-13.3185,5.9
5.649465277777778,5.290000000000001,0.34785054261852494,-0.4178858791139594,-51.4579,139.3475,5.2
0.119005,5.290000000000001,0.34785054261852494,-0.4178858791139594,-51.5353,139.4703,5.0
21.503431944444444,5.340000000000001,0.35339622081863575,-0.062499579115423164,3.1837,127.2673,5.6
4.709520277777778,5.37,0.34334951418182563,0.2989539770036837,-55.8444,-28.2852,5.4
0.7874255555555556,5.42,0.31902629637349234,-0.4178858791139594,-40.5687,78.1155,5.5
5.831375833333333,5.430000000000001,0.3368151487751918,-0.4404568662859025,-60.9499,154.3353,6.0
14.326812777777777,5.5,0.37712361663284405,-0.24907515235503583,-15.8557,-74.4353,6.0
17.883280833333334,5.49,0.3813717929323798,-0.4178858791139594,-3.1288,148.546,5.3
5.410475833333333,5.55,0.34075080500437277,-0.44767600736553415,-19.0015,-172.7677,5.6
0.07624222222222221,5.5200000000000005,0.31902629637350116,0.04882613016071166,-11.4519,166.2329,5.6
6.670538611111111,5.52,0.31902629637350116,0.549141404103159,-6.3624,146.3118,5.2
4.336391111111111,5.52,0.31902629637350116,-0.4178858791139594,17.5494,-105.0575,5.0
1.2,5.51,0.3178049716414371,0.5376622746835522,-3.8928,-76.671,5.5
4.3086722222222225,5.55,0.32744804507316755,0.3467274126764592,-16.5443,-173.5952,5.8
3.1792016666666667,5.51,0.35730472522299694,-0.054813726026516865,-31.7154,-178.4793,5.1
11.852158333333332,5.409999999999999,0.34464152068168835,0.512211575113957,-18.908,168.8633,5.0
12.423891666666668,5.34,0.275680975041813,-0.4285606750707737,-56.6485,-25.4515,5.3
25.469078055555556,5.3100000000000005,0.2960855732160377,-0.4178858791139594,40.1118,77.7976,5.0
12.585707222222222,5.25,0.2915475947422638,0.24823131863400255,-3.5436,139.8835,5.0
19.052222500000003,5.1899999999999995,0.2726414006223724,-0.3721878223760437,-19.3856,175.2107,5.0
1.645645277777778,5.220000000000001,0.28982753492378444,-0.4178858791139594,0.769,-26.1428,5.5
3.683384444444444,5.24,0.2796823595120381,-0.4178858791139594,-17.5345,-172.8417,5.2
0.12907694444444445,5.2,0.2666666666666596,-0.4178858791139594,13.937,124.9953,5.1
20.08074583333333,5.14,0.1646545204696901,-0.28228121531279116,-15.8742,-74.4656,5.2
7.187110277777778,5.23,0.316403399335578,0.24742698517120998,10.6921,-62.6868,6.0
3.794630277777778,5.25,0.30641293851416956,0.7244066586499239,53.5035,158.754,5.2
1.3869433333333334,5.22,0.3155242550986422,-0.4178858791139594,-17.3413,-176.6228,5.0
5.304668888888889,5.22,0.3155242550986422,-0.2759557780807068,23.7895,121.6388,5.0
2.8188316666666666,5.25,0.30641293851416956,-0.3678781838223159,16.6693,-99.4449,5.3
14.788943888888888,5.38,0.4366539438350169,0.962390063209004,-14.6255,167.2426,6.3
1.856438888888889,5.369999999999999,0.434741302385691,0.35353942200331934,-7.0643,129.9588,5.4
3.6851366666666667,5.36,0.4402019738458518,5.351856230608288,-21.961,-179.5302,5.1
14.925454166666666,5.35,0.4478342947514864,-0.4178858791139594,-63.7848,-165.7773,5.0
2.2319186111111113,5.34,0.45264653858048437,-0.4178858791139594,-20.8857,-173.8392,5.1
1.5868272222222224,5.25,0.39228674319799367,-0.4178858791139594,-54.3163,-56.9563,5.1
0.1704427777777778,5.2700000000000005,0.3945461527713426,-0.17238543219273192,33.4839,141.3336,5.4
16.88717972222222,5.33,0.394546152771347,-0.4178858791139594,8.0633,90.4103,5.6
11.560522222222222,5.34,0.38643671323172485,1.4589021307780001,-13.2293,167.0887,5.1
21.73702722222222,5.31,0.4012480529547816,-0.08050274662212487,-6.3887,149.3223,5.0
4.338425,5.21,0.20248456731315906,-0.4178858791139594,-19.6149,66.8541,5.3
1.5911597222222222,5.26,0.2951459149490492,-0.229215066853986,-33.4081,-179.2724,5.9
12.979334166666668,5.470000000000001,0.673382836464115,-0.2788652806066106,-15.8277,-74.454,7.2
0.9919372222222222,5.470000000000001,0.673382836464115,-0.4178858791139594,-30.0108,-176.3126,5.0
6.4088038888888885,5.529999999999999,0.6634087059355848,-0.4178858791139594,-20.649,-175.6315,5.7
4.268202777777778,5.52,0.6713171133426303,-0.4178858791139594,10.1256,93.6765,5.0
13.549112777777777,5.4799999999999995,0.6908931417616955,-0.09631137468096052,43.3709,147.0237,5.0
0.2641525,5.529999999999999,0.7180993431738275,-0.3384455371097601,-16.0485,-74.556,6.1
0.28734138888888894,5.5600000000000005,0.7042726744663729,-0.30064186435851176,-15.9911,-74.5613,5.4
3.796051111111111,5.5600000000000005,0.7042726744663729,0.4895214274290074,52.264,-175.1645,5.0
5.470402222222222,5.59,0.6983313444681443,-0.4178858791139594,-54.0633,7.2302,5.6
23.46189361111111,5.5200000000000005,0.6988880056521642,-0.3158348297668148,-9.3734,107.4144,5.2
2.2808366666666666,5.319999999999999,0.37653389990515024,5.366443463408809,18.9993,144.9393,5.2
8.245504444444444,5.33,0.3683295625749733,-0.4178858791139594,-62.6261,165.4224,5.1
2.56715,5.26,0.3565264521898925,-0.24795305752422653,14.9166,147.0697,5.0
5.071292777777777,5.26,0.3565264521898925,-0.22043690906252197,-5.5259,153.5664,5.0
12.475423333333334,5.29,0.3446415206816788,4.241190879004826,26.9177,140.3011,5.3
16.798095555555555,5.18,0.2043961295567361,0.1144041324851782,10.0697,126.1126,5.0
10.793193888888888,5.14,0.1955050439815206,-0.4178858791139594,44.0682,156.5177,5.0
4.951501944444444,5.16,0.18973665961009004,-0.4178858791139594,-53.9988,-2.4248,5.2
4.449721666666666,5.13,0.12516655570343152,-0.4178858791139594,26.6717,-111.0789,5.3
6.602269166666667,5.14,0.1349897115420887,0.4700088934242261,-22.9612,-68.6403,5.3
5.004910277777777,5.14,0.1349897115420887,-0.4178858791139594,-34.3912,-178.5225,5.2
0.11915388888888889,5.14,0.1349897115420887,-0.4178858791139594,-25.421,-176.0779,5.1
0.8243597222222223,5.16,0.12649110640671613,-0.4178858791139594,19.6475,-109.382,5.2
2.916853611111111,5.17,0.11595018087282218,-0.04445669143771939,35.0839,140.3095,5.1
13.044053888888888,5.21,0.20248456731316092,-0.4178858791139594,48.6536,-129.0074,5.7
24.315590277777776,5.24,0.1897366596101018,-0.4178858791139594,48.5948,-129.0625,5.3
1.666225,5.25,0.1779513042005224,1.7900789865507567,44.37,142.3255,5.1
16.257583611111112,5.279999999999999,0.19321835661586398,-0.36823566536133484,19.2455,121.2112,5.5
5.526218333333333,5.25,0.2121320343559647,0.22105279162581576,12.2671,124.6255,5.0
1.4149927777777778,5.22,0.22509257354845183,0.01278007497630619,7.6717,127.0054,5.0
18.493064444444446,5.25,0.24152294576982447,0.009105959158611995,55.5772,162.1534,5.5
8.093938611111112,5.36,0.3777124126457498,4.904617035167396,26.8957,138.8289,6.2
0.24375416666666666,5.39,0.37549966711038263,0.21800426850140472,55.6433,162.0058,5.5
13.6510725,5.409999999999999,0.36347092196091885,-0.2522825561634554,8.4598,-82.676,5.3
4.144008611111111,5.37,0.34976182372200126,-0.2935319537491359,-15.9505,-74.8667,5.3
1.0534205555555556,5.36,0.3533962208186376,-0.4178858791139594,48.671,-128.9811,5.2
4.444918333333334,5.390000000000001,0.341402336775195,-0.38323002991462746,-15.9583,-74.8947,5.4
8.587155277777777,5.340000000000001,0.3596294389136386,-0.4178858791139594,-27.6559,-13.3948,5.0
11.331245000000001,5.36,0.34383458555274593,-0.3634990349693344,-20.4243,-174.225,5.2
6.8704075,5.36,0.34383458555274593,-0.4178858791139594,76.7414,7.5307,5.0
6.582208333333334,5.470000000000001,0.522919156700591,-0.47746613561710893,-53.3092,25.3481,6.6
10.616915,5.39,0.4557045826702587,-0.4278159218644843,-5.4067,101.0211,5.4
4.2707886111111115,5.35,0.462481230850393,-0.4178858791139594,-46.8982,-10.6457,5.1
0.22122444444444445,5.32,0.4756282395129899,-0.4178858791139594,-46.9658,-10.5808,5.0
3.8296527777777776,5.29,0.4863697724525627,-0.4178858791139594,-60.3266,-26.602,5.0
2.354976111111111,5.48,0.7480344614759193,5.833105822469728,6.0838,123.1503,7.1
7.237739166666667,5.48,0.7480344614759193,-0.4178858791139594,12.3205,144.1514,5.4
5.686867500000001,5.619999999999999,0.7786027371016901,-0.4178858791139594,48.7877,-128.7103,6.4
1.1427522222222224,5.62,0.7786027371016901,-0.4178858791139594,48.8878,-128.4827,5.2
8.03905111111111,5.7,0.7483314773548057,-0.4178858791139594,-4.6345,-104.8692,5.8
1.5241794444444445,5.54,0.7042726744663722,-0.4178858791139594,14.4708,55.7452,5.0
2.079368888888889,5.5,0.7241853660800243,-0.4178858791139594,-15.052,-173.3111,5.0
0.9661511111111111,5.5,0.7241853660800243,-0.4178858791139594,54.788,167.9407,5.1
4.610884444444444,5.58,0.7067924416372706,-0.2887953233571355,-15.5516,-74.8003,5.8
1.058081111111111,5.58,0.7067924416372706,-0.4178858791139594,1.2947,126.3177,5.0
6.646713888888889,5.42,0.46380072349137264,-0.4046590621702602,-3.8172,151.3842,5.5
1.1045702777777777,5.4399999999999995,0.46714261443614097,1.2305012174731766,-17.375,-69.4062,5.6
0.9853272222222222,5.32,0.3259175083088138,-0.4178858791139594,-3.7498,151.3518,5.2
4.009701944444444,5.33,0.32335051500741363,-0.4178858791139594,25.0886,128.1823,5.3
18.53912833333333,5.3100000000000005,0.2960855732160375,-0.22584878236155806,-27.7665,-176.6464,5.6
3.7143838888888885,5.35,0.27588242262079027,-0.4178858791139594,8.1564,-82.7179,5.4
0.2455511111111111,5.36,0.2633122354417644,-0.4178858791139594,-12.2114,-72.7509,5.1
21.185179166666668,5.369999999999999,0.25407785333547267,-0.4178858791139594,-48.7017,106.8066,5.2
2.5576986111111113,5.29,0.22827858224352285,-0.4178858791139594,30.4091,69.3062,5.0
7.437184166666667,5.29,0.22827858224352285,-0.4178858791139594,-14.7824,-173.3652,5.0
3.271587777777778,5.26,0.2170509412813293,-0.03532105210723645,-4.0072,142.9594,5.2
9.407924444444443,5.2700000000000005,0.23593784492248646,-0.4278159218644843,-16.3707,-172.5116,5.7
0.6947230555555556,5.279999999999999,0.23475755815545601,-0.4178858791139594,-16.4274,-172.4405,5.3
12.245473611111112,5.2700000000000005,0.23593784492248646,-0.4178858791139594,29.2907,142.4657,5.2
5.883671111111111,5.22,0.20976176963402465,2.187816918880282,-19.1339,169.5487,5.1
11.163567222222222,5.21,0.20248456731315848,-0.03682048856256574,1.2023,126.1216,5.3
30.00619111111111,5.209999999999999,0.20248456731315848,-0.017029913360769564,8.6935,126.6749,5.1
5.4607858333333334,5.25,0.23687784005919693,0.3864475836785588,33.578,140.3234,5.6
3.8968844444444444,5.28,0.22010098692292496,-0.4178858791139594,-5.1622,101.0511,5.3
10.823673888888889,5.5200000000000005,0.6892830413633622,0.7468187651378585,-23.0791,-67.8404,7.4
0.41770138888888886,5.5,0.7023769168568593,0.7856253722069101,-23.1775,-67.9065,5.0
0.9653113888888889,5.529999999999999,0.7180993431738276,-0.11033259504470169,52.0859,-170.9116,6.0
10.37113388888889,5.5,0.734846922834963,-0.3064509393675688,0.7348,126.0494,5.0
0.9240433333333333,5.4799999999999995,0.746547609555711,-0.4178858791139594,1.5195,127.7706,5.0
0.07897027777777778,5.48,0.746547609555711,-0.43626638824518105,1.5763,127.7664,5.1
9.966015277777778,5.45,0.7604823031033296,0.21318819776740014,-21.7463,170.2985,5.0
0.4591619444444444,5.470000000000001,0.7528464503321978,0.03828042475965422,-55.8686,-27.0578,5.3
11.055511666666666,5.42,0.7598245411496939,-0.4178858791139594,0.1,96.4867,5.1
14.812245,5.51,0.7964504588066657,2.183785321523569,14.6445,-89.9316,6.2
1.1272277777777777,5.3,0.4396968652757666,-0.4178858791139594,34.8732,23.2416,5.3
0.4335658333333333,5.33,0.42700507413066824,-0.32396753477949475,42.7004,145.5767,5.3
6.035513055555556,5.25,0.35668224265054416,-0.4178858791139594,-56.6031,-141.7636,5.2
8.121425555555556,5.26,0.3502380143083653,-0.4178858791139594,-39.7533,121.1451,5.1
5.5446325,5.31,0.3446415206816799,1.8858840390078213,-19.2322,169.5925,5.5
4.9107522222222215,5.319999999999999,0.3392802839999912,-0.4178858791139594,-15.473,168.1476,5.2
0.004336666666666667,5.43,0.3973523485382949,-0.47746613561710893,-15.5073,168.1241,6.1
1.0647858333333333,5.4,0.41899350299922733,-0.4178858791139594,-15.543,168.0193,5.0
0.7602088888888888,5.409999999999999,0.41217579852400044,0.04416894011071546,-56.0256,-27.2919,5.2
3.347176111111111,5.290000000000001,0.32128215360057555,0.2132477780239033,-22.5381,171.286,5.0
4.392087777777777,5.26,0.3339993346633425,-0.41115331012910356,-15.5975,168.1951,5.0
0.14941694444444442,5.2299999999999995,0.3433495141818131,0.11764132642184932,-5.3334,131.1812,5.0
4.538359722222222,5.279999999999999,0.37357135269658537,-0.44767600736553415,8.22,-82.8075,5.7
0.97204,5.33,0.38020462326957494,-0.44767600736553415,8.2256,-82.7686,5.6
27.61904277777778,5.3,0.3771236166328282,-0.4178858791139594,26.3142,104.7659,5.2
0.4516261111111111,5.3,0.3771236166328282,-0.06552824215433325,-2.9716,139.2043,5.2
7.781362499999999,5.21,0.25144029554194214,-0.1696348103508365,-10.0576,123.7239,5.2
4.563871111111111,5.220000000000001,0.24404006956963667,1.005595679216538,-6.5121,130.0446,5.1
17.650336111111113,5.27,0.2869378562220988,-0.4178858791139594,-29.9482,-177.0884,5.7
8.724375555555556,5.33,0.2869378562221048,-0.4178858791139594,-60.7956,-25.3696,5.6
2.104859444444444,5.359999999999999,0.26331223544176424,-0.4178858791139594,-6.1464,102.8461,5.3
3.3442594444444445,5.409999999999999,0.23309511649397996,0.9128590099693857,-7.3691,128.681,5.5
13.552585555555554,5.34,0.24129281427806093,-0.3129153971981605,-20.9593,-174.327,5.0
4.383995,5.29,0.23309511649396475,-0.4844578787177535,32.766,-100.659,5.1
20.029724722222223,5.3,0.23094010767585518,-0.173011024886015,17.0905,-99.8798,5.3
3.4789783333333335,5.3,0.23094010767585518,-0.4178858791139594,-55.0025,-32.4742,5.2
14.603361666666666,5.29,0.23781411975649647,-0.4369714212804683,14.7842,108.2285,5.1
5.63622,5.31,0.22827858224352535,-0.4178858791139594,39.5239,143.6639,5.3
1.119396111111111,5.26,0.18378731669453605,0.9396800554385535,-6.2708,130.0296,5.2
2.9864711111111113,5.209999999999999,0.14491376746188384,-0.4178858791139594,14.806,146.8865,5.1
7.8900958333333335,5.220000000000001,0.15491933384828888,-0.4178858791139594,-37.1279,52.2545,5.4
0.5124222222222222,5.17,0.1337493509849053,-0.4178858791139594,-30.11,-177.2897,5.0
13.455448333333333,5.24,0.20110804171997523,5.2521685314357685,-17.5624,-178.4551,5.7
0.9331102777777778,5.33,0.30568684048295064,-0.4278159218644843,-20.3812,-173.9806,6.0
3.305423888888889,5.32,0.3084008934992163,0.13962644107151156,32.0876,131.4191,5.2
4.391349444444445,5.32,0.3084008934992163,-0.30434577030445753,-22.3683,170.8606,5.2
20.93486777777778,5.319999999999999,0.3084008934992163,-0.4178858791139594,78.3248,-19.5989,5.1
10.441935277777777,5.3,0.31622776601684205,-0.4178858791139594,-9.1486,-109.7407,5.1
0.7871041666666666,5.31,0.31428932176862295,-0.1696348103508365,-55.2698,-29.0877,5.3
9.923285,5.3100000000000005,0.31428932176862295,-0.2754890660714321,-33.7362,-179.2513,5.1
0.3969488888888889,5.34,0.33730961708463475,5.502514839219252,-17.6696,179.9548,5.7
8.855720277777777,5.34,0.33730961708463475,-0.4178858791139594,4.9846,-82.6236,5.0
9.897329166666667,5.33,0.32676869155073945,-0.3649587512536616,54.1057,-159.6959,5.6
4.532875555555556,5.23,0.24060109910157693,-0.4178858791139594,-36.9181,-96.6394,5.0
5.135583333333333,5.22,0.2440400695696362,-0.21935453440271477,39.3949,16.7478,5.1
10.896413611111111,5.199999999999999,0.2538591035287891,1.7029428614149007,-20.8795,-176.8203,5.0
0.31736833333333336,5.220000000000001,0.252982212813465,-0.4178858791139594,-41.5136,88.0938,5.3
12.193665555555556,5.21,0.2601281735350158,-0.4178858791139594,-8.2589,156.3799,5.0
1.3370802777777777,5.1899999999999995,0.26012817353501333,-0.4178858791139594,12.6019,146.4126,5.1
1.916978611111111,5.36,0.56803755744376,-0.19942493860241126,8.1851,126.6161,6.8
0.1369327777777778,5.319999999999999,0.5553777493242308,0.24722838431619953,8.1185,126.7173,5.3
0.08481833333333333,5.319999999999999,0.5553777493242308,-0.062499579115423164,7.9719,126.906,5.0
3.0163625,5.279999999999999,0.5473166867139688,0.017437265026302388,8.0629,126.7996,5.2
0.017299444444444444,5.31,0.5384133067531782,0.3137199505737144,8.0161,126.7417,5.3
2.7013797222222222,5.430000000000001,0.6147266781984492,-0.36823566536133484,8.2038,126.8354,6.3
0.9688397222222221,5.430000000000001,0.6147266781984492,-0.07709674195869477,-27.8521,-176.9286,5.0
24.40832861111111,5.45,0.6132789830991464,-0.4178858791139594,-0.1588,-18.3132,5.5
13.209929444444445,5.45,0.6132789830991464,-0.4178858791139594,3.89,63.3234,5.0
7.5681825,5.48,0.6014796569941429,0.5928335922054687,-56.1433,-27.8604,5.4
10.237893055555556,5.3,0.3972125095937696,-0.29236020870457397,-6.5383,103.4144,5.0
6.3158586111111115,5.3100000000000005,0.3984692933938337,0.8730196784542797,16.8275,-93.9356,5.4
10.607423333333333,5.33,0.38600518131238165,-0.15364744152249138,7.756,127.1076,5.2
1.6536702777777776,5.3100000000000005,0.3984692933938337,0.07246956194971149,13.3852,-89.8134,5.0
1.681834722222222,5.32,0.3994440581052115,0.6401005956979673,-15.1845,167.2572,5.4
12.387870000000001,5.25,0.2368778400591972,1.5581926282404992,-24.3743,-177.6541,5.6
6.785223888888889,5.272,0.2207462092288105,-0.4019978107131195,35.109,-119.097,5.22
4.232054444444445,5.2219999999999995,0.21998989875799588,-0.4178858791139594,34.6784,24.897,5.0
4.241832777777778,5.232,0.21086067016449653,-0.02639394367451461,11.5337,-86.8604,5.1
12.891501944444444,5.202,0.20557777657669773,1.4684548319040052,-21.2007,-66.7842,5.1
2.5331133333333336,5.202,0.20557777657669773,4.070513304208804,-20.4552,-177.6044,5.0
3.651065833333333,5.372,0.6372301171650863,-0.2788652806066106,31.7599,131.5021,7.1
5.105797222222222,5.372,0.6372301171650863,1.405001858728151,42.0164,139.5219,5.2
1.4677472222222223,5.372,0.6372301171650863,0.3178011981441801,-59.5587,-26.278,5.0
5.103230555555556,5.362,0.637526470038701,-0.33649924873065723,31.8192,131.3023,5.3
10.312815277777778,5.302,0.6408640001331557,-0.24834032919149698,-30.3918,-177.7306,5.0
5.2560025,5.279999999999999,0.647731082746194,-0.21655426234706673,35.4116,139.3122,5.0
0.21842416666666667,5.34,0.6467010300148187,5.310209631312587,-21.6492,-179.3848,5.6
1.204515,5.42,0.662989860824105,-0.19942493860241126,-30.3896,-177.6027,5.9
4.293208055555556,5.42,0.662989860824105,0.23218436954915428,-9.1202,120.5383,5.1
10.798669722222224,5.57,0.7242620765686798,3.476339266188395,47.223,144.7915,6.5
4.521658611111111,5.36,0.5015531433014475,-0.4178858791139594,-58.8196,158.402,5.0
6.569853888888888,5.34,0.5125101625008739,-0.4178858791139594,-23.0389,170.5953,5.0
45.03656,5.34,0.5125101625008739,0.02012830661169465,2.3936,126.52,5.0
9.329492777777778,5.33,0.5143496432929261,-0.44487573530988617,35.1208,37.0152,5.2
14.874881944444443,5.34,0.5081557066709256,-0.4178858791139594,-6.4588,154.1544,5.1
15.116269444444445,5.36,0.4971027168615335,-0.4178858791139594,-15.8292,-75.0972,5.2
6.327730833333333,5.3,0.5011098792790998,-0.12211955578957481,-6.5957,104.3954,5.0
7.525761388888889,5.21,0.4605552204797032,-0.43252276212823315,-9.3438,107.7159,5.0
1.149713888888889,5.2,0.46427960923946665,-0.3263110248686186,-7.6359,106.0795,5.0
15.185018888888889,5.09,0.13703203194059027,-0.40251417293614683,24.3711,121.9259,5.4
3.105838888888889,5.1,0.13333333333329508,-0.1696348103508365,-5.3315,152.1423,5.1
1.0020155555555554,5.12,0.13165611772084285,-0.4178858791139594,-6.9993,147.0933,5.2
10.377776666666666,5.2299999999999995,0.3301514803843807,-0.37816570811185973,23.7491,121.7669,6.1
19.85993111111111,5.209999999999999,0.3381321240777489,-0.187767068413295,-56.4324,-25.7452,5.0
6.557025555555556,5.220000000000001,0.33598941782277364,1.2020019947791702,53.5699,158.1563,5.2
1.4725616666666665,5.25,0.3472111109333268,0.7006440663479178,-21.8305,-176.201,5.5
3.0481555555555557,5.2700000000000005,0.33681514877517776,-0.4178858791139594,32.4687,142.3781,5.2
5.072256666666666,5.3,0.32317865716109256,5.63546818160603,-20.9512,-179.1893,5.3
7.565868611111111,5.5,0.6091888960832477,-0.229215066853986,52.9308,160.1331,7.0
0.18673472222222223,5.46,0.6292853089021008,-0.1696348103508365,52.8657,160.1627,5.0
0.30637055555555553,5.46,0.6292853089021008,0.04957088336700106,53.0144,160.0188,5.1
1.2132141666666667,5.44,0.6415259585983771,2.8387312211771905,-6.6591,128.0377,5.0
0.6459024999999999,5.33,0.6092800852007445,5.05338893565576,-23.1057,179.3313,5.0
0.9259969444444445,5.35,0.6004627844883986,-0.1696348103508365,52.8622,160.1796,5.2
7.109489722222222,5.33,0.6092800852007445,-0.4178858791139594,-41.2479,-89.5121,5.0
17.971603055555555,5.3,0.6073622386096219,-0.39916774852922,-37.0845,-73.8602,5.2
4.116869444444444,5.35,0.618690373109024,-0.040544254594012584,12.7182,124.7335,5.7
16.055970277777778,5.32,0.6285786435372385,-0.4178858791139594,8.1799,127.0848,5.0
5.559034722222223,5.13,0.21628170930009105,-0.37741102486281985,34.1613,74.2677,5.1
7.140868888888889,5.14,0.2118699810942571,0.3919289672768486,44.172,147.4677,5.1
6.764644722222223,5.13,0.21628170930009105,-0.4178858791139594,-11.3383,162.4637,5.0
14.994279722222222,5.13,0.21628170930009105,-0.4178858791139594,-16.5713,-14.5847,5.0
0.7566727777777777,5.18,0.23944379994756165,2.046691151309822,-22.1451,-65.8771,5.5
1.1930647222222224,5.17,0.24060109910156857,5.231494182429175,-22.2008,-179.4459,5.1
15.394824444444446,5.220000000000001,0.25298221281346484,-0.2192850241034611,52.8825,160.1271,5.5
0.12391333333333333,5.209999999999999,0.25582111805799185,-0.4178858791139594,40.929,83.9936,5.1
11.652661666666667,5.1499999999999995,0.19002923751650366,0.46788386427561357,-6.991,129.6463,5.1
7.249537222222222,5.16,0.18378731669451806,-0.4178858791139594,-3.6804,151.9429,5.1
0.17183861111111112,5.16,0.18378731669451806,-0.4178858791139594,-7.6284,125.8773,5.1
10.047313055555556,5.2,0.2108185106778822,-0.4178858791139594,-53.0211,21.0651,5.5
0.060894444444444445,5.24,0.2065591117977253,-0.4178858791139594,-52.9221,21.0439,5.4
0.2984288888888889,5.27,0.18885620632287173,-0.21688195375783403,52.7945,161.0424,5.3
35.79378166666667,5.22,0.18737959096739523,-0.3988698472467042,-4.5066,102.0653,5.0
2.9422025,5.209999999999999,0.19692073983655042,5.679646941803115,-20.7886,-179.0947,5.0
19.736226388888888,5.159999999999999,0.1776388345929712,0.6259502847784693,-5.8892,147.1328,5.0
7.8989730555555555,5.340000000000001,0.5758086101783826,0.4360977974311834,-19.8125,-175.0711,6.9
0.029010277777777777,5.430000000000001,0.6037843618011038,0.46866833765290516,-19.7667,-174.9814,6.0
0.11843138888888889,5.45,0.5948856099191683,0.4808624301505497,-19.8502,-175.2398,5.3
0.651633888888889,5.47,0.5850925852660812,-0.1696348103508365,1.0961,126.4084,5.3
3.909183611111111,5.42,0.6033241251599426,-0.4517870450642515,38.0222,-9.5047,5.0
0.9519183333333333,5.46,0.6149977416399468,-0.4178858791139594,7.4653,-82.2687,5.8
7.815756666666666,5.470000000000001,0.6129165250396499,0.027387167862328376,-8.7602,110.259,5.4
2.8672638888888886,5.48,0.6051629716218896,-0.1154763571894736,54.5854,-159.7654,5.1
0.5351308333333333,5.48,0.6051629716218896,0.06355238355974008,-44.8712,-73.7141,5.0
9.891251111111112,5.5600000000000005,0.5872724145478891,0.2573570279217349,-7.1565,129.4461,5.8
10.770518611111111,5.369999999999999,0.3743141876968035,-0.41570126970884397,12.5355,123.5062,5.0
9.692667777777778,5.27,0.3164033993355817,0.09750319972378481,-34.4151,179.8618,5.0
17.781130555555556,5.25,0.3205897343611879,0.027317657563074724,34.9142,24.2038,5.1
5.46594,5.33,0.41912607490666925,-0.25545023980087284,13.0471,-89.583,6.1
7.9792483333333335,5.35,0.40620192023180474,1.6842843110866643,36.5209,71.2507,5.2
14.379389444444445,5.31,0.3754996671103757,-0.4178858791139594,-62.8479,-158.0776,5.4
8.082480555555556,5.37,0.43474130238569103,-0.25900519510556075,53.0016,160.3787,6.0
5.133298611111111,5.42,0.42895221179055604,-0.4178858791139594,53.015,-33.1749,5.6
11.886535277777778,5.43,0.41912607490667697,-0.4178858791139594,5.3837,-82.5537,5.1
11.470643055555556,5.35,0.4169998667732334,-0.021289901700744775,-3.4079,139.7218,5.0
4.183134444444445,5.35,0.4169998667732334,-0.24631460047038992,-29.863,-71.6748,5.0
11.744037500000001,5.35,0.4169998667732334,-0.4178858791139594,4.8108,125.3428,5.0
0.06342722222222222,5.38,0.4077035960378933,-0.12247703732859365,-57.9294,-25.6883,5.4
2.826305555555556,5.29,0.32128215360057594,-0.4178858791139594,8.1965,91.7229,5.2
3.924989722222222,5.290000000000001,0.32128215360057594,0.4470506345850123,-5.8799,149.5469,5.2
8.878810277777777,5.26,0.3238655413730965,-0.070989765667122,-22.6067,172.809,5.1
3.4728330555555558,5.159999999999999,0.20110804171996272,-0.051139610208822676,3.7986,126.5018,5.0
0.23576805555555555,5.24,0.4273952113286548,-0.12991463934873684,-6.8295,155.5297,6.4
7.051546388888888,5.26,0.4247875285886398,-0.4178858791139594,-36.2422,-100.5424,5.3
5.162673611111111,5.26,0.4247875285886398,-0.1435485880452075,23.861,121.669,5.0
16.920811944444445,5.29,0.41486276177925746,-0.4178858791139594,-45.5961,-76.6765,5.3
15.159690277777779,5.3,0.40824829046386596,-0.4178858791139594,64.5882,-17.3212,5.1
6.758133611111111,5.29,0.40674862562084485,-0.35021263776913214,14.864,122.5951,5.3
0.6504530555555555,5.27,0.41646661864361356,-0.4178858791139594,14.8504,122.5404,5.0
1.3886783333333335,5.25,0.42491829279939813,0.5848696979195477,-21.2967,170.139,5.0
8.36080861111111,5.24,0.42998707990925467,-0.4178858791139594,-7.508,126.491,5.0
9.476386111111111,5.28,0.42373996218855353,0.520612391280901,-10.7702,165.8853,5.4
5.8990044444444445,5.26,0.36575644598253865,-0.44767600736553415,-3.5428,144.1953,6.2
3.4703016666666664,5.25,0.36590830666833496,-0.15522631831982484,-0.2348,124.5515,5.2
6.116319722222222,5.32,0.37947331922020994,1.8560939107562466,-19.1241,-67.3092,5.7
4.841956944444444,5.3100000000000005,0.3813717929323657,-0.0536320509392044,-32.7863,-179.0489,5.2
2.728283888888889,5.35,0.37785946829182787,-0.4178858791139594,52.6274,-34.3303,5.5
6.898655277777777,5.35,0.37785946829182787,-0.32223970734090335,-5.4079,102.6434,5.3
9.106453333333334,5.42,0.3705851229250069,0.7042089516953561,-28.6734,-69.6082,5.7
4.200234444444444,5.44,0.3502380143083799,-0.1988787862511324,-49.0629,164.5975,5.2
1.4607491666666668,5.45,0.3374742788552925,-0.032282459025575846,13.3537,-90.7453,5.1
1.6333888888888888,5.409999999999999,0.3665151201974373,-0.4178858791139594,-35.3672,-179.4328,5.0
1.4369794444444446,5.290000000000001,0.26012817353502554,-0.4178858791139594,-58.3228,-139.955,5.0
0.08605833333333333,5.2700000000000005,0.2750757471437045,-0.41516504740031557,-8.1642,106.829,5.0
11.485986111111112,5.2,0.24037008503092555,-0.4765128515130585,37.3103,37.0627,5.0
1.8375297222222222,5.21,0.2424412872795699,-0.4178858791139594,-35.7134,-100.6652,5.3
5.357350833333333,5.18,0.220100986922912,3.305721271648876,32.2043,137.7326,5.2
8.937728055555555,5.23,0.29458068127047315,-0.4178858791139594,-21.3109,-173.822,5.8
4.09794,5.17,0.2451756739791,-0.05091121922556057,-12.4524,166.532,5.1
1.6234286111111111,5.159999999999999,0.24585451886113197,0.2762439692332333,-32.5799,-178.9861,5.1
0.6542049999999999,5.180000000000001,0.24855135843075404,-0.1603204302508441,-7.3916,156.1867,5.3
0.4555861111111111,5.22,0.24855135843075873,-0.4178858791139594,-22.075,169.7349,5.4
9.406730833333333,5.220000000000001,0.24855135843075873,1.3818847192049293,-10.808,166.25,5.0
6.328902222222222,5.23,0.24060109910157768,0.9164536854450757,-56.6158,-27.2342,5.1
2.039888611111111,5.2299999999999995,0.24060109910157768,0.1432012564617005,-4.1123,142.9635,5.0
6.886471111111111,5.2,0.24944382578492252,-0.4178858791139594,-22.498,69.1885,5.0
8.902835277777777,5.18,0.25733678754157485,-0.4178858791139594,-29.6808,-176.1815,5.0
2.5708902777777776,5.14,0.16465452046969212,-0.4178858791139594,-6.2802,-107.1062,5.4
3.4055822222222223,5.14,0.16465452046969212,-0.03557923321875013,4.3404,126.7337,5.1
3.8694247222222224,5.130000000000001,0.1702938636592422,-0.1696348103508365,-26.6772,-176.3359,5.0
4.092219444444444,5.1,0.16329931618551718,-0.4178858791139594,-30.4529,-177.576,5.0
16.06073388888889,5.0600000000000005,0.12649110640668976,-0.03453657872994505,-15.4321,-173.7481,5.0
0.26852194444444444,5.0600000000000005,0.12649110640668976,-0.4178858791139594,-55.8346,-26.1345,5.0
0.33778305555555554,5.06,0.12649110640668976,-0.4178858791139594,-55.8493,-26.1325,5.1
0.15907777777777776,5.06,0.12649110640668976,-0.4178858791139594,-55.8717,-26.1777,5.0
0.20998166666666665,5.069999999999999,0.12516655570341365,-0.4178858791139594,-55.8068,-26.2394,5.1
1.821685277777778,5.14,0.23190036174566636,-0.4178858791139594,-55.8712,-26.174,5.7
0.11221,5.1,0.2160246899469074,-0.4178858791139594,-55.8718,-26.3272,5.0
7.511052777777778,5.1,0.2160246899469074,-0.20935498135293618,31.2637,70.5845,5.1
9.300590555555555,5.2299999999999995,0.43217794688967653,-0.43774596461500925,-3.2871,146.4088,6.3
1.5313,5.3,0.44721359549996065,-0.3980257936129096,-15.2845,168.2762,5.7
0.4829233333333333,5.31,0.4408325456829796,-0.4178858791139594,-15.3075,167.9619,5.1
0.5998944444444444,5.39,0.4508017549014531,-0.330839124362858,-15.257,168.0658,5.8
0.49109194444444443,5.38,0.4589843860815677,-0.3572331779937532,-15.2249,168.1888,5.0
10.466451111111112,5.389999999999999,0.4508017549014531,-0.4178858791139594,12.0127,143.7299,5.1
17.465214166666666,5.4,0.4447221354708869,-0.060990212617343366,30.9789,141.3145,5.2
6.758154722222222,5.33,0.44733780424989256,0.088198749666543,4.6972,126.5809,5.0
1.8359697222222222,5.34,0.44020197384585,-0.4032887162706878,-35.1072,-179.2287,5.1
14.662411666666667,5.4,0.4447221354708869,-0.2192850241034611,29.8106,130.9208,5.7
2.9885169444444446,5.2700000000000005,0.32676869155073335,-0.4178858791139594,-15.4064,168.2957,5.0
1.292348888888889,5.2,0.298142396999966,-0.4178858791139594,-34.235,-178.9878,5.0
8.349981666666666,5.24,0.30983866769659135,-0.4178858791139594,13.0307,144.2535,5.5
9.934783055555554,5.159999999999999,0.2458545188611317,0.7499566586470244,1.8932,99.0554,5.0
7.3487905555555555,5.18,0.23944379994756307,-0.22131075282456816,13.0626,-89.9141,5.2
4.933506944444445,5.17,0.24517567397909976,-0.009075949117599158,-7.3767,106.6662,5.0
2.7748252777777775,5.15,0.25055493963953557,1.1446361378093879,52.0984,-179.7374,5.0
0.45140027777777775,5.2,0.26666666666666,-0.452382847629283,1.3429,118.4805,5.5
9.244369722222222,5.34,0.48579831205964946,-0.4797897656207318,51.6088,-130.6121,6.5
6.82536,5.3100000000000005,0.47010637094172936,-0.19033894948568095,-20.7895,169.422,5.4
5.189049444444445,5.319999999999999,0.463800723491366,-0.4178858791139594,-41.2526,-90.9503,5.1
1.2151750000000001,5.45,0.540061724867332,-0.20935498135293618,17.1539,147.2254,6.3
2.619921944444444,5.45,0.540061724867332,-0.4153338581270745,31.6079,131.8109,5.5
0.44320194444444444,5.470000000000001,0.5250396810400895,0.8027447659088149,45.5663,26.2679,5.2
10.155670833333334,5.46,0.5316640543300614,-0.456335997648267,32.411,-102.057,5.1
23.592100555555557,5.49,0.5108815909778052,-0.4178858791139594,-25.798,47.3106,5.3
2.264716111111111,5.49,0.5108815909778052,-0.4178858791139594,-7.2418,107.5662,5.0
5.189332500000001,5.4399999999999995,0.5337498373666257,-0.4178858791139594,5.1719,-82.659,5.0
4.023759722222223,5.36,0.40055517028800197,-0.348375579860285,-27.4225,-176.6924,5.7
0.019459999999999998,5.32,0.4157990967870089,-0.4178858791139594,-27.2463,-176.755,5.0
17.431441944444444,5.33,0.4110960958218942,-0.4178858791139594,10.461,91.6084,5.2
2.4101683333333335,5.220000000000001,0.22997584414213268,-0.25800226078775773,2.1924,128.6935,5.2
0.031400833333333336,5.180000000000001,0.2097617696340191,-0.10425540888138042,2.3789,128.4621,5.1
0.892825,5.21,0.2330951164939548,1.3944065031133408,-5.5707,147.4561,5.5
1.6142305555555554,5.21,0.2330951164939548,-0.4178858791139594,-5.5724,82.6728,5.1
18.930874444444445,5.1899999999999995,0.2330951164939524,0.4768010426655851,23.4478,142.5144,5.1
5.637981111111111,5.2,0.2260776661041678,-0.4178858791139594,-17.7447,-173.075,5.1
15.67141,5.26,0.24585451886114332,-0.4278159218644843,-29.064,-176.4824,5.6
12.755972499999999,5.1899999999999995,0.20248456731315567,-0.4178858791139594,-41.4839,-87.8393,5.0
2.0613361111111113,5.2299999999999995,0.20027758514399271,-0.07525968404984772,51.2868,-178.4612,5.4
4.052588611111111,5.31,0.314289321768622,0.8829497212048046,-31.8909,-66.887,6.0
5.021883055555556,5.29,0.3281259920619947,0.2467318821786733,13.2483,-89.4248,5.0
6.289122777777778,5.31,0.32128215360057716,-0.4178858791139594,-41.3779,-87.8171,5.3
10.058336666666667,5.27,0.3198958163736027,0.018797680883124303,-32.0313,-71.5626,5.1
1.9326333333333332,5.3,0.3162277660168412,-0.4178858791139594,-17.3948,66.5546,5.4
5.900909722222223,5.33,0.30930028559099393,0.08854630116281133,-29.7019,-71.1952,5.4
2.531194722222222,5.33,0.30930028559099393,-0.4178858791139594,73.2428,6.3939,5.1
14.004197222222222,5.2700000000000005,0.30930028559098854,1.4148822512649233,-32.8176,179.8043,5.0
0.7044533333333334,5.37,0.3683295625749753,0.9028098067058544,-0.0469,122.8918,6.0
3.38823,5.39,0.37549966711038113,-0.3274033295711764,31.5066,140.0417,5.6
1.7406241666666666,5.29,0.3247221034122037,0.99087935586026,-31.3501,-65.6919,5.0
6.016367222222222,5.3,0.31622776601684116,-0.4178858791139594,-25.4455,-115.9057,5.1
7.411504166666667,5.290000000000001,0.3178049716414164,-0.0029590427832758125,-25.864,-70.8688,5.2
7.561747222222222,5.32,0.31198290551460744,-0.4178858791139594,-16.8592,-176.9705,5.4
8.753371944444444,5.31,0.31073389830457526,-0.4178858791139594,14.3393,-93.2518,5.3
7.295517777777778,5.3,0.3091206165165267,-0.4178858791139594,-57.6266,-6.9134,5.3
17.001231944444445,5.340000000000001,0.30623157540949625,-0.020684169092962754,42.8235,145.0928,5.5
12.305321111111112,5.470000000000001,0.40565447804204874,-0.4178858791139594,-17.199,66.5336,6.3
2.7092377777777776,5.37,0.3831158803518638,-0.4178858791139594,-41.4527,-86.3234,5.0
4.349723888888889,5.33,0.3772709017845623,-0.4178858791139594,-11.0022,161.4331,5.2
1.2748986111111111,5.33,0.3772709017845623,-0.1696348103508365,11.8445,-87.7374,5.0
7.679653888888889,5.34,0.3717824931626371,3.0101336890940007,-30.8385,-179.7256,5.2
3.0574327777777777,5.33,0.3772709017845623,-0.4178858791139594,-28.0382,-12.8786,5.1
0.5735591666666667,5.3,0.38297084310253765,0.5717123912751022,-19.9642,169.3284,5.1
3.6203191666666665,5.2700000000000005,0.39454615277134153,-0.4178858791139594,-41.2103,-90.1998,5.0
3.3572616666666666,5.26,0.3949683531626294,1.127496884021982,-22.9451,-177.1964,5.2
5.125442777777778,5.22,0.38815804341358673,-0.3709465670322281,41.8723,-126.3717,5.1
9.471886944444444,5.11,0.08755950357703947,0.34222910331047135,25.8513,141.7033,5.2
4.333575000000001,5.12,0.07888106377460757,-0.4178858791139594,-15.7267,-178.6642,5.1
14.015148611111112,5.1,0.08164965809271339,-0.4178858791139594,10.5139,124.465,5.0
4.261862222222222,5.119999999999999,0.07888106377460757,-0.06027524953930562,2.4975,126.838,5.2
25.21157416666667,5.1899999999999995,0.26012817353501383,-0.2192850241034611,53.0161,160.2468,5.9
13.194528888888888,5.18,0.2658320271650158,-0.1696348103508365,-5.2843,152.6343,5.0
3.471845,5.2,0.2666666666666595,-0.29615348503527444,-20.1744,-70.7062,5.3
2.1447933333333333,5.2,0.2666666666666595,0.7030769268217962,0.4813,122.3155,5.0
1.2147758333333334,5.19,0.2685351208149629,0.08907259342858911,-19.5584,-174.3044,5.1
1.075993888888889,5.29,0.39001424475410196,5.202518317683143,-5.9828,124.8988,6.1
10.62490388888889,5.43,0.5657836257007804,-0.4178858791139594,-19.2886,-173.0007,6.6
1.2374425,5.51,0.5704773829385866,-0.4178858791139594,14.1621,124.8171,5.9
3.8216663888888887,5.54,0.548128127762534,-0.4178858791139594,-46.881,-10.513,5.3
20.54395361111111,5.529999999999999,0.555877684387506,1.4862792586411975,-14.3317,167.3601,5.1
4.145914444444444,5.45,0.5542763049438729,-0.4178858791139594,-46.8937,33.3709,5.1
1.309385277777778,5.45,0.5542763049438729,-0.4178858791139594,12.1586,143.9809,5.0
5.166649444444444,5.42,0.5711586664161119,-0.4178858791139594,21.3515,-45.4184,5.0
2.402434722222222,5.42,0.5711586664161119,-0.4178858791139594,-0.9168,148.4037,5.0
2.4146030555555553,5.43,0.5657836257007804,-0.4178858791139594,-28.42,-176.3347,5.2
0.009471944444444444,5.32,0.5266244708835097,-0.1696348103508365,51.2896,-176.9375,5.0
22.559922777777775,5.16,0.27968235951202974,-0.4178858791139594,70.6525,-14.6411,5.0
2.1124683333333336,5.09,0.11005049346141502,-0.4178858791139594,70.7217,-14.714,5.2
0.16603861111111112,5.09,0.11005049346141502,-0.4178858791139594,-55.4887,-124.7274,5.3
21.775379166666667,5.1,0.11547005383788377,-0.1696348103508365,-17.5146,-173.4918,5.2
1.086651388888889,5.130000000000001,0.1494434118097067,-0.10842602683660091,53.1716,-167.0656,5.4
3.3035902777777775,5.14,0.14298407059682308,-0.07625268832490015,-41.2833,174.413,5.1
6.885222222222222,5.16,0.1349897115420885,-0.4178858791139594,-28.6102,-176.3793,5.2
13.032319722222223,5.180000000000001,0.12292725943055233,-0.4178858791139594,-31.5621,76.8881,5.2
0.9499705555555555,5.18,0.12292725943055233,-0.4178858791139594,-17.2032,171.6309,5.2
4.151722222222222,5.2,0.10540925533892874,-0.4178858791139594,9.2414,40.1774,5.2
0.7728280555555556,5.21,0.08755950357707394,-0.4178858791139594,64.6359,-17.8257,5.1
3.9069630555555555,5.2,0.09428090415818705,-0.4178858791139594,-20.9469,-174.153,5.1
0.03530305555555555,5.2299999999999995,0.15670212364723618,-0.4178858791139594,-13.5989,-111.3046,5.6
2.6723622222222225,5.21,0.17288403306519032,-0.4178858791139594,-33.3598,-178.4519,5.0
5.299445555555556,5.2,0.16329931618553384,-0.4178858791139594,-18.9526,-173.174,5.3
3.7614799999999997,5.23,0.17029386365925844,0.9225606617366485,-19.6019,169.0635,5.4
14.368648611111112,5.29,0.24698178070457286,-0.3880957508623847,-33.4502,-178.6412,5.8
0.6084375,5.34,0.2756809750418131,-0.4178858791139594,-36.2933,-99.1831,5.7
7.529985,5.32,0.29363620727394263,-0.4178858791139594,-33.6289,-178.5416,5.0
20.56202777777778,5.3,0.3091206165165273,-0.1696348103508365,51.9309,-170.8214,5.0
15.272023888888889,5.31,0.30349812373573926,-0.18947503576638525,-31.8512,-178.4528,5.2
8.816944722222223,5.3100000000000005,0.30349812373573926,-0.4178858791139594,-37.3768,47.7444,5.1
4.970131666666666,5.29,0.28848262031225386,-0.4178858791139594,-47.5421,100.0106,5.4
8.465162777777778,5.3100000000000005,0.27264140062238595,-0.4178858791139594,-0.8904,-22.0883,5.2
10.472333888888889,5.279999999999999,0.2898275349237908,-0.4178858791139594,22.9505,95.9411,5.0
13.405026944444446,5.24,0.29888682361946317,-0.30683821103483927,-58.2947,-25.1529,5.0
7.015269444444445,5.1899999999999995,0.2282785822435098,-0.4178858791139594,-33.2849,-177.6929,5.3
0.09703083333333333,5.13,0.14181364924118997,-0.05931203539250469,-0.1377,125.1625,5.1
2.644628611111111,5.159999999999999,0.14298407059682688,-0.4178858791139594,55.3379,163.1218,5.3
0.48485055555555556,5.159999999999999,0.14298407059682688,-0.4178858791139594,-18.0617,173.1401,5.0
13.400295,5.26,0.3596294389136313,-0.3583056226108099,10.4967,-86.1497,6.2
12.52835,5.26,0.3596294389136313,-0.4178858791139594,-36.355,-97.9985,5.1
0.7708547222222223,5.25,0.35668224265054405,-0.08648063235794083,5.5054,94.2922,5.3
9.265125277777779,5.2299999999999995,0.3653004851412637,-0.4178858791139594,-59.233,149.2883,5.0
6.516115,5.279999999999999,0.36453928305313005,-0.4178858791139594,-36.1163,-100.6909,5.5
10.504738333333332,5.279999999999999,0.36453928305313005,-0.4178858791139594,28.7509,-112.8022,5.0
6.4893225,5.25,0.3749073959733989,-0.4178858791139594,-23.9025,-64.0963,5.0
28.055108055555554,5.24,0.3806427312965369,-0.4178858791139594,-31.2618,-177.0255,5.0
0.8173630555555556,5.24,0.3806427312965369,-0.4178858791139594,-9.8511,151.8987,5.3
1.9691869444444445,5.24,0.3806427312965369,-0.1696348103508365,-29.4767,-176.9528,5.0
1.1814191666666667,5.14,0.17763883459296884,-0.4178858791139594,18.32,-106.7652,5.2
3.860541944444444,5.14,0.17763883459296884,-0.4178858791139594,19.1806,147.0699,5.1
0.8204416666666667,5.130000000000001,0.17029386365924043,-0.4178858791139594,-31.2352,-176.8116,5.2
3.2681,5.23,0.31640339933557804,-0.4178858791139594,38.3115,38.8059,6.0
1.8911105555555554,5.21,0.30349812373572926,-0.4178858791139594,52.7367,-163.5125,5.3
2.6622591666666664,5.23,0.2945806812704729,-0.4178858791139594,-31.181,-177.0916,5.2
2.7384055555555555,5.24,0.2875181153713022,-0.4178858791139594,-31.2625,-176.8306,5.1
2.116058888888889,5.25,0.2798809270624434,-0.4178858791139594,-27.7855,-176.2936,5.1
1.7640077777777778,5.31,0.34785054261852644,1.5184724572383994,36.5224,70.5681,5.9
0.04669027777777778,5.31,0.34785054261852644,-0.4178858791139594,-27.8499,-176.4086,5.0
0.6886602777777778,5.380000000000001,0.3910100879630815,-0.4178858791139594,18.5195,-106.9505,5.9
2.734273888888889,5.38,0.3910100879630815,-0.4178858791139594,49.6324,-28.5722,5.1
0.436415,5.38,0.3910100879630815,-0.4178858791139594,-19.1204,-173.5136,5.2
2.1687755555555555,5.3,0.3265986323710944,-0.4178858791139594,-31.3037,-176.8396,5.2
3.320985277777778,5.279999999999999,0.3326659986633259,-0.4178858791139594,-31.2923,-176.8548,5.1
1.2824608333333334,5.319999999999999,0.34576806613040406,-0.3980257936129096,-27.8826,-176.2657,5.6
4.935545,5.3100000000000005,0.3541813722437244,-0.4178858791139594,-27.9235,-176.5806,5.0
0.7449883333333334,5.34,0.3470510689285507,5.703349953848618,-20.0981,-178.2711,5.4
5.258903611111111,5.25,0.29907264074877143,0.6092976030858389,-56.337,-27.1383,5.0
8.409200833333333,5.25,0.29907264074877143,-0.4393149113695922,43.6645,-125.7602,5.0
0.7253002777777778,5.159999999999999,0.20110804171996155,-0.1696348103508365,-6.7981,155.1677,5.0
2.935617777777778,5.17,0.20027758514398236,0.08260813559799744,40.2403,142.2895,5.2
0.7860502777777778,5.15,0.20682789409982996,-0.4178858791139594,-7.4667,156.3264,5.0
3.8849727777777776,5.17,0.22135943621177304,-0.4178858791139594,25.22,142.799,5.4
28.232705,5.19,0.22335820757000222,-0.4178858791139594,-13.6929,66.0196,5.3
4.581365277777778,5.15,0.17159383568309558,0.1031931142198356,0.4909,119.9077,5.2
6.733140833333334,5.16,0.16465452046969292,-0.4178858791139594,-35.8938,-103.3329,5.1
11.665182222222223,5.17,0.18287822299125311,5.3545770623219315,-21.8931,-179.5015,5.5
10.475926388888888,5.24,0.23664319132398176,0.5651883531880073,-30.8831,-68.7676,5.7
4.4098275000000005,5.32,0.27808871486152953,-0.3583056226108099,-1.1774,127.4529,5.8
0.7997202777777778,5.33,0.2668749186833162,-0.4178858791139594,-1.0987,127.4191,5.1
1.3925630555555555,5.3100000000000005,0.28460498941515966,-0.12282458882486205,52.6005,172.5319,5.0
0.9463097222222223,5.37,0.27507574714371613,-0.4178858791139594,-1.177,127.3252,5.6
1.5994566666666665,5.33,0.2983286778035333,-0.4178858791139594,-1.1526,127.2649,5.0
0.25906805555555557,5.3,0.31622776601684177,-0.4178858791139594,-1.2346,127.2704,5.0
0.18405749999999999,5.279999999999999,0.3293090409394275,-0.4178858791139594,-1.138,127.3953,5.0
18.01946583333333,5.279999999999999,0.3293090409394275,-0.4178858791139594,-6.0452,130.3336,5.1
9.537253055555555,5.24,0.3238655413730941,-0.4178858791139594,-2.9805,147.4269,5.1
3.6179988888888888,5.22,0.2973961069759346,4.077643074903682,-23.872,-179.6709,5.5
14.326864444444444,5.14,0.22211108331941723,-0.4178858791139594,-41.0186,-91.3277,5.0
8.547329444444443,5.25,0.4006938426723756,-0.11998459659821192,49.394,155.6369,6.2
6.8694927777777774,5.26,0.3949683531626295,-0.1696348103508365,-27.8201,-176.6853,5.1
3.1415025,5.2,0.38297084310252966,-0.4178858791139594,28.6033,52.2189,5.0
3.8685633333333334,5.26,0.3949683531626295,-0.4178858791139594,-41.935,80.0351,5.6
2.727837222222222,5.26,0.3949683531626295,0.022948438752843713,52.4838,-170.6317,5.0
10.6156775,5.27,0.3888730155490639,-0.4178858791139594,25.4971,142.6492,5.1
1.0118358333333333,5.2700000000000005,0.3888730155490639,0.10688709012303087,-5.0842,152.1733,5.1
0.6736908333333332,5.26,0.3949683531626295,2.8671708636146933,-31.2237,-179.9248,5.0
3.929072777777778,5.24,0.3864367132317162,0.4324435416989903,-16.1456,-173.9085,5.3
0.5366397222222222,5.25,0.3807886552931941,0.08969818612187222,-5.288,151.701,5.1
5.625815,5.13,0.1888562063228472,0.6665641596281162,-21.6994,-68.4462,5.0
8.389329166666666,5.1899999999999995,0.2601281735350128,-0.4079558363634345,-19.3134,-172.9614,5.7
0.749206111111111,5.2700000000000005,0.31287200080686195,-0.348375579860285,14.0745,-92.662,5.8
16.625638333333335,5.2299999999999995,0.29078437983418776,-0.4178858791139594,-50.2939,69.4293,5.2
1.2003433333333333,5.24,0.28362729848243223,-0.4178858791139594,40.96,83.9942,5.1
15.921918055555555,5.2299999999999995,0.29078437983418776,-0.4178858791139594,23.9956,-46.5021,5.0
4.309102222222222,5.24,0.2875181153713013,0.38536520901875165,54.6412,160.5356,5.2
17.278612499999998,5.24,0.2875181153713013,5.516714800352502,-17.899,-178.2309,5.0
32.10924555555555,5.21,0.2960855732160265,2.2988248667884,-18.6749,169.51,5.0
11.330045277777778,5.209999999999999,0.2960855732160265,1.2013664720431367,-59.7778,-27.3153,5.1
1.2312027777777779,5.209999999999999,0.2960855732160265,-0.4178858791139594,-12.2302,-14.775,5.0
17.53496722222222,5.24,0.35962943891362886,4.537205453397974,-4.4064,150.0827,6.0
7.9412288888888884,5.26,0.3977715704047007,-0.4178858791139594,43.5842,-127.6418,6.0
9.490207777777778,5.26,0.3977715704047007,-0.4178858791139594,-48.9029,121.2807,5.2
12.028515277777778,5.279999999999999,0.39384147967311917,-0.12492975788797331,-6.8848,155.4595,5.3
4.637377222222223,5.29,0.3871548642195915,-0.4178858791139594,-19.9227,66.3786,5.1
7.225775555555556,5.31,0.3871548642195932,-0.4178858791139594,56.4478,-33.9482,5.4
11.682975277777778,5.319999999999999,0.37947331922021,-0.14023195376653225,-0.5287,125.852,5.1
11.744770833333334,5.359999999999999,0.3627058802329534,5.162609475868784,-17.9427,-178.5435,5.4
14.922229166666668,5.36,0.3627058802329534,0.12119628172653722,12.5321,-87.9765,5.1
8.080485277777777,5.4,0.33993463423953163,1.3511512368920544,-35.6965,-69.4927,5.4
6.878919166666667,5.38,0.30477678535101094,-0.17956485310136142,51.4799,-175.6197,5.8
1.2176447222222222,5.279999999999999,0.234757558155455,-0.4178858791139594,25.4139,142.859,5.0
4.900032499999999,5.279999999999999,0.234757558155455,-0.4278159218644843,40.1264,23.2456,5.2
31.457064166666665,5.25,0.250554939639546,-0.0788245693972861,-20.1847,-174.0652,5.0
2.713575,5.24,0.2590581230363356,-0.20687247066530493,5.3197,-77.462,5.0
6.865903333333334,5.2299999999999995,0.2540778533354549,5.347705472738568,49.4545,147.111,5.3
6.811033611111111,5.220000000000001,0.26161889160464147,-0.4178858791139594,-51.4933,139.0678,5.0
2.750065277777778,5.25,0.29907264074877055,0.5353982249364325,-12.9033,-75.2219,5.7
18.94382166666667,5.33,0.3560586718193814,-0.1696348103508365,-4.7663,153.3071,5.9
1.0405994444444444,5.3100000000000005,0.3573047252229803,5.31692234021194,-20.895,-178.6489,5.2
0.2725636111111111,5.32,0.37357135269658875,3.808658076877462,-18.1047,-177.8948,5.9
1.4082144444444444,5.32,0.37357135269658875,-0.2606635122448984,23.5101,121.6598,5.0
5.5903133333333335,5.38,0.3994440581052158,-0.43774596461500925,25.4039,142.8586,5.8
0.0659675,5.39,0.3900142447541105,-0.4178858791139594,25.4025,143.156,5.1
0.0041244444444444445,5.4,0.38005847503305756,-0.4178858791139594,25.3721,142.6759,5.1
2.208712222222222,5.39,0.38427420765213316,-0.4178858791139594,25.4937,142.7925,5.2
0.7289469444444444,5.39,0.38427420765213316,-0.4178858791139594,-30.3414,-177.1665,5.0
0.2840227777777778,5.32,0.3852848873813349,-0.4178858791139594,25.4531,142.8164,5.0
2.316448333333333,5.27,0.3301514803843837,-0.4178858791139594,-42.2511,74.8589,5.4
4.476028611111111,5.25,0.34075080500434607,0.6664549291578603,-56.2193,-27.4481,5.0
7.699653611111112,5.18,0.25298221281345884,0.4473485358675281,-5.6899,154.3528,5.2
3.1967802777777776,5.1899999999999995,0.24698178070455892,-0.4178858791139594,25.4503,142.847,5.1
6.9913638888888885,5.11,0.12866839377075126,-0.4178858791139594,-41.4646,-84.7884,5.0
7.738789166666667,5.109999999999999,0.12866839377075126,1.377585010693952,-1.4492,-77.4738,5.1
1.0049313888888889,5.23,0.3973523485382795,-0.4178858791139594,-46.7807,-75.6402,6.3
2.43368,5.220000000000001,0.39944405810520245,-0.4178858791139594,38.5535,39.7334,5.1
9.376121666666666,5.220000000000001,0.39944405810520245,-0.3386044177937685,25.4584,142.8157,5.0
5.567870277777778,5.220000000000001,0.39944405810520245,-0.4178858791139594,32.3106,142.4167,5.0
5.050193055555556,5.24,0.41419265512023945,-0.4178858791139594,7.4901,-82.3993,5.6
3.697874722222222,5.25,0.4089281382128417,-0.4178858791139594,-25.7465,-13.8406,5.1
5.746039444444444,5.31,0.44334586448455576,-0.4178858791139594,7.5218,-82.3895,5.8
1.1256069444444445,5.3,0.4496912521077368,-0.4178858791139594,45.3508,98.832,5.0
13.092183333333333,5.3,0.4496912521077368,5.276963848183828,-20.7394,-178.5362,5.0
6.059858888888888,5.3,0.4496912521077368,-0.1696348103508365,-30.4397,-177.747,5.1
0.05130222222222222,5.26,0.3596294389136305,-0.32851549435923516,19.8238,-76.9792,5.9
0.9965055555555555,5.43,0.5982381539896126,-0.37816570811185973,19.7974,-77.0506,6.8
4.652719722222223,5.43,0.5982381539896126,-0.4178858791139594,-4.9172,132.0496,5.0
1.1035769444444445,5.4399999999999995,0.5910442735813828,-0.4178858791139594,-4.9353,132.0487,5.1
5.461445833333334,5.380000000000001,0.6033241251599402,-0.4178858791139594,-15.1467,-173.3653,5.0
3.2007891666666666,5.37,0.6092800852007463,-0.4178858791139594,-21.226,-173.8299,5.0
2.8898983333333335,5.290000000000001,0.5989806155275635,-0.29096007267674995,-4.957,132.1086,5.0
0.14251305555555557,5.340000000000001,0.5929212051829147,-0.43774596461500925,20.1687,145.7964,5.5
3.310413333333333,5.340000000000001,0.5929212051829147,4.626188566485428,-5.404,125.7974,5.0
19.816148055555555,5.35,0.589255650988794,-0.17764835485051014,0.5861,126.1349,5.2
5.124946111111111,5.29,0.5566766466171273,0.352208796274749,-4.6006,152.4987,5.3
1.61198,5.15,0.19002923751650244,-0.4178858791139594,-1.3352,-13.2522,5.4
8.16138138888889,5.15,0.19002923751650244,-0.38008220636271106,16.2665,-98.4105,5.0
1.1855127777777776,5.15,0.19002923751650244,-0.3071559724028561,-58.7095,-24.8231,5.1
3.7304747222222225,5.15,0.19002923751650244,1.7838031995324248,36.5137,71.1648,5.0
28.053005555555558,5.15,0.19002923751650244,-0.10947861136815656,16.47,-98.4401,5.0
9.862813333333332,5.159999999999999,0.1837873166945168,0.39736070066138574,-6.0117,104.3629,5.1
5.061129722222222,5.119999999999999,0.13984117975598534,-0.002790232056516859,51.5497,-178.2559,5.1
5.275758611111111,5.279999999999999,0.4825856285561034,0.03889608741018674,-4.7548,153.2923,6.6
3.2212119444444443,5.3,0.48304589153964983,-0.4178858791139594,-19.3958,-172.9908,5.4
1.9889483333333333,5.319999999999999,0.4871686908385395,-0.4178858791139594,-61.2858,153.9957,5.5
0.9527213888888889,5.279999999999999,0.4962078417580911,-0.4178858791139594,-23.4723,170.5049,5.0
9.559156944444444,5.279999999999999,0.4962078417580911,-0.2388968585357478,17.7746,-61.5099,5.0
5.088845,5.279999999999999,0.4962078417580911,-0.4178858791139594,-15.2575,-13.402,5.1
6.087955555555555,5.319999999999999,0.4871686908385395,0.665104443343789,-12.1604,166.651,5.4
3.9974830555555556,5.319999999999999,0.4871686908385395,-0.4184816816789909,41.0392,141.0132,5.0
1.4217769444444444,5.3100000000000005,0.4931756504757962,0.04257020322788094,53.1113,159.8822,5.0
22.48168527777778,5.41,0.5445691467165253,-0.43774596461500925,29.0424,131.3968,6.1
6.651972777777777,5.26,0.35339622081862765,0.11412609128816352,-4.7992,153.2955,5.1
4.171602222222222,5.2299999999999995,0.352924291535101,-0.4178858791139594,-12.8337,-14.9719,5.1
0.17207805555555555,5.18,0.34576806613039,-0.4178858791139594,-12.7831,-14.711,5.0
0.7418961111111111,5.18,0.34576806613039,-0.4178858791139594,-12.7093,-14.5935,5.0
2.3013625,5.1899999999999995,0.3414023367751756,-0.4178858791139594,15.097,147.1498,5.1
1.2789641666666667,5.1899999999999995,0.3414023367751756,-0.3335103058627492,20.7794,121.9014,5.1
23.104985555555558,5.21,0.3604010112206749,-0.43774596461500925,-21.0456,-175.7525,5.6
5.869508055555555,5.22,0.3552776691859749,0.5264810465464612,6.1462,126.1658,5.1
10.035900277777777,5.22,0.3552776691859749,1.9556127992020071,34.0768,138.3387,5.0
14.838083333333334,5.14,0.1837873166945136,-0.4178858791139594,-12.0635,165.7646,5.3
1.2743252777777778,5.18,0.21499353995461465,1.5935932306461205,-20.7318,-176.3434,5.5
4.0152875,5.24,0.2674987019698483,-0.4932747636759446,79.8553,1.618,5.7
0.19759083333333333,5.24,0.2674987019698483,2.354572126789847,18.1848,145.4512,5.0
0.22285027777777777,5.25,0.25927248643506523,3.825698030237363,46.4137,136.0994,5.1
3.5856525,5.25,0.25927248643506523,1.1658367790817585,-17.1616,-174.4037,5.1
10.250536111111112,5.24,0.2674987019698484,-0.4178858791139594,29.2777,51.2977,5.0
7.227310277777778,5.2,0.23570226039550682,-0.16195888730468072,-2.32,138.9634,5.2
3.448573888888889,5.19,0.24244128727956574,-0.4178858791139594,11.7017,144.3333,5.0
16.188143611111112,5.2,0.23570226039550682,0.16691419854995393,2.5891,128.2336,5.1
3.5705916666666666,5.17,0.24060109910156863,-0.4178858791139594,-53.0712,19.6854,5.0
23.004273333333334,5.13,0.21108186931981424,-0.4178858791139594,-2.8697,145.7214,5.1
0.3709572222222222,5.07,0.06749485577096634,-0.4178858791139594,-2.8084,145.7523,5.1
3.924491111111111,5.07,0.06749485577096634,0.3717213302795303,-4.1071,142.954,5.0
4.353251944444445,5.15,0.27182510717165487,5.3204673654738786,-17.8504,-178.5153,5.9
4.856571111111111,5.15,0.27182510717165487,-0.4178858791139594,-55.584,158.4021,5.1
8.045062222222223,5.15,0.27182510717165487,-0.4178858791139594,-11.2689,34.7704,5.0
31.651598333333332,5.13,0.2750757471436882,0.4164561728706452,29.2609,140.7624,5.0
12.8942925,5.159999999999999,0.2756809750417924,-0.07826848700325674,38.7149,142.1147,5.3
3.395230277777778,5.15,0.2798809270624315,-0.4178858791139594,-2.903,129.3838,5.0
4.634709444444445,5.16,0.2756809750417924,-0.049511083197736575,-30.4554,-71.3521,5.1
1.2316633333333333,5.26,0.40331955899344346,-0.43774596461500925,36.9549,136.3653,6.1
7.2457802777777784,5.29,0.40124805295477856,-0.004945051333380753,49.307,155.4628,5.4
11.954369722222221,5.29,0.40124805295477856,-0.4556796218224572,9.1414,126.6882,5.0
9.129485277777777,5.2,0.34641016151376913,-0.4178858791139594,-59.2025,149.2152,5.0
2.4638722222222222,5.1899999999999995,0.35103022978401344,-0.4178858791139594,48.5992,100.2142,5.0
1.4014608333333334,5.26,0.37771241264573985,1.2900814739763264,15.4608,120.8046,5.7
0.08653972222222223,5.34,0.4005551702879989,-0.32851549435923516,-37.6381,179.6542,5.8
17.616258333333334,5.3100000000000005,0.41486276177925735,-0.4178858791139594,-20.3197,67.89,5.0
3.0132230555555553,5.3100000000000005,0.41486276177925735,-0.1696348103508365,-28.9149,-176.9352,5.0
29.90482027777778,5.32,0.4104198392432397,-0.4178858791139594,-8.8882,-81.0822,5.2
8.171134166666667,5.279999999999999,0.3392802839999862,-0.030465261202229792,25.3021,126.0218,5.7
0.34596499999999997,5.26,0.33730961708462576,-0.3194990155417585,23.8314,123.383,5.2
1.4439880555555555,5.2700000000000005,0.33015148038438297,1.454244940728004,17.5037,145.8664,5.1
2.7000880555555553,5.279999999999999,0.32249030993194233,4.759161768957707,-24.0403,179.7868,5.1
1.8861144444444444,5.32,0.308400893499214,-0.4178858791139594,19.3496,-108.5141,5.4
15.058881666666668,5.25,0.29154759474226255,-0.4178858791139594,-35.6747,78.3733,5.0
18.81368361111111,5.17,0.22632326929022656,-0.4178858791139594,13.1373,146.9085,5.0
14.178088333333333,5.17,0.22632326929022656,-0.4178858791139594,-48.7259,106.5354,5.0
16.293545277777778,5.18,0.22010098692291044,-0.4178858791139594,-41.1787,85.6711,5.1
0.6097472222222222,5.2,0.23094010767584136,5.279843560581481,-21.1248,-178.8369,5.4
8.051944722222222,5.14,0.15055453054179155,-0.3762194197327569,4.8557,126.4225,5.1
0.7988261111111111,5.119999999999999,0.15491933384826917,0.1338173660624544,53.9198,160.4762,5.0
1.9595105555555556,5.18,0.23944379994756199,-0.17956485310136142,18.5003,120.7963,5.7
5.2468386111111105,5.17,0.2451756739790987,-0.4178858791139594,23.6859,123.2599,5.0
1.7912133333333335,5.13,0.23593784492246808,-0.4178858791139594,18.4471,80.3296,5.0
5.246863055555555,5.159999999999999,0.23664319132397113,-0.4178858791139594,-43.8524,-81.8305,5.3
9.687340555555556,5.159999999999999,0.23664319132397113,-0.4178858791139594,24.8543,128.0555,5.0
11.160770277777779,5.2,0.24037008503092408,-0.348375579860285,31.7601,49.569,5.4
1.601888888888889,5.19,0.2469817807045599,-0.4178858791139594,31.8637,49.5366,5.0
0.7098369444444445,5.17,0.23593784492247283,-0.4178858791139594,32.8339,73.7141,5.2
5.444531111111112,5.220000000000001,0.26997942308421535,-0.1370245499581127,52.1082,-170.8903,5.6
1.8636194444444443,5.24,0.2590581230363353,1.5565641012294131,-23.3549,-66.702,5.2
3.1911227777777778,5.18,0.20439612955673236,0.5923370900679424,-55.9482,-27.9128,5.1
1.8835644444444446,5.38,0.6014796569941354,-0.4178858791139594,40.374,-125.02166666667,7.0
0.9462963888888889,5.39,0.5952590472503034,-0.4178858791139594,-4.1747,-104.4525,5.1
2.2590108333333334,5.36,0.6077280093375139,-0.4178858791139594,-18.9934,-172.8301,5.0
12.533429166666666,5.37,0.601941303893775,0.10098864472921905,-19.665,-174.4239,5.1
6.772209444444445,5.38,0.6033241251599384,-0.190944682093463,1.5039,121.1742,5.5
9.03629,5.42,0.588406511029772,-0.4178858791139594,-36.8307,-96.1882,5.4
4.15449,5.43,0.5850925852660764,-0.15018185660255814,-38.9157,-73.5759,5.3
3.249623611111111,5.38,0.5902918298981018,-0.4178858791139594,-2.1059,124.4895,5.1
7.8426430555555555,5.449999999999999,0.6078194176270226,-0.4178858791139594,-40.3557,-16.7546,5.9
5.8869758333333335,5.48,0.5959119994689829,-0.4178858791139594,-20.9885,-173.558,5.4
2.408957222222222,5.29,0.27264140062238124,-0.4178858791139594,64.6401,-17.3171,5.1
0.9124155555555555,5.279999999999999,0.2820559440174157,-0.15098619006535072,1.2221,126.3376,5.0
7.675150833333333,5.38,0.34253953543107707,1.5383325427394492,48.867,152.3071,6.0
6.018393055555555,5.4,0.32998316455373083,-0.4178858791139594,-8.9965,-109.5871,5.3
0.2538902777777778,5.4,0.32998316455373083,-0.4178858791139594,-8.8293,-109.3827,5.5
1.4415358333333335,5.42,0.3359894178227873,-0.4178858791139594,-9.3184,-109.9235,5.6
1.821881111111111,5.5200000000000005,0.4315347288715401,-0.3384455371097601,51.0018,-177.3278,6.3
0.5052855555555555,5.5200000000000005,0.4315347288715401,-0.4178858791139594,-9.1484,-109.7729,5.1
0.19800666666666666,5.470000000000001,0.4110960958219002,-0.4178858791139594,51.0688,-177.2241,5.4
0.39128027777777774,5.51,0.42282121254472166,-0.4178858791139594,50.8303,-177.2981,5.8
3.2115633333333333,5.630000000000001,0.46200048100024854,-0.32851549435923516,50.9985,-177.1779,6.3
0.10585666666666667,5.630000000000001,0.46200048100024854,-0.4178858791139594,50.8157,-177.1953,5.0
0.004570277777777777,5.55,0.46007245806142266,-0.4178858791139594,50.8216,-177.0911,5.2
0.14174944444444446,5.54,0.46714261443614263,-0.4178858791139594,50.8375,-177.2197,5.2
0.13731166666666667,5.6,0.4988876515698739,-0.4178858791139594,50.8586,-177.443,6.1
0.015942777777777778,5.590000000000001,0.4998888765404802,-0.4178858791139594,50.7143,-177.0971,5.5
2.780740277777778,5.529999999999999,0.4372896319628836,-0.31858545160871027,50.9203,-177.5413,5.7
0.06174333333333334,5.54,0.42739521132867064,-0.4178858791139594,50.7894,-177.4811,5.2
0.025892222222222223,5.5600000000000005,0.42478752858865537,-0.4178858791139594,50.7926,-177.5273,5.6
0.10443638888888888,5.49,0.4383048152953847,-0.4178858791139594,50.7985,-177.4463,5.1
0.20470138888888886,5.42,0.3392802839999963,-0.4178858791139594,13.2899,-87.8532,5.6
2.1050191666666667,5.43,0.32676869155074406,-0.4178858791139594,50.8208,-177.408,5.1
2.4047341666666666,5.42,0.33598941782278796,-0.1696348103508365,-6.6387,103.9098,5.1
5.651519444444445,5.4,0.35590260840105237,-0.4178858791139594,-35.5103,-106.2072,5.0
2.5262288888888893,5.359999999999999,0.283627298482443,-0.348375579860285,51.0055,-177.6184,5.7
0.27416527777777777,5.34,0.27968235951204656,-0.3724261434020563,50.9904,-177.5184,5.3
0.6194388888888889,5.33,0.2668749186833135,-0.4178858791139594,-9.106,66.8004,5.6
0.1454713888888889,5.31,0.28460498941515766,-0.1696348103508365,54.177,-162.4476,5.0
5.574057777777778,5.319999999999999,0.29739610697594376,-0.42483690903932686,39.1675,-119.0238,5.7
4.595365277777778,5.32,0.29739610697594376,-0.4178858791139594,50.9314,-177.3197,5.1
4.111435277777778,5.29,0.2806737924669471,-0.4178858791139594,-35.9913,53.4047,5.3
10.227235,5.369999999999999,0.3301514803843912,-0.31858545160871027,51.0964,-177.2531,5.9
16.317011666666666,5.369999999999999,0.3301514803843912,0.16280316085123658,-4.3369,102.6968,5.1
6.340016111111112,5.409999999999999,0.30349812373574586,-0.4178858791139594,-12.0283,166.1557,5.4
4.2203800000000005,5.35,0.2990726407487795,-0.026840795598288177,-30.5243,-178.2075,5.1
4.906286666666667,5.369999999999999,0.3020301677353229,-0.4178858791139594,-14.987,-178.4335,5.5
15.637703055555555,5.33,0.2945806812704813,-0.4178858791139594,-12.021,166.116,5.2
2.121650277777778,5.36,0.27162065049951994,-0.4178858791139594,-12.0104,166.179,5.3
0.15863194444444445,5.3100000000000005,0.24698178070457372,-0.4178858791139594,-11.9257,166.0867,5.2
0.14438833333333334,5.31,0.24698178070457372,-0.4178858791139594,30.5343,141.8867,5.1
11.016064166666666,5.279999999999999,0.2658320271650264,-0.4178858791139594,50.8662,-176.9958,5.0
16.700125833333335,5.33,0.4056544780420386,0.5651883531880073,-35.33,-70.7256,6.4
3.3747872222222224,5.35,0.39791121287711595,-0.4178858791139594,-60.3888,-28.8822,5.3
7.327610277777778,5.33,0.40013886478460736,-0.4178858791139594,-38.574,178.5483,5.2
7.296837777777778,5.34,0.39496835316263457,-0.15311121921396303,1.5829,126.5578,5.2
6.493843055555556,5.3,0.39721250959376836,-0.4178858791139594,-9.3134,67.0775,5.1
1.4338833333333332,5.29,0.40124805295477917,-0.4178858791139594,-8.3288,157.1814,5.1
5.8010955555555554,5.285,0.4014210867516677,-0.4178858791139594,40.414166666667,-125.18366666667,5.25
2.6094991666666667,5.265,0.41099472827113814,-0.4178858791139594,16.0802,-98.6778,5.0
5.085077777777777,5.345,0.4512020981038735,1.7865836115025722,-18.7256,-175.265,5.9
6.14444138888889,5.345000000000001,0.4512020981038735,-0.4178858791139594,-47.2108,-13.263,5.0
0.5053497222222222,5.215,0.2603949990985866,-0.12547591023925217,52.864,160.2654,5.1
2.4522202777777777,5.1850000000000005,0.26671874491472236,-0.42479718886832474,36.5002,1.4923,5.0
1.1803122222222222,5.175,0.2679655865135501,-0.4178858791139594,-62.4933,-161.8819,5.1
2.491378611111111,5.165,0.26879360111430267,0.05657156350612111,-1.2187,99.8064,5.1
6.410863888888889,5.205,0.28717977335150036,-0.27084180606418645,-3.8297,129.3035,5.5
3.884661388888889,5.194999999999999,0.2929258533409981,-0.3277608111101953,13.211,145.6385,5.0
11.66022361111111,5.4,0.7287737036358528,0.02272997781233218,-17.6914,168.0842,7.3
0.09646111111111111,5.43,0.7165503781622424,-0.028747363806388964,-17.7504,168.0123,5.3
1.741751388888889,5.34,0.7074209810603923,-0.04174578976682612,-17.8564,167.9486,5.0
0.17604250000000002,5.34,0.7074209810603923,-0.09470270775537548,-17.9808,168.0051,5.0
0.35466888888888887,5.369999999999999,0.7024560089033686,1.0948270433727547,31.0848,130.3315,5.4
0.15208166666666667,5.41,0.6903300337922165,-0.216067690252291,-17.8874,168.0086,5.4
0.7872574999999999,5.43,0.6832113712298603,-0.4178858791139594,0.9225,-29.1417,5.3
2.1989833333333335,5.45,0.6753599863118338,-0.4178858791139594,-60.3561,-28.624,5.3
0.3297338888888889,5.41,0.6838615844355304,-0.1696348103508365,9.6861,122.6582,5.1
1.7479666666666667,5.44,0.6703233050799756,-0.4178858791139594,8.3722,-103.1132,5.3
1.4451069444444444,5.2299999999999995,0.14944341180972695,-0.05269862692065505,-17.6913,168.1182,5.2
0.2731427777777778,5.2,0.1632993161855355,0.8610241868116456,5.1686,127.4188,5.0
6.775832222222222,5.220000000000001,0.14757295747451696,-0.4178858791139594,-48.1765,104.6186,5.2
0.4204869444444444,5.2700000000000005,0.14944341180973364,-0.06040434009506242,-17.7053,168.1418,5.5
3.396095555555555,5.25,0.1433720877840413,0.7614556481521322,-6.7821,130.2227,5.2
0.4917675,5.27,0.17669811040931502,4.937654287398392,-18.1662,-178.2957,5.6
2.3079572222222224,5.25,0.1840893502864524,-0.4178858791139594,33.5889,-38.58,5.1
3.667775277777778,5.24,0.183787316694533,0.07124816669139696,-20.2333,-69.9153,5.2
4.994829444444444,5.25,0.17795130420051977,-0.4178858791139594,-35.9333,-102.102,5.2
8.742300555555556,5.24,0.1776388345929863,0.1646004985890817,-17.6764,167.9999,5.2
2.323701388888889,5.220000000000001,0.19321835661585368,-0.4178858791139594,-60.539,-26.5165,5.0
4.949801944444444,5.2299999999999995,0.18287822299126483,-0.4178858791139594,17.608,119.5738,5.1
0.9531361111111111,5.279999999999999,0.2347575581554549,-0.4178858791139594,-56.2848,147.3332,5.7
4.5895327777777775,5.24,0.2270584848790161,-0.4178858791139594,17.6019,119.5289,5.1
0.20990916666666667,5.23,0.23118054512532585,-0.4178858791139594,17.6226,119.6247,5.1
11.686923055555557,5.18,0.19321835661584913,-0.4178858791139594,-20.1481,168.5242,5.1
0.768273611111111,5.18,0.19321835661584913,-0.4178858791139594,11.9512,126.6021,5.1
1.129893888888889,5.1899999999999995,0.19692073983655034,-0.4178858791139594,-41.0907,-86.6059,5.3
17.67649638888889,5.17,0.20575065816013563,-0.3875893186821079,-11.7728,166.1893,5.0
0.37398722222222225,5.1899999999999995,0.21832697191749637,-0.2592633762170744,-11.79,166.1011,5.4
3.825213888888889,5.1899999999999995,0.21832697191749637,0.02852912277863876,-6.4479,105.0901,5.0
1.0597430555555556,5.18,0.2250925735484465,-0.4178858791139594,-6.9992,131.8226,5.0
3.046612777777778,5.11,0.13703203194060443,-0.4178858791139594,29.4923,81.6099,5.0
10.857969444444445,5.1,0.1414213562372834,-0.4178858791139594,-20.0707,-173.3758,5.0
6.172913333333334,5.2,0.3464101615137709,-0.050474297344537504,-17.7041,168.0033,6.1
0.9830708333333333,5.19,0.3510302297840154,-0.4178858791139594,38.6595,21.6089,5.0
8.353545833333333,5.2,0.349602949390046,-0.4178858791139594,-30.381,19.5557,5.2
1.6719225,5.180000000000001,0.34896672875472495,-0.06127818385710862,-10.954,162.6049,5.1
1.4108183333333333,5.2,0.3431876713662287,-0.4973262211181587,55.9603,-153.9543,5.2
7.815078611111111,5.159999999999999,0.34058772731852077,-0.24510313525482588,55.9537,-153.9737,5.0
17.103138055555554,5.159999999999999,0.34058772731852077,0.04905452114397377,-11.0805,165.8553,5.0
1.1634102777777777,5.25,0.40620192023179685,-0.44767600736553415,19.8862,-76.6255,5.9
23.643860833333335,5.25,0.40620192023179685,-0.4178858791139594,24.6536,-46.1986,5.0
17.047481666666666,5.34,0.4427188724235765,0.8531595929532299,-28.2047,-67.3646,5.9
7.873051944444445,5.29,0.36953424138441676,4.0373966116358035,-19.0858,-177.6396,5.6
15.077915277777779,5.290000000000001,0.36953424138441676,-0.4178858791139594,50.5968,-130.2621,5.0
3.219513888888889,5.2700000000000005,0.38020462326956983,0.0010626245306867902,7.3229,-75.298,5.0
9.561254444444446,5.29,0.37549966711037286,-0.27658137077398987,8.473,125.927,5.3
10.601491944444444,5.35,0.40620192023180235,-0.44767600736553415,30.5023,141.8517,5.8
8.461596944444445,5.44,0.41952353926806957,-0.4178858791139594,34.0302,-38.6982,5.9
4.013043055555555,5.470000000000001,0.39454615277135263,-0.4178858791139594,12.1603,143.9297,5.3
1.215358888888889,5.409999999999999,0.36651512019743404,3.615042103327727,19.5156,144.7414,5.3
2.0634180555555557,5.59,0.5425249610233128,0.9325999349574292,47.2996,151.236,6.8
5.9228427777777775,5.54,0.5337498373666267,0.10840638666386115,9.6146,126.2289,5.4
0.45163277777777777,5.51,0.5384133067531851,-0.0655679623253354,37.3695,141.5863,5.3
6.702993055555556,5.51,0.5384133067531851,-0.4178858791139594,-13.8824,-14.4898,5.0
3.289858333333333,5.51,0.5384133067531851,-0.4178858791139594,-13.7767,-14.3932,5.0
3.407223055555556,5.54,0.5337498373666267,-0.4178858791139594,-52.1258,-4.8494,5.6
11.38710138888889,5.51,0.525885496620287,4.872880618536718,-20.4512,-177.8522,5.5
26.389358055555554,5.43,0.5207899981971903,-0.4178858791139594,9.2754,40.0491,5.1
4.593188055555555,5.45,0.5190803834132557,-0.17956485310136142,18.4391,120.9038,5.5
2.7423583333333332,5.470000000000001,0.5165053511608438,-0.4178858791139594,-29.9251,-72.0531,5.5
0.004828055555555556,5.34,0.2270584848790268,-0.4178858791139594,-29.9272,-71.9959,5.5
0.13225833333333334,5.3100000000000005,0.2378141197564982,0.14427370107875712,-17.6555,168.2183,5.1
